1,218,10,0,
, X1, Y1, X2, Y2, X3, Y3, X4, Y4, X5, Y5
BA AN 07-13 001.jpg,23.29590,61.27540 ,41.84020,79.06080 ,54.11510,85.52820 ,35.47180,54.80800 ,26.03460,53.58710 
BA AN 07-13 002.jpg,49.36350,36.79170 ,70.31660,54.54400 ,79.58880,60.02150 ,68.20480,34.77880 ,53.68610,31.21520 
BA AN 07-13 003.jpg,54.74200,44.01800 ,62.66130,48.07660 ,86.15520,50.38640 ,71.07550,37.81460 ,55.83090,38.67250 
BA AN 07-13 005.jpg,36.89060,73.61630 ,57.54680,60.05450 ,66.85190,51.57430 ,38.54050,59.72460 ,32.60100,68.00680 
BA AN 07-13 006.jpg,29.07040,70.81160 ,52.92720,68.79870 ,68.53480,65.92800 ,40.94930,57.67880 ,29.46630,63.12330 
BA AN 07-13 007.jpg,28.67440,70.08560 ,56.02890,69.09570 ,71.50450,67.47890 ,41.04830,55.07200 ,27.05750,62.23230 
BA AN 07-13 008.jpg,31.90810,72.23040 ,53.98310,64.24520 ,66.65390,57.54680 ,29.86230,64.08020 ,25.73770,68.66680 
BA AN 07-13 011.jpg,25.53970,71.40550 ,40.38830,72.13140 ,68.56780,69.65670 ,25.96860,62.00140 ,20.65610,64.54210 
BA AN 07-13 012.jpg,31.71010,71.47150 ,55.33600,68.17180 ,70.18460,64.14620 ,34.48190,60.64850 ,28.34440,64.24520 
BA AN 07-13 014.jpg,28.37740,69.88760 ,52.79520,68.50180 ,65.69700,64.50910 ,41.74120,55.92990 ,27.75050,62.10040 
BA AN 07-13 015.jpg,28.34440,70.21760 ,41.41120,69.02970 ,68.13880,61.27540 ,31.64410,59.09760 ,25.80370,63.38720 
BA FN4 07-15 002.jpg,36.23070,71.24050 ,56.58990,64.34420 ,64.34420,59.59260 ,39.10140,59.88960 ,30.98420,67.11590 
BA FN4 07-15 003.jpg,31.67710,67.24790 ,40.48730,67.44590 ,65.07010,67.80880 ,36.23070,59.82360 ,29.76330,61.70440 
BA FN5 07-26 001.jpg,61.01150,51.11240 ,67.70980,44.87590 ,75.10120,30.88520 ,60.31850,41.44420 ,56.35890,48.34060 
BA FN5 07-26 002.jpg,32.20510,68.83170 ,48.17560,65.07010 ,55.43500,62.26530 ,36.65970,61.07740 ,30.02730,63.84920 
BA FN5 07-26 008.jpg,34.84480,63.38720 ,46.78970,71.76850 ,55.36900,72.06540 ,42.79710,60.02150 ,36.49470,58.93260 
BA FN8 07-16 001.jpg,28.47640,74.37520 ,51.87130,66.62090 ,66.35700,59.19660 ,28.64140,63.78320 ,23.52690,68.73280 
BA FN8 07-16 002.jpg,36.03270,72.03250 ,53.81810,59.46060 ,61.93540,51.04640 ,38.14450,59.85660 ,32.07310,67.74280 
BA FN8 07-16 003.jpg,30.29120,68.69980 ,54.61000,70.11860 ,67.34690,68.40280 ,37.48460,55.63290 ,28.31140,61.34140 
BA FN8 07-16 004.jpg,32.63400,70.87760 ,53.71910,69.55770 ,65.89500,66.19200 ,39.95940,58.76770 ,30.48920,65.00410 
BH FN 06-06 001.jpg,36.39570,68.13880 ,48.73660,68.93070 ,73.71530,62.49630 ,39.86040,59.79060 ,33.03000,62.03440 
BH FN1 06-28 001.jpg,29.26830,68.36980 ,40.15730,69.09570 ,61.50640,68.73280 ,41.31220,61.20940 ,30.32420,62.99130 
BH FN1 06-28 004.jpg,33.16200,66.25800 ,42.26920,66.58790 ,58.20670,65.33410 ,38.73850,60.78050 ,32.37010,61.24240 
BH FN3  06-28 008.jpg,30.72020,66.12600 ,39.53040,67.67680 ,61.53940,70.01960 ,37.41860,59.42760 ,28.67440,61.70440 
BH FN3 06-28 002.jpg,31.28120,72.46140 ,42.00520,68.69980 ,65.03710,55.30300 ,37.74860,60.35150 ,27.18950,67.51190 
BH FN3 06-28 003.jpg,31.14920,68.93070 ,41.31220,68.83170 ,65.16910,66.62090 ,35.30680,61.47340 ,29.43330,63.61820 
BH FN3 06-28 004.jpg,31.97410,63.38720 ,42.99510,65.96100 ,61.30840,67.24790 ,38.47450,58.30570 ,31.94110,58.30570 
BH FN4 06-28 002.jpg,28.27840,66.29100 ,42.63210,67.41290 ,61.11040,65.96100 ,40.35530,58.99860 ,29.16930,60.61550 
BH FN4 06-28 003.jpg,29.16930,66.85190 ,42.73110,67.41290 ,66.35700,69.06270 ,37.68260,58.43770 ,30.32420,60.12050 
BH FN4 06-28 004.jpg,32.63400,68.17180 ,43.91900,68.20480 ,63.38720,65.40010 ,40.42130,58.73470 ,32.76600,62.33130 
BH shock 06-06 003.jpg,21.25010,67.64390 ,48.07660,70.08560 ,62.72730,64.31120 ,35.70280,55.92990 ,23.46090,60.12050 
BH shock 06-06 007.jpg,26.69460,65.66400 ,41.01530,68.40280 ,66.22500,66.45600 ,36.19770,55.79790 ,27.84950,57.21680 
CR FN1 07-15 002.jpg,29.69730,67.61090 ,40.78430,66.55490 ,63.55220,63.18930 ,34.67980,60.64850 ,30.45620,61.27540 
CR FN1 07-15 008.jpg,32.53500,67.74280 ,40.98230,68.69980 ,60.02150,68.83170 ,40.12440,59.92260 ,32.33710,63.02430 
CR FN1 07-15 009.jpg,31.97410,71.50450 ,41.84020,68.86470 ,58.83370,63.15630 ,38.01250,62.36430 ,31.24820,65.89500 
CR FN1 07-15 011.jpg,37.18760,64.77310 ,51.40930,65.82900 ,55.17100,65.79600 ,40.48730,61.07740 ,36.49470,60.84650 
CR FN7 07-15 004.jpg,39.00250,67.11590 ,49.13250,67.31390 ,67.94080,67.70980 ,46.03080,61.44040 ,36.39570,62.03440 
CR FN9 07-15 002.jpg,29.69730,67.90780 ,41.27920,66.65390 ,66.85190,63.61820 ,33.42600,60.12050 ,29.63130,61.17640 
CR FN9 07-15 003.jpg,32.73300,67.24790 ,53.38910,67.37990 ,64.50910,66.55490 ,36.06570,59.95550 ,32.00710,61.70440 
CR FN9 07-15 004.jpg,37.15460,65.07010 ,44.21600,64.93810 ,56.82080,64.44310 ,40.09140,60.87950 ,36.46170,61.53940 
FD shock 07-31 003.jpg,31.54510,72.46140 ,42.79710,70.21760 ,62.16630,60.64850 ,39.29940,61.27540 ,29.03740,67.51190 
FD shock 07-31 005.jpg,29.69730,70.28360 ,40.68530,68.36980 ,59.79060,63.45320 ,31.57810,63.42020 ,28.04740,65.59800 
FD shock 07-31 007.jpg,32.60100,67.61090 ,39.20040,66.52200 ,62.16630,64.11320 ,41.47720,57.61280 ,30.48920,60.97850 
FD shock 07-31 008.jpg,37.45160,68.69980 ,51.93730,62.03440 ,57.77770,56.72180 ,39.13440,60.91250 ,34.51490,65.66400 
FD shock 07-31 009.jpg,35.37280,62.26530 ,43.06110,68.56780 ,54.57700,73.02240 ,42.23620,59.29560 ,36.23070,59.32860 
FD shock 07-31 011.jpg,24.51680,68.17180 ,34.81180,69.06270 ,59.88960,68.66680 ,35.10880,58.60270 ,24.35180,63.09030 
FD shock 07-31 012.jpg,29.59830,71.24050 ,40.98230,71.04250 ,66.88490,65.73000 ,32.93100,61.93540 ,27.12350,65.20210 
FD shock 07-31 014.jpg,35.24080,67.31390 ,43.09410,66.81890 ,58.33870,59.85660 ,40.09140,60.08750 ,33.72290,63.05730 
FD shock 07-31 015.jpg,32.40310,66.29100 ,52.53120,65.33410 ,63.12330,63.61820 ,41.74120,57.84370 ,31.74310,62.33130 
FD shock 07-31 016.jpg,32.10610,64.70710 ,41.51020,65.56500 ,61.50640,64.24520 ,36.32970,58.47070 ,32.33710,58.50370 
FD shock 07-31 019.jpg,28.24540,63.28820 ,47.74670,70.94360 ,58.40470,74.11130 ,37.97950,56.02890 ,28.24540,58.40470 
FD shock 07-31 022.jpg,31.61110,69.55770 ,43.29210,68.43580 ,64.90510,64.08020 ,40.52030,58.89960 ,30.98420,63.65120 
FD shock 07-31 024.jpg,37.22060,68.69980 ,43.09410,67.70980 ,58.76770,62.56230 ,39.16740,61.77040 ,35.57080,64.74010 
FD shock 07-31 026.jpg,34.28390,67.08290 ,45.43690,66.65390 ,55.99590,64.57510 ,38.90350,62.03440 ,32.43610,64.24520 
FD shock 07-31 027.jpg,36.92360,70.51460 ,43.75400,67.70980 ,57.57980,60.25250 ,39.86040,63.25520 ,34.94380,67.57790 
FD shock 07-31 029.jpg,35.27380,70.64660 ,42.79710,69.55770 ,59.62560,61.73740 ,40.05840,59.98850 ,33.03000,66.68690 
HB AN 07-10 001.jpg,29.20230,70.38260 ,45.56890,70.48160 ,74.80420,69.75570 ,33.12900,57.24980 ,27.51950,60.08750 
HB AN 07-10 002.jpg,27.65150,67.28090 ,40.15730,69.02970 ,73.74830,73.18730 ,42.13720,54.18110 ,28.34440,57.11780 
HB AN 07-10 003.jpg,25.57270,69.68970 ,36.92360,70.11860 ,71.80150,65.13610 ,27.94850,56.19390 ,22.70190,59.85660 
HB AN 07-10 004.jpg,27.51950,72.16440 ,43.09410,71.27350 ,73.35230,66.29100 ,32.76600,58.76770 ,26.62860,62.49630 
HB AN 07-10 007.jpg,35.47180,73.71530 ,45.86580,70.28360 ,67.84180,54.87400 ,37.12160,59.75760 ,30.52220,66.25800 
HB AN 07-10 008.jpg,31.38010,66.65390 ,46.19580,68.83170 ,75.03520,69.02970 ,39.26640,55.79790 ,31.18220,58.40470 
HB AN 07-10 009.jpg,26.49660,67.04990 ,38.67250,68.07280 ,70.08560,70.77860 ,38.54050,55.10500 ,24.61580,58.23970 
HB AN 07-10 010.jpg,24.28580,65.69700 ,38.70550,67.41290 ,65.53200,68.40280 ,30.02730,55.86390 ,24.25280,57.51380 
HB AN 07-10 011.jpg,25.86960,67.41290 ,40.78430,69.09570 ,65.99400,69.16170 ,39.13440,54.87400 ,26.16660,58.60270 
HB AN 07-24 001.jpg,23.92280,60.94550 ,36.62670,67.54490 ,62.49630,80.84260 ,38.47450,51.40930 ,25.83670,52.39920 
HB AN 07-24 002.jpg,39.66240,67.67680 ,61.04450,72.26340 ,76.68500,68.17180 ,41.64220,56.88680 ,36.89060,60.61550 
HB AN 07-24 003.jpg,30.39020,68.23780 ,42.86310,70.51460 ,68.20480,71.14150 ,39.36540,58.76770 ,30.35720,61.14340 
HB AN 07-24 004.jpg,35.50480,68.89770 ,49.42950,69.62370 ,78.36790,66.39000 ,45.40390,55.59990 ,34.38290,62.49630 
HB AN 07-24 005.jpg,28.64140,73.41830 ,39.59640,71.43850 ,67.80880,60.68150 ,37.35260,58.70170 ,25.37470,65.56500 
HB AN 07-24 006.jpg,29.16930,68.86470 ,40.09140,70.81160 ,67.08290,72.56040 ,34.01990,58.63570 ,27.42050,61.01150 
HB AN 07-24 007.jpg,29.63130,68.83170 ,42.30220,71.17450 ,70.05260,72.85740 ,34.97680,56.22690 ,29.10340,60.74750 
HB AN 07-24 008.jpg,35.57080,67.84180 ,47.84570,72.65940 ,74.14430,74.67220 ,37.97950,57.51380 ,33.72290,59.16360 
HB AN 07-24 009.jpg,25.17670,66.68690 ,35.20780,67.87480 ,64.74010,65.03710 ,23.03190,53.32320 ,18.14840,59.72460 
HB AN 07-24 010.jpg,30.48920,68.50180 ,43.55600,68.89770 ,72.36240,65.69700 ,39.92640,58.56970 ,31.05020,60.31850 
HB AN 07-24 011.jpg,27.68450,65.43310 ,39.62940,67.18190 ,67.80880,65.16910 ,29.46630,56.78780 ,27.02450,58.99860 
HB AN 07-24 012.jpg,32.46900,63.88220 ,39.26640,66.62090 ,63.61820,77.60890 ,45.93180,56.75480 ,35.73580,57.71180 
HB AN 07-24 013.jpg,24.84670,68.56780 ,48.34060,70.74560 ,63.22230,70.25060 ,29.10340,57.44780 ,24.78070,62.85930 
HB AN 07-24 014.jpg,35.14180,69.39270 ,46.85570,70.67960 ,69.16170,67.80880 ,35.99970,60.64850 ,32.89800,61.93540 
HB AN 07-24 015.jpg,33.85490,70.08560 ,44.74390,68.89770 ,69.72270,61.86940 ,34.87780,59.65860 ,30.68720,62.69430 
HB FN3 07-08 001.jpg,29.10340,67.31390 ,40.12440,69.39270 ,68.79870,68.96370 ,35.37280,57.51380 ,28.70740,60.28550 
HB FN9 07-08 002.jpg,31.51210,66.29100 ,41.70820,68.89770 ,64.44310,68.17180 ,35.33980,57.74480 ,31.14920,59.42760 
LC shock 07-17 001.jpg,38.47450,68.13880 ,45.00790,68.10580 ,59.72460,63.81620 ,40.38830,62.59530 ,36.62670,63.81620 
LC shock 07-17 004.jpg,33.49200,67.11590 ,44.97490,67.01690 ,62.39730,65.43310 ,44.44700,61.77040 ,34.08590,62.26530 
LC shock 07-17 006.jpg,32.04010,67.04990 ,43.58900,65.89500 ,60.68150,61.27540 ,35.57080,61.27540 ,31.31420,61.80340 
LC shock 07-17 008.jpg,32.30410,68.27080 ,45.79980,67.41290 ,68.53480,63.12330 ,34.48190,61.37440 ,29.66430,62.69430 
LC shock 07-17 012.jpg,34.81180,70.81160 ,43.22610,67.14890 ,59.85660,57.05180 ,36.92360,63.35420 ,32.93100,65.73000 
LC shock 07-17 013.jpg,35.50480,66.95090 ,44.84290,67.47890 ,65.43310,66.68690 ,38.57350,57.24980 ,32.37010,61.04450 
LC shock 07-17 017.jpg,35.99970,65.86200 ,46.98770,66.81890 ,64.90510,66.52200 ,39.72840,60.84650 ,35.43880,60.61550 
LC shock 07-17 019.jpg,32.99700,68.23780 ,46.88870,68.73280 ,65.13610,67.11590 ,36.42870,59.59260 ,29.96130,62.33130 
LC shock 07-17 021.jpg,34.64690,66.52200 ,49.99050,65.26810 ,57.48080,63.12330 ,37.45160,58.70170 ,33.55790,62.13340 
LC shock 07-17 026.jpg,33.75590,71.27350 ,43.49000,68.99670 ,60.38450,61.80340 ,36.95660,62.29830 ,30.91820,66.71990 
LC shock 07-17 029.jpg,30.02730,70.77860 ,41.41120,68.89770 ,60.35150,62.79330 ,31.97410,63.35420 ,27.88250,65.30110 
LC shock 07-18 001.jpg,26.92560,66.78590 ,37.48460,67.08290 ,55.50100,64.14620 ,31.57810,59.22960 ,25.93560,61.07740 
LT FN 06-05 001.jpg,26.62860,61.67140 ,40.42130,69.72270 ,65.40010,76.85000 ,46.12980,54.87400 ,30.39020,53.95010 
LT FN 06-05 003.jpg,28.74040,74.14430 ,37.55060,71.57050 ,62.16630,53.15820 ,26.49660,65.69700 ,22.80090,70.67960 
LT FN 06-05 004.jpg,30.22530,66.75290 ,43.78700,68.96370 ,64.90510,63.22230 ,38.47450,57.38180 ,31.11620,59.39460 
LT FN 06-05 005.jpg,26.23260,68.96370 ,39.92640,71.43850 ,64.04720,70.44860 ,38.11150,57.18380 ,25.57270,62.19930 
LT FN 06-05 007.jpg,32.37010,65.40010 ,43.02810,67.47890 ,64.31120,68.73280 ,38.67250,56.19390 ,32.56800,58.40470 
LT FN 06-05 008.jpg,28.70740,65.76300 ,40.88330,68.33680 ,61.80340,70.15160 ,39.99240,55.00600 ,28.77340,57.97570 
LT FN 06-05 009.jpg,28.60840,65.56500 ,39.36540,66.88490 ,61.27540,66.95090 ,37.88060,56.12790 ,30.22530,59.13060 
LT FN 06-05 011.jpg,27.71750,67.51190 ,39.16740,69.92060 ,67.80880,67.87480 ,32.27110,56.39190 ,27.58550,59.59260 
LT FN 06-05 012.jpg,31.31420,65.79600 ,41.18030,66.39000 ,57.57980,64.64110 ,39.56340,59.29560 ,31.67710,60.12050 
LT FN 06-05 013.jpg,23.79080,61.40740 ,33.29400,65.00410 ,57.54680,72.13140 ,33.42600,55.20400 ,25.04470,54.80800 
LT FN 06-05 015.jpg,29.40030,62.13340 ,39.59640,68.99670 ,62.39730,76.42110 ,39.13440,54.84100 ,32.86500,55.27000 
LT shock 07-25 001.jpg,26.72760,66.75290 ,38.54050,67.34690 ,60.45050,66.62090 ,37.97950,58.66870 ,26.99150,60.58250 
LT shock 07-25 002.jpg,33.42600,66.12600 ,40.28930,66.06000 ,55.07200,63.18930 ,40.42130,59.13060 ,33.29400,62.46330 
LT shock 07-25 003.jpg,31.97410,62.69430 ,39.53040,66.22500 ,56.98580,70.11860 ,40.91630,56.58990 ,33.65690,58.00870 
LT shock 07-25 004.jpg,32.66700,60.41750 ,45.93180,68.79870 ,52.36620,70.77860 ,40.55330,56.12790 ,33.75590,58.50370 
LT shock 07-25 005.jpg,30.06030,66.62090 ,50.71640,67.44590 ,58.66870,66.15900 ,33.88790,59.95550 ,29.99430,61.14340 
LT shock 07-25 012.jpg,32.93100,66.55490 ,39.16740,66.29100 ,58.33870,63.55220 ,39.82740,59.36160 ,31.08320,62.79330 
LT shock 07-25 014.jpg,34.31690,66.25800 ,41.51020,69.22770 ,55.17100,67.14890 ,43.16010,61.37440 ,33.62390,63.32120 
MC FN7  06-29 011.jpg,29.20230,65.73000 ,50.81540,67.08290 ,67.37990,65.89500 ,42.20320,58.04170 ,29.43330,59.88960 
MC FN7 06-29 001.jpg,23.92280,65.76300 ,35.83470,67.14890 ,64.47610,63.28820 ,30.22530,50.18840 ,22.83390,57.18380 
MC FN7 06-29 003.jpg,33.29400,71.33950 ,59.65860,67.41290 ,72.59340,63.94820 ,35.30680,61.04450 ,29.69730,64.70710 
MC FN7 06-29 005.jpg,28.54240,68.10580 ,52.76220,67.94080 ,65.20210,64.14620 ,32.37010,57.34880 ,24.84670,60.97850 
MC FN7 06-29 006.jpg,33.29400,64.83910 ,44.18300,66.65390 ,68.30380,69.72270 ,41.27920,56.91980 ,33.49200,57.90970 
MC FN7 06-29 007.jpg,31.05020,78.69780 ,42.66510,71.73550 ,64.14620,52.16830 ,28.11340,70.18460 ,24.84670,74.96920 
MC FN7 06-29 009.jpg,26.16660,61.70440 ,39.59640,67.77580 ,67.74280,74.47420 ,38.57350,52.79520 ,26.56260,54.24710 
MC FN7 06-29 010.jpg,29.86230,74.01230 ,42.99510,72.65940 ,68.53480,67.28090 ,32.70000,62.16630 ,26.26560,66.95090 
MC FN7 06-29 014.jpg,24.41780,66.25800 ,35.70280,68.83170 ,61.67140,68.53480 ,33.95390,57.15080 ,23.22990,59.49360 
MC FN8 06-29 002.jpg,31.38010,66.71990 ,43.35810,69.29370 ,66.88490,71.60350 ,41.80720,56.55690 ,31.34720,60.18650 
MC FN8 06-29 003.jpg,28.87240,73.94630 ,50.88140,67.97380 ,62.39730,62.79330 ,36.29670,60.58250 ,25.57270,68.53480 
MC FN8 06-29 004.jpg,31.57810,60.58250 ,50.05640,69.42570 ,62.13340,73.48430 ,40.45430,55.99590 ,32.56800,54.84100 
MC FN8 06-29 005.jpg,34.34990,65.00410 ,44.21600,66.98390 ,64.34420,66.98390 ,45.13990,57.64580 ,35.24080,59.22960 
MC FN8 06-29 006.jpg,30.68720,62.95830 ,42.26920,68.63380 ,67.84180,74.63920 ,39.43140,56.32590 ,32.30410,56.02890 
MC FN8 06-29 007.jpg,25.44070,67.04990 ,37.25360,70.48160 ,66.15900,73.55030 ,39.20040,57.74480 ,25.37470,59.59260 
MC FN8 06-29 008.jpg,32.99700,62.49630 ,42.86310,68.40280 ,62.43030,75.79410 ,40.88330,56.06190 ,33.26100,55.20400 
MC FN8 06-29 015.jpg,35.24080,64.60810 ,50.08940,65.49900 ,56.12790,65.26810 ,43.75400,58.80070 ,35.47180,60.21950 
MK shock 07-26 001.jpg,28.17940,71.47150 ,41.27920,69.52470 ,64.04720,64.11320 ,36.59370,58.60270 ,26.99150,65.79600 
MK shock 07-26 005.jpg,32.73300,62.62830 ,45.96480,65.96100 ,57.38180,69.09570 ,44.67790,60.18650 ,34.51490,57.74480 
MK shock 07-26 015.jpg,31.47910,62.56230 ,43.75400,67.41290 ,62.13340,72.75840 ,41.11430,57.51380 ,33.45900,56.32590 
MK shock 07-31  011.jpg,30.98420,60.12050 ,36.75870,63.81620 ,51.70630,70.51460 ,38.73850,58.10770 ,32.20510,56.25990 
MK shock 07-31 001.jpg,32.20510,69.82170 ,43.25910,70.41560 ,64.21220,64.83910 ,33.78890,61.77040 ,28.50940,64.41010 
MK shock 07-31 003.jpg,34.97680,63.18930 ,51.27730,70.38260 ,60.97850,71.40550 ,44.77690,56.39190 ,36.46170,58.53670 
MK shock 07-31 005.jpg,35.96670,71.10850 ,44.90890,67.70980 ,62.16630,57.81070 ,39.95940,61.90240 ,34.48190,65.99400 
MK shock 07-31 006.jpg,27.58550,59.88960 ,37.64960,66.42300 ,61.34140,69.32670 ,37.02260,55.27000 ,28.80640,54.70900 
MK shock 07-31 007.jpg,35.90070,71.90050 ,41.70820,69.45870 ,57.61280,56.62290 ,38.54050,62.23230 ,33.26100,68.00680 
MK shock 07-31 009.jpg,31.51210,71.80150 ,41.64220,68.66680 ,58.23970,60.02150 ,32.53500,63.22230 ,29.30130,67.14890 
MK shock 07-31 013.jpg,30.12630,71.90050 ,54.47800,68.13880 ,63.88220,62.99130 ,32.30410,64.47610 ,28.21240,67.08290 
MK shock 07-31 014.jpg,29.03740,68.30380 ,44.67790,66.25800 ,52.79520,61.90240 ,38.07850,62.39730 ,28.77340,65.63100 
OB FN 06-07 001.jpg,32.66700,70.44860 ,43.85300,69.32670 ,67.41290,65.26810 ,35.73580,61.30840 ,31.21520,65.13610 
OB FN 06-07 002.jpg,53.02620,33.82190 ,59.88960,44.05100 ,72.65940,60.71450 ,68.20480,35.04280 ,57.44780,29.92830 
OB FN 06-07 004.jpg,24.74780,65.36710 ,38.30950,70.18460 ,63.15630,80.14970 ,40.09140,57.08480 ,26.59560,57.41480 
OB FN 06-07 005.jpg,34.41590,71.10850 ,43.32510,67.67680 ,56.62290,57.28280 ,37.74860,63.15630 ,32.37010,66.52200 
OB FN 06-07 006.jpg,27.22250,61.11040 ,36.82470,65.53200 ,57.87670,72.75840 ,39.46440,55.33600 ,29.23530,55.53400 
OB FN 06-07 007.jpg,26.39760,66.42300 ,37.41860,69.29370 ,62.82630,68.66680 ,39.10140,55.79790 ,28.54240,60.15350 
OB FN 06-07 008.jpg,30.58820,70.77860 ,51.54130,69.39270 ,63.51920,63.61820 ,39.16740,59.19660 ,32.07310,62.19930 
OB FN 06-07 011.jpg,31.11620,60.15350 ,39.16740,64.31120 ,57.05180,68.20480 ,40.78430,56.88680 ,32.63400,55.30300 
OB FN 06-07 012.jpg,24.74780,71.30650 ,38.63950,71.99950 ,65.13610,62.72730 ,34.91080,58.10770 ,25.17670,63.09030 
OB FN 06-07 014.jpg,32.04010,75.13420 ,52.79520,65.40010 ,62.66130,58.83370 ,36.69270,60.64850 ,30.09330,70.34960 
OB FN 06-07 015.jpg,31.24820,61.77040 ,39.39840,65.92800 ,56.52390,72.49440 ,41.21330,57.97570 ,33.68990,57.08480 
OB shock 07-11 001.jpg,32.23810,68.56780 ,49.62750,68.43580 ,62.82630,67.47890 ,40.68530,59.29560 ,30.58820,61.73740 
OB shock 07-11 002.jpg,31.31420,65.03710 ,50.32040,66.48900 ,60.78050,65.40010 ,40.38830,59.79060 ,32.83200,60.68150 
OB shock 07-11 003.jpg,38.30950,69.85460 ,47.41670,66.98390 ,65.30110,56.19390 ,38.50750,62.39730 ,34.08590,65.89500 
OB shock 07-11 005.jpg,30.06030,66.52200 ,43.25910,68.27080 ,58.83370,69.45870 ,36.23070,58.63570 ,30.42320,59.55960 
OB shock 07-11 006.jpg,29.33430,63.48620 ,38.63950,66.95090 ,58.53670,70.61360 ,38.73850,55.96290 ,28.14640,57.24980 
OB shock 07-11 008.jpg,29.33430,65.13610 ,40.02540,66.91790 ,57.31580,67.84180 ,35.00980,58.17370 ,29.66430,59.59260 
OB shock 07-11 010.jpg,33.72290,66.06000 ,46.65780,69.06270 ,67.21490,72.79140 ,39.00250,57.34880 ,32.96400,58.73470 
OB shock 07-11 012.jpg,32.56800,65.23510 ,42.83010,67.47890 ,64.70710,68.53480 ,38.14450,58.80070 ,31.34720,59.65860 
OB shock 07-11 014.jpg,30.65420,68.33680 ,42.56610,69.16170 ,64.93810,69.09570 ,37.94650,59.06460 ,30.68720,61.01150 
PS FN 06-14 001.jpg,30.39020,65.26810 ,37.38560,65.13610 ,54.64300,64.41010 ,42.53310,60.21950 ,31.77610,59.22960 
PS FN 06-14 002.jpg,33.85490,68.03980 ,42.79710,69.16170 ,61.47340,70.97650 ,37.48460,61.80340 ,33.29400,61.77040 
PS FN 06-14 003.jpg,33.49200,68.20480 ,40.12440,68.27080 ,59.19660,66.81890 ,44.41400,60.02150 ,34.31690,62.79330 
PS FN 06-14 005.jpg,33.16200,72.23040 ,41.51020,69.59070 ,57.28280,63.35420 ,35.53780,64.74010 ,31.84210,67.80880 
PS FN 06-14 007.jpg,30.58820,69.62370 ,43.32510,66.71990 ,64.24520,61.67140 ,32.63400,60.48350 ,28.31140,62.46330 
PS FN 06-14 008.jpg,32.53500,66.85190 ,39.82740,68.10580 ,58.40470,68.36980 ,43.78700,60.28550 ,32.07310,61.04450 
PS FN 06-14 010.jpg,32.89800,66.98390 ,41.87320,66.78590 ,60.87950,63.88220 ,38.70550,58.56970 ,31.71010,61.47340 
PS FN 06-14 012.jpg,34.74580,70.77860 ,46.19580,68.89770 ,64.77310,64.24520 ,40.19030,59.62560 ,32.76600,66.85190 
PS FN 06-14 013.jpg,33.65690,68.63380 ,42.20320,68.53480 ,61.60540,64.77310 ,38.27650,60.38450 ,32.13910,63.22230 
PS FN 06-14 014.jpg,30.39020,67.51190 ,39.23340,67.80880 ,64.14620,66.88490 ,32.79900,58.63570 ,29.26830,61.07740 
PS FN 06-14 018.jpg,33.75590,71.90050 ,41.01530,69.62370 ,60.48350,61.37440 ,35.27380,62.69430 ,30.58820,67.57790 
PS FN 06-14 019.jpg,32.37010,68.63380 ,41.97220,69.65670 ,61.90240,65.13610 ,37.55060,61.63840 ,32.20510,63.55220 
PS FN 06-14 024.jpg,34.64690,71.37250 ,42.30220,68.63380 ,58.63570,58.93260 ,39.62940,58.47070 ,32.46900,66.78590 
PS FN 06-14 027.jpg,30.62120,65.86200 ,47.74670,68.20480 ,54.74200,66.81890 ,37.68260,57.41480 ,30.78620,60.31850 
RS FN4 002.jpg,29.56530,64.97110 ,55.46800,65.89500 ,67.54490,64.01420 ,38.27650,57.94270 ,28.87240,58.40470 
RS FN4 07-19 001.jpg,32.17210,76.58600 ,45.04090,68.53480 ,69.26070,51.44230 ,33.82190,64.50910 ,27.09050,69.95360 
RS FN4 07-19 007.jpg,29.00440,71.27350 ,42.96210,68.76570 ,69.42570,61.30840 ,39.92640,58.66870 ,26.95850,64.44310 
RS FN4 07-19 008.jpg,27.25550,66.19200 ,52.03630,68.89770 ,65.99400,68.03980 ,43.49000,57.64580 ,26.33160,59.42760 
RS FN4 07-19 009.jpg,27.68450,64.97110 ,39.69540,69.35970 ,67.67680,69.19470 ,48.60460,58.50370 ,27.28850,58.04170 
RS FN4 07-19 010.jpg,25.37470,69.19470 ,49.59450,67.70980 ,64.08020,65.00410 ,39.10140,60.05450 ,22.96590,62.92530 
RS FN4 07-19 011.jpg,28.27840,68.20480 ,43.32510,68.40280 ,70.41560,65.43310 ,42.66510,57.54680 ,27.45350,60.87950 
RS FN4 07-19 012.jpg,23.46090,72.56040 ,37.25360,69.62370 ,65.23510,62.49630 ,37.02260,59.55960 ,22.86690,65.59800 
RS FN4 07-19 013.jpg,29.53230,71.60350 ,41.01530,70.81160 ,64.08020,64.31120 ,32.73300,64.50910 ,28.93840,65.63100 
RS FN4(2) 07-20 002.jpg,26.52960,68.99670 ,38.93650,68.66680 ,65.53200,62.29830 ,30.35720,59.72460 ,23.88980,62.33130 
RS FN5 07-21 002.jpg,32.99700,66.81890 ,46.98770,64.14620 ,67.47890,56.78780 ,38.07850,58.10770 ,30.55520,61.60540 
RS FN8 07-20 001.jpg,27.68450,62.72730 ,40.35530,67.57790 ,66.91790,77.24600 ,42.00520,58.73470 ,27.88250,56.19390 
RS FN8 07-20 002.jpg,33.06300,78.30190 ,54.28010,63.38720 ,65.73000,55.50100 ,31.94110,67.64390 ,28.74040,72.65940 
SQ FN3 06-13 001.jpg,19.23730,68.60080 ,36.03270,71.20750 ,63.15630,66.71990 ,26.33160,55.23700 ,18.11540,58.99860 
SQ FN3 06-13 002.jpg,24.35180,67.77580 ,41.18030,67.51190 ,68.00680,63.48620 ,31.54510,55.33600 ,21.81100,58.76770 
SQ FN9 06-20 003.jpg,32.53500,66.58790 ,41.80720,68.83170 ,60.05450,72.72540 ,41.97220,61.20940 ,33.68990,61.50640 
SQ FN9 06-20 004.jpg,29.43330,64.34420 ,38.14450,65.86200 ,59.59260,68.13880 ,40.48730,59.16360 ,29.73030,58.73470 
SQ FN9 06-20 005.jpg,31.80910,69.62370 ,51.87130,66.32400 ,62.59530,62.43030 ,39.56340,59.52660 ,30.39020,63.55220 
SQ FN9 06-20 008.jpg,25.77070,66.88490 ,37.22060,68.13880 ,58.20670,64.87210 ,36.89060,58.43770 ,26.16660,60.54950 
SQ FN9 06-20 011.jpg,28.41040,67.51190 ,41.01530,68.17180 ,63.42020,65.23510 ,35.40580,58.83370 ,28.47640,60.51650 
SQ FN9 06-20 012.jpg,28.80640,66.15900 ,40.88330,67.57790 ,62.10040,68.56780 ,34.11890,59.52660 ,27.71750,60.12050 
SQ FN9 06-20 014.jpg,31.24820,68.17180 ,44.97490,68.10580 ,61.47340,64.50910 ,38.70550,59.16360 ,30.09330,61.17640 
SQ FN9 06-20 017.jpg,30.42320,65.89500 ,41.11430,68.79870 ,60.97850,67.90780 ,39.53040,59.49360 ,30.81920,59.69160 
SQ FN9 06-20 020.jpg,27.91550,69.42570 ,48.96750,68.10580 ,58.33870,66.15900 ,33.45900,61.40740 ,26.76060,63.58520 
SQ FN9 06-20 021.jpg,30.62120,66.52200 ,40.94930,67.14890 ,58.70170,64.57510 ,38.44150,60.35150 ,30.88520,61.53940 
SQ FN9 06-20 022.jpg,31.51210,63.65120 ,49.09950,67.04990 ,57.41480,64.74010 ,42.86310,58.37170 ,32.96400,58.96560 
SQ FN9 06-20 024.jpg,31.11620,64.90510 ,48.70360,68.30380 ,57.51380,68.27080 ,38.47450,59.19660 ,32.04010,59.82360 
TO FN1 06-05 001.jpg,18.78290,65.25800 ,32.24670,68.98130 ,61.53460,71.34160 ,32.94480,53.95500 ,18.71640,56.01610 
TO FN1 06-05 003.jpg,21.01910,66.48900 ,48.50560,69.55770 ,65.03710,71.10850 ,30.68720,55.92990 ,24.21980,58.07470 
TO FN1 06-05 004.jpg,28.77340,66.02700 ,39.33240,67.80880 ,63.02430,68.17180 ,35.30680,59.82360 ,30.48920,60.18650 
TO FN1 06-05 006.jpg,19.86420,66.81890 ,36.89060,70.48160 ,64.08020,70.34960 ,34.61390,54.31310 ,22.47100,57.84370 
TO FN1 06-05 007.jpg,24.08780,66.22500 ,38.96950,68.30380 ,69.09570,67.21490 ,33.75590,55.73190 ,24.91270,58.23970 
TO FN1 06-05 008.jpg,27.58550,70.48160 ,53.25720,65.79600 ,63.75020,63.28820 ,37.02260,59.55960 ,26.49660,63.91520 
TO FN1 06-05 010.jpg,27.38750,62.72730 ,37.05560,66.52200 ,54.28010,71.50450 ,39.39840,60.71450 ,29.86230,58.17370 
TO FN1 06-05 012.jpg,31.14920,67.90780 ,45.33790,69.06270 ,52.43220,68.60080 ,40.48730,62.66130 ,32.04010,64.08020 
TO FN1 06-05 013.jpg,25.63870,66.06000 ,41.67520,68.53480 ,72.29640,72.19740 ,37.94650,54.24710 ,24.12080,57.90970 
TO FN1 06-05 014.jpg,24.51680,67.51190 ,37.48460,68.79870 ,59.03160,68.10580 ,29.89530,59.92260 ,23.85680,60.48350 
TO shock 07-18 002.jpg,28.83940,65.43310 ,47.64770,68.07280 ,56.75480,65.96100 ,32.53500,59.36160 ,28.31140,59.85660 
TO shock 07-18 006.jpg,34.18490,67.18190 ,43.25910,67.14890 ,58.50370,62.72730 ,37.02260,61.40740 ,32.53500,62.95830 
TO shock 07-18 008.jpg,29.79630,68.07280 ,41.44420,67.67680 ,62.92530,63.55220 ,35.40580,60.45050 ,29.89530,62.03440 
TO shock 07-18 010.jpg,33.03000,65.86200 ,51.34330,63.38720 ,55.13800,61.01150 ,36.49470,61.50640 ,32.30410,62.66130 
TO shock 07-18 012.jpg,32.20510,68.00680 ,41.77420,68.17180 ,60.71450,64.27820 ,40.75130,59.75760 ,30.48920,64.01420 
TO shock 07-18 013.jpg,35.30680,69.35970 ,51.31030,66.71990 ,56.58990,63.45320 ,40.94930,60.84650 ,33.88790,64.90510 
