"eyewidth","fishIDeye","lakeID","fishLength","DOClevel","DOC","basin","area","maxDepth","eyewidth.ss","fitted"
10.96907256,"BA AN 001 07-13.jpg","Bay",156.572298526272,"low",7.4,4,67.33,12.2,8.79628248568514,2.19290095814525
10.76528553,"BA AN 002 07-13.jpg","Bay",152.851361344935,"low",7.4,4,67.33,12.2,8.76396269774943,2.19290095814525
10.39375431,"BA AN 003 07-13.jpg","Bay",118.472150846433,"low",7.4,4,67.33,12.2,9.92630809190276,2.19290095814525
9.708220166,"BA AN 004 07-13.jpg","Bay",120.08622474289,"low",7.4,4,67.33,12.2,9.19331562250902,2.19290095814525
10.61727328,"BA AN 005 07-13.jpg","Bay",138.652594745609,"low",7.4,4,67.33,12.2,9.18800019578376,2.19290095814525
9.797888765,"BA AN 006 07-13.jpg","Bay",143.963665305173,"low",7.4,4,67.33,12.2,8.28152976723588,2.19290095814525
11.23920719,"BA AN 007 07-13.jpg","Bay",153.849120203984,"low",7.4,4,67.33,12.2,9.11255003187913,2.19290095814525
9.353907734,"BA AN 008 07-13.jpg","Bay",125.58363871321,"low",7.4,4,67.33,12.2,8.61278703825891,2.19290095814525
11.44177549,"BA AN 009 07-13.jpg","Bay",164.198882914501,"low",7.4,4,67.33,12.2,8.9059269291835,2.19290095814525
10.71476146,"BA AN 010 07-13.jpg","Bay",148.372707517859,"low",7.4,4,67.33,12.2,8.88691025924248,2.19290095814525
11.03391888,"BA AN 011 07-13.jpg","Bay",164.586375359384,"low",7.4,4,67.33,12.2,8.57578738514485,2.19290095814525
10.75952702,"BA AN 012 07-13.jpg","Bay",145.759557957103,"low",7.4,4,67.33,12.2,9.02396258874768,2.19290095814525
9.552482719,"BA AN 013 07-13.jpg","Bay",127.904687359299,"low",7.4,4,67.33,12.2,8.6952669343255,2.19290095814525
10.87019098,"BA AN 014 07-13.jpg","Bay",138.137085051227,"low",7.4,4,67.33,12.2,9.42885395711371,2.19290095814525
11.03940951,"BA AN 015 07-13.jpg","Bay",146.263545934043,"low",7.4,4,67.33,12.2,9.23869376369412,2.19290095814525
8.554889989,"BA FN4 001.jpg","Bay",95.1196107593487,"low",7.4,4,67.33,12.2,9.37514728415912,2.19290095814525
8.667484427,"BA FN4 002.jpg","Bay",115.585767400013,"low",7.4,4,67.33,12.2,8.4066110869597,2.19290095814525
9.479685124,"BA FN4 003.jpg","Bay",122.578964530298,"low",7.4,4,67.33,12.2,8.86206746053362,2.19290095814525
7.723743214,"BA FN5 001 07-26.jpg","Bay",83.2941403596316,"low",7.4,4,67.33,12.2,9.1985883584908,2.19290095814525
7.98587095,"BA FN5 002 07-26.jpg","Bay",97.6188122133229,"low",7.4,4,67.33,12.2,8.61048776037286,2.19290095814525
8.244008524,"BA FN5 003 07-26.jpg","Bay",106.155685737694,"low",7.4,4,67.33,12.2,8.43388863281615,2.19290095814525
6.682056744,"BA FN5 004 07-26.jpg","Bay",64.3362542350734,"low",7.4,4,67.33,12.2,9.35593849658207,2.19290095814525
7.926496909,"BA FN5 005 07-26.jpg","Bay",90.6686635133661,"low",7.4,4,67.33,12.2,8.95132373364079,2.19290095814525
7.558280895,"BA FN5 006 07-26.jpg","Bay",76.9524699694558,"low",7.4,4,67.33,12.2,9.45949474336377,2.19290095814525
7.945933133,"BA FN5 007 07-26.jpg","Bay",77.4030527724844,"low",7.4,4,67.33,12.2,9.90834089880332,2.19290095814525
8.1390964,"BA FN5 008 07-26.jpg","Bay",88.596736773879,"low",7.4,4,67.33,12.2,9.32552673904186,2.19290095814525
9.677387035,"BA FN8 001 07-16.jpg","Bay",137.685830708937,"low",7.4,4,67.33,12.2,8.41143965786428,2.19290095814525
9.083350333,"BA FN8 002 07-16.jpg","Bay",115.729081480542,"low",7.4,4,67.33,12.2,8.80312206552369,2.19290095814525
10.40487884,"BA FN8 003 07-16.jpg","Bay",147.291923514665,"low",7.4,4,67.33,12.2,8.66951840501788,2.19290095814525
9.05692974,"BA FN8 004 07-16.jpg","Bay",117.772272756282,"low",7.4,4,67.33,12.2,8.6817804721721,2.19290095814525
10.59610844,"BH Electro 003 06-06.jpg","Birch",141.387006339656,"high",10.9,7,204.76,13.7,9.05814969226317,2.21516833528432
8.306419266,"BH Electro 004 06-06.jpg","Birch",122.637091422661,"high",10.9,7,204.76,13.7,7.76293528073358,2.21516833528432
10.58245223,"BH Electro 005 06-06.jpg","Birch",134.43930527171,"high",10.9,7,204.76,13.7,9.3366799280718,2.21516833528432
11.25537061,"BH Electro 006 06-06.jpg","Birch",149.068198594133,"high",10.9,7,204.76,13.7,9.30797868523264,2.21516833528432
11.28201405,"BH Electro 007 06-06.jpg","Birch",144.712898486382,"high",10.9,7,204.76,13.7,9.5049977907462,2.21516833528432
7.778823399,"BH Electro 008 06-06.jpg","Birch",117.834229828857,"high",10.9,7,204.76,13.7,7.45415776166043,2.21516833528432
11.14420616,"BH FN 001 06-06.jpg","Birch",134.986820547971,"high",10.9,7,204.76,13.7,9.80729395765771,2.21516833528432
8.764661,"BH FN 002 06-06.jpg","Birch",90.9007693580753,"high",10.9,7,204.76,13.7,9.88201022459151,2.21516833528432
8.975974025,"BH FN1 001 06-28.jpg","Birch",103.000296823067,"high",10.9,7,204.76,13.7,9.35800092198672,2.21516833528432
9.723529248,"BH FN1 002 06-28.jpg","Birch",112.955830015985,"high",10.9,7,204.76,13.7,9.56787708113421,2.21516833528432
8.6112113,"BH FN1 003 06-28.jpg","Birch",99.2378174941388,"high",10.9,7,204.76,13.7,9.18952675665335,2.21516833528432
7.872624941,"BH FN1 004 06-28.jpg","Birch",93.2384198275582,"high",10.9,7,204.76,13.7,8.73613809031684,2.21516833528432
6.717824,"BH FN3 001 06-28.jpg","Birch",71.8676190619948,"high",10.9,7,204.76,13.7,8.77562857397443,2.21516833528432
10.33968381,"BH FN3 002 06-28.jpg","Birch",131.5666054168,"high",10.9,7,204.76,13.7,9.24680557389673,2.21516833528432
9.307412817,"BH FN3 003 06-28.jpg","Birch",117.739526908723,"high",10.9,7,204.76,13.7,8.92344308751314,2.21516833528432
8.982109347,"BH FN3 004 06-28.jpg","Birch",107.027643894136,"high",10.9,7,204.76,13.7,9.14200548706576,2.21516833528432
8.397444008,"BH FN3 005 06-28.jpg","Birch",95.7699037736282,"high",10.9,7,204.76,13.7,9.16339796496495,2.21516833528432
8.188020831,"BH FN3 006 06-28.jpg","Birch",90.5717889895634,"high",10.9,7,204.76,13.7,9.25285678652783,2.21516833528432
8.659695,"BH FN3 007 06-28.jpg","Birch",97.1067292787683,"high",10.9,7,204.76,13.7,9.36783954137884,2.21516833528432
9.82834387,"BH FN3 008 06-28.jpg","Birch",102.294684879763,"high",10.9,7,204.76,13.7,10.290882856266,2.21516833528432
8.504837358,"BH FN3 009 06-28.jpg","Birch",96.6223124023121,"high",10.9,7,204.76,13.7,9.22919608425284,2.21516833528432
7.769079603,"BH FN3 010 06-28.jpg","Birch",81.7092100970876,"high",10.9,7,204.76,13.7,9.36464492982643,2.21516833528432
6.193883478,"BH FN3 011 06-28.jpg","Birch",60.7953918915735,"high",10.9,7,204.76,13.7,8.98558594085595,2.21516833528432
7.085982483,"BH FN3 012 06-28.jpg","Birch",77.6057439815507,"high",10.9,7,204.76,13.7,8.8215393921822,2.21516833528432
6.985169871,"BH FN3 013 06-28.jpg","Birch",68.9239079595027,"high",10.9,7,204.76,13.7,9.36717409141137,2.21516833528432
6.620351326,"BH FN4 001 06-28.jpg","Birch",69.0175051697756,"high",10.9,7,204.76,13.7,8.87040266338537,2.21516833528432
10.3424806,"BH FN4 002 06-28.jpg","Birch",113.998995207502,"high",10.9,7,204.76,13.7,10.118463544102,2.21516833528432
10.55378192,"BH FN4 003 06-28.jpg","Birch",122.497429400988,"high",10.9,7,204.76,13.7,9.87029969380127,2.21516833528432
8.819642836,"BH FN4 004 06-28.jpg","Birch",110.995680783083,"high",10.9,7,204.76,13.7,8.77418496726946,2.21516833528432
6.718029009,"CR FN1 001.jpg","Crampton",64.9736583635245,"low",5,4,25.9,18.5,9.34837351488843,2.22338716002176
9.97853525,"CR FN1 002.jpg","Crampton",124.827730333047,"low",5,4,25.9,18.5,9.22275098242073,2.22338716002176
8.764818133,"CR FN1 003.jpg","Crampton",108.588121537349,"low",5,4,25.9,18.5,8.84029436446204,2.22338716002176
6.773560978,"CR FN1 004.jpg","Crampton",64.9022072346542,"low",5,4,25.9,18.5,9.43214941248767,2.22338716002176
7.4017778,"CR FN1 005.jpg","Crampton",83.2392399274525,"low",5,4,25.9,18.5,8.8187866909162,2.22338716002176
7.483751915,"CR FN1 006.jpg","Crampton",77.1095262859266,"low",5,4,25.9,18.5,9.35425957731028,2.22338716002176
5.729307362,"CR FN1 007.jpg","Crampton",61.568964804437,"low",5,4,25.9,18.5,8.24602141747138,2.22338716002176
9.395776312,"CR FN1 008.jpg","Crampton",102.729921772481,"low",5,4,25.9,18.5,9.81181823199639,2.22338716002176
9.657442451,"CR FN1 009.jpg","Crampton",107.226411933488,"low",5,4,25.9,18.5,9.81793859426474,2.22338716002176
5.878096,"CR FN1 010.jpg","Crampton",56.3885861306169,"low",5,4,25.9,18.5,8.93919708913336,2.22338716002176
7.085205,"CR FN1 011.jpg","Crampton",79.4777496058488,"low",5,4,25.9,18.5,8.68980179186731,2.22338716002176
6.665341,"CR FN1 012.jpg","Crampton",66.3941059255263,"low",5,4,25.9,18.5,9.15020789143497,2.22338716002176
7.085205,"CR FN1 013.jpg","Crampton",75.4055271929717,"low",5,4,25.9,18.5,8.98098494342986,2.22338716002176
6.458821626,"CR FN1 014.jpg","Crampton",62.4236588614445,"low",5,4,25.9,18.5,9.21602541914022,2.22338716002176
6.613691011,"CR FN1 015.jpg","Crampton",64.5879257673599,"low",5,4,25.9,18.5,9.23758780970063,2.22338716002176
9.132645233,"CR FN7 001.jpg","Crampton",111.920484901469,"low",5,4,25.9,18.5,9.03845607339657,2.22338716002176
9.458741304,"CR FN7 002.jpg","Crampton",101.884494593535,"low",5,4,25.9,18.5,9.92885391047151,2.22338716002176
6.561214674,"CR FN7 003.jpg","Crampton",62.4763151802345,"low",5,4,25.9,18.5,9.35718360331196,2.22338716002176
10.23633792,"CR FN7 004.jpg","Crampton",117.199394681372,"low",5,4,25.9,18.5,9.84236478379968,2.22338716002176
9.349194993,"CR FN9 001.jpg","Crampton",104.248723114099,"low",5,4,25.9,18.5,9.67379616031009,2.22338716002176
11.54673711,"CR FN9 002.jpg","Crampton",134.625515138142,"low",5,4,25.9,18.5,10.1786163077798,2.22338716002176
10.34128207,"CR FN9 003.jpg","Crampton",119.5567,"low",5,4,25.9,18.5,9.8199582911954,2.22338716002176
7.452586,"CR FN9 004.jpg","Crampton",80.6129055435295,"low",5,4,25.9,18.5,9.05951446208216,2.22338716002176
6.404861556,"CR FN9 005.jpg","Crampton",61.7396415449588,"low",5,4,25.9,18.5,9.20234892855363,2.22338716002176
6.298834656,"CR FN9 006.jpg","Crampton",68.9114885196946,"low",5,4,25.9,18.5,8.44774646169439,2.22338716002176
6.678551971,"CR FN9 007.jpg","Crampton",64.6708259515061,"low",5,4,25.9,18.5,9.32068653784888,2.22338716002176
6.463084875,"CR FN9 008.jpg","Crampton",65.1208522607774,"low",5,4,25.9,18.5,8.9808656730048,2.22338716002176
6.981028173,"CR FN9 009.jpg","Crampton",69.5409129796985,"low",5,4,25.9,18.5,9.30948333272612,2.22338716002176
9.920536517,"CR FN9 010.jpg","Crampton",119.996875415654,"low",5,4,25.9,18.5,9.39875393632483,2.22338716002176
7.981730869,"CR FN9 011.jpg","Crampton",88.3045924579803,"low",5,4,25.9,18.5,9.16417013441423,2.22338716002176
7.242844153,"FD Electro 001.jpg","Found",72.2010369278032,"low",6.21,7,135.97,6.4,9.43406972372214,2.23440116569667
9.561129327,"FD Electro 002.jpg","Found",102.920826975156,"low",6.21,7,135.97,6.4,9.97288352244897,2.23440116569667
8.923499148,"FD Electro 003.jpg","Found",115.461007454118,"low",6.21,7,135.97,6.4,8.66077948970202,2.23440116569667
8.882195382,"FD Electro 004.jpg","Found",106.006614571167,"low",6.21,7,135.97,6.4,9.09477985555494,2.23440116569667
9.356704802,"FD Electro 005.jpg","Found",117.113827405008,"low",6.21,7,135.97,6.4,9.00070523958199,2.23440116569667
7.56046716,"FD Electro 006.jpg","Found",73.8528463842119,"low",6.21,7,135.97,6.4,9.70917928592831,2.23440116569667
9.135811552,"FD Electro 007.jpg","Found",110.850488179935,"low",6.21,7,135.97,6.4,9.09618216524133,2.23440116569667
9.920536517,"FD Electro 008.jpg","Found",117.905832390514,"low",6.21,7,135.97,6.4,9.50286381903406,2.23440116569667
8.817144,"FD Electro 009.jpg","Found",96.1554843961071,"low",6.21,7,135.97,6.4,9.59718488821142,2.23440116569667
8.768588488,"FD Electro 010.jpg","Found",99.7368107595185,"low",6.21,7,135.97,6.4,9.32810836951445,2.23440116569667
9.511159184,"FD Electro 011.jpg","Found",105.026995089072,"low",6.21,7,135.97,6.4,9.79562100060321,2.23440116569667
7.243414583,"FD Electro 012.jpg","Found",69.8789473636373,"low",6.21,7,135.97,6.4,9.63007866807811,2.23440116569667
6.87607422,"FD Electro 013.jpg","Found",69.0065987176589,"low",6.21,7,135.97,6.4,9.21395025144422,2.23440116569667
9.606683065,"FD Electro 014.jpg","Found",104.05519217324,"low",6.21,7,135.97,6.4,9.95180537047766,2.23440116569667
9.29186281,"FD Electro 015.jpg","Found",102.080792607522,"low",6.21,7,135.97,6.4,9.74192371312577,2.23440116569667
6.770307,"FD Electro 016.jpg","Found",68.2850387825913,"low",6.21,7,135.97,6.4,9.13217760590914,2.23440116569667
9.71063153,"FD Electro 017.jpg","Found",114.907727563859,"low",6.21,7,135.97,6.4,9.45314939042549,2.23440116569667
9.44927229,"FD Electro 018.jpg","Found",109.724682625743,"low",6.21,7,135.97,6.4,9.46865902747179,2.23440116569667
7.298156979,"FD Electro 019.jpg","Found",74.3267347287637,"low",6.21,7,135.97,6.4,9.3348293146666,2.23440116569667
6.996202412,"FD Electro 020.jpg","Found",77.7522974787241,"low",6.21,7,135.97,6.4,8.69947847097052,2.23440116569667
7.610215974,"FD Electro 021.jpg","Found",77.4037500056037,"low",6.21,7,135.97,6.4,9.4896580787748,2.23440116569667
7.454249008,"FD Electro 022.jpg","Found",77.1012187431561,"low",6.21,7,135.97,6.4,9.31801173919608,2.23440116569667
7.190171,"FD Electro 023.jpg","Found",77.7881972842282,"low",6.21,7,135.97,6.4,8.93808423338016,2.23440116569667
7.924933,"FD Electro 024.jpg","Found",82.8828423114217,"low",6.21,7,135.97,6.4,9.46751780661236,2.23440116569667
6.927954796,"FD Electro 025.jpg","Found",71.6140080792159,"low",6.21,7,135.97,6.4,9.07019726944177,2.23440116569667
7.665393241,"FD Electro 026.jpg","Found",83.3443516090923,"low",6.21,7,135.97,6.4,9.12564962179966,2.23440116569667
7.40308016,"FD Electro 027.jpg","Found",79.0215830462159,"low",6.21,7,135.97,6.4,9.11247637778534,2.23440116569667
7.812742848,"FD Electro 028.jpg","Found",78.8307294479761,"low",6.21,7,135.97,6.4,9.63131496465759,2.23440116569667
6.035773183,"FD Electro 029.jpg","Found",56.1119530411302,"low",6.21,7,135.97,6.4,9.20731822121654,2.23440116569667
7.090062872,"FD Electro 030.jpg","Found",67.2185272108814,"low",6.21,7,135.97,6.4,9.65828873384215,2.23440116569667
10.91974369,"HB AN 001 07-24.jpg","Hummingbird",161.727669470162,"high",24.5,4,0.75,7.62,8.58074829222907,2.1627471350107
11.87786648,"HB AN 001.jpg","Hummingbird",180.237789118292,"high",24.5,4,0.75,7.62,8.72087816179576,2.1627471350107
11.19746668,"HB AN 002 07-24.jpg","Hummingbird",153.411653951876,"high",24.5,4,0.75,7.62,9.09492200361388,2.1627471350107
11.84640249,"HB AN 002.jpg","Hummingbird",178.387462944233,"high",24.5,4,0.75,7.62,8.75420262107827,2.1627471350107
10.549083,"HB AN 003 07-24.jpg","Hummingbird",137.554672202292,"high",24.5,4,0.75,7.62,9.17458235455003,2.1627471350107
11.39473496,"HB AN 003.jpg","Hummingbird",170.937615732816,"high",24.5,4,0.75,7.62,8.64856435705546,2.1627471350107
11.28823807,"HB AN 004 07-24.jpg","Hummingbird",158.078554310254,"high",24.5,4,0.75,7.62,8.99807906566153,2.1627471350107
11.38893193,"HB AN 004.jpg","Hummingbird",174.581648285551,"high",24.5,4,0.75,7.62,8.53064983123301,2.1627471350107
11.91549048,"HB AN 005 07-24.jpg","Hummingbird",150.976170918493,"high",24.5,4,0.75,7.62,9.77566438644411,2.1627471350107
12.30298243,"HB AN 005.jpg","Hummingbird",169.612822707394,"high",24.5,4,0.75,7.62,9.38355947211728,2.1627471350107
10.760167,"HB AN 006 07-24.jpg","Hummingbird",149.416892076699,"high",24.5,4,0.75,7.62,8.88543587074864,2.1627471350107
11.70794453,"HB AN 006.jpg","Hummingbird",169.288175353921,"high",24.5,4,0.75,7.62,8.94044774736568,2.1627471350107
10.29001459,"HB AN 007 07-24.jpg","Hummingbird",154.573079080058,"high",24.5,4,0.75,7.62,8.31845375249642,2.1627471350107
11.703709,"HB AN 007.jpg","Hummingbird",159.0741235191,"high",24.5,4,0.75,7.62,9.29262808336685,2.1627471350107
10.07728268,"HB AN 008 07-24.jpg","Hummingbird",154.199137092689,"high",24.5,4,0.75,7.62,8.15885539279731,2.1627471350107
11.24900597,"HB AN 008.jpg","Hummingbird",164.551079356229,"high",24.5,4,0.75,7.62,8.74413260645316,2.1627471350107
9.816566005,"HB AN 009 07-24.jpg","Hummingbird",156.338762131501,"high",24.5,4,0.75,7.62,7.8794350211329,2.1627471350107
11.07503225,"HB AN 009.jpg","Hummingbird",167.052683448815,"high",24.5,4,0.75,7.62,8.52788524964611,2.1627471350107
10.21209138,"HB AN 010 07-24.jpg","Hummingbird",145.867154794662,"high",24.5,4,0.75,7.62,8.56087147382238,2.1627471350107
10.44886313,"HB AN 010.jpg","Hummingbird",152.834661586958,"high",24.5,4,0.75,7.62,8.50694730845414,2.1627471350107
10.2878729,"HB AN 011 07-24.jpg","Hummingbird",152.991468080707,"high",24.5,4,0.75,7.62,8.37049640302884,2.1627471350107
10.34034978,"HB AN 011.jpg","Hummingbird",166.632389030014,"high",24.5,4,0.75,7.62,7.97475136414679,2.1627471350107
9.615997075,"HB AN 012 07-24.jpg","Hummingbird",128.518521103536,"high",24.5,4,0.75,7.62,8.72686023260789,2.1627471350107
11.28579769,"HB AN 012.jpg","Hummingbird",159.99626894756,"high",24.5,4,0.75,7.62,8.92841196603504,2.1627471350107
10.19265261,"HB AN 013 07-24.jpg","Hummingbird",143.646660458954,"high",24.5,4,0.75,7.62,8.62710755427119,2.1627471350107
9.991638501,"HB AN 014 07-24.jpg","Hummingbird",130.263376769144,"high",24.5,4,0.75,7.62,8.99146348664687,2.1627471350107
10.36522641,"HB AN 015 07-24.jpg","Hummingbird",148.095174992739,"high",24.5,4,0.75,7.62,8.60709536316699,2.1627471350107
9.231837441,"HB FN3 001.jpg","Hummingbird",144.506794218992,"high",24.5,4,0.75,7.62,7.78469158806122,2.1627471350107
10.43411572,"HB FN9 001.jpg","Hummingbird",134.410124226191,"high",24.5,4,0.75,7.62,9.20705805519199,2.1627471350107
8.861999234,"HB FN9 002.jpg","Hummingbird",123.417328761767,"high",24.5,4,0.75,7.62,8.24931433819226,2.1627471350107
6.770307,"LC Electro1 001.jpg","Little_Crooked",79.7599523829472,"low",4.07,7,62,9.1,8.28516573180896,2.19771817556106
8.143156474,"LC Electro1 002.jpg","Little_Crooked",88.9876217641532,"low",4.07,7,62,9.1,9.30447536121709,2.19771817556106
9.919425843,"LC Electro1 003.jpg","Little_Crooked",120.965267022315,"low",4.07,7,62,9.1,9.35048607880893,2.19771817556106
8.244008524,"LC Electro1 004.jpg","Little_Crooked",100.932218421127,"low",4.07,7,62,9.1,8.70482095595562,2.19771817556106
8.082552398,"LC Electro1 005.jpg","Little_Crooked",90.8265705503626,"low",4.07,7,62,9.1,9.11760850024363,2.19771817556106
8.457745773,"LC Electro1 006.jpg","Little_Crooked",99.3435606674635,"low",4.07,7,62,9.1,9.01973321997086,2.19771817556106
7.97758864,"LC Electro1 007.jpg","Little_Crooked",87.2227863219813,"low",4.07,7,62,9.1,9.23043885929287,2.19771817556106
9.553203568,"LC Electro1 008.jpg","Little_Crooked",113.963478147738,"low",4.07,7,62,9.1,9.34810735839145,2.19771817556106
7.767661305,"LC Electro1 009.jpg","Little_Crooked",93.4974646101701,"low",4.07,7,62,9.1,8.60468832797293,2.19771817556106
8.397936012,"LC Electro1 010.jpg","Little_Crooked",93.5291689810724,"low",4.07,7,62,9.1,9.30090388670507,2.19771817556106
6.682056744,"LC Electro1 011.jpg","Little_Crooked",73.5847623859723,"low",4.07,7,62,9.1,8.60069883598399,2.19771817556106
6.245477,"LC Electro1 012.jpg","Little_Crooked",60.0097598752903,"low",4.07,7,62,9.1,9.13458388901011,2.19771817556106
8.832750129,"LC Electro1 013.jpg","Little_Crooked",91.4421043310466,"low",4.07,7,62,9.1,9.92179425314752,2.19771817556106
9.511159184,"LC Electro1 014.jpg","Little_Crooked",106.815416545787,"low",4.07,7,62,9.1,9.69252156707877,2.19771817556106
6.298178675,"LC Electro1 015.jpg","Little_Crooked",65.8160319188266,"low",4.07,7,62,9.1,8.69367625901008,2.19771817556106
6.508103622,"LC Electro1 016.jpg","Little_Crooked",69.6307537263528,"low",4.07,7,62,9.1,8.67180056593396,2.19771817556106
7.771915422,"LC Electro1 017.jpg","Little_Crooked",88.0782908547276,"low",4.07,7,62,9.1,8.93763204989987,2.19771817556106
8.029899,"LC Electro1 018.jpg","Little_Crooked",97.0572202334788,"low",4.07,7,62,9.1,8.68931853843544,2.19771817556106
6.668646196,"LC Electro1 019.jpg","Little_Crooked",64.9747298524588,"low",4.07,7,62,9.1,9.27955969904627,2.19771817556106
8.819642836,"LC Electro1 020.jpg","Little_Crooked",112.071139343767,"low",4.07,7,62,9.1,8.72132705446892,2.19771817556106
9.199507922,"LC Electro1 021.jpg","Little_Crooked",106.575418106663,"low",4.07,7,62,9.1,9.38815151858451,2.19771817556106
6.249004273,"LC Electro1 022.jpg","Little_Crooked",75.4676183244178,"low",4.07,7,62,9.1,7.91695845813798,2.19771817556106
6.665341,"LC Electro1 023.jpg","Little_Crooked",67.4854959309776,"low",4.07,7,62,9.1,9.05719524184012,2.19771817556106
6.194995147,"LC Electro1 024.jpg","Little_Crooked",61.5534342543127,"low",4.07,7,62,9.1,8.91768165247004,2.19771817556106
7.085399379,"LC Electro1 025.jpg","Little_Crooked",75.8963834349174,"low",4.07,7,62,9.1,8.94478806559265,2.19771817556106
7.822784372,"LC Electro1 026.jpg","Little_Crooked",96.7407756762887,"low",4.07,7,62,9.1,8.48253689335681,2.19771817556106
8.510179542,"LC Electro1 027.jpg","Little_Crooked",93.8534386290668,"low",4.07,7,62,9.1,9.40479637868433,2.19771817556106
6.668646196,"LC Electro1 028.jpg","Little_Crooked",59.7085996671334,"low",4.07,7,62,9.1,9.7843066693708,2.19771817556106
6.455622342,"LC Electro2 001.jpg","Little_Crooked",64.9942427192594,"low",4.07,7,62,9.1,8.98144244813214,2.19771817556106
8.451229789,"LC Electro3 001.jpg","Little_Crooked",104.64717453663,"low",4.07,7,62,9.1,8.72377427896411,2.19771817556106
9.657442451,"LT Electro 1.jpg","Lost",116.134900447023,"low",4.02,7,218.13,6.1,9.33899475315458,2.21119702266422
7.663236911,"LT Electro 10.jpg","Lost",79.5671925741383,"low",4.02,7,218.13,6.1,9.39211934079401,2.21119702266422
6.508738445,"LT Electro 11.jpg","Lost",69.8557661599957,"low",4.02,7,218.13,6.1,8.65513024107823,2.21119702266422
7.715715021,"LT Electro 12.jpg","Lost",87.5992941280351,"low",4.02,7,218.13,6.1,8.90337475090536,2.21119702266422
7.925106783,"LT Electro 13.jpg","Lost",84.7610164276597,"low",4.02,7,218.13,6.1,9.33571169166143,2.21119702266422
7.090062872,"LT Electro 14.jpg","Lost",76.6858198940326,"low",4.02,7,218.13,6.1,8.89282339166877,2.21119702266422
7.506720381,"LT Electro 15.jpg","Lost",82.1623688906911,"low",4.02,7,218.13,6.1,9.01709853933172,2.21119702266422
7.139424359,"LT Electro 2.jpg","Lost",74.5809592250596,"low",4.02,7,218.13,6.1,9.11228127135284,2.21119702266422
7.558280895,"LT Electro 3.jpg","Lost",84.2548261682973,"low",4.02,7,218.13,6.1,8.93707649775932,2.21119702266422
7.142510176,"LT Electro 4.jpg","Lost",78.5519106294048,"low",4.02,7,218.13,6.1,8.82464415810146,2.21119702266422
8.554729,"LT Electro 5.jpg","Lost",95.0869940751626,"low",4.02,7,218.13,6.1,9.3769858980732,2.21119702266422
7.454249008,"LT Electro 6.jpg","Lost",79.2148725705596,"low",4.02,7,218.13,6.1,9.16142406931616,2.21119702266422
6.665547623,"LT Electro 7.jpg","Lost",71.7308427456419,"low",4.02,7,218.13,6.1,8.71773949502706,2.21119702266422
7.242654,"LT Electro 8.jpg","Lost",80.7285929729981,"low",4.02,7,218.13,6.1,8.79640838653275,2.21119702266422
9.668417063,"LT Electro 9.jpg","Lost",114.477462374958,"low",4.02,7,218.13,6.1,9.43420656692678,2.21119702266422
10.23431957,"LT FN 001 06-05.jpg","Lost",148.795948227934,"low",4.02,7,218.13,6.1,8.47328955229918,2.21119702266422
11.02155496,"LT FN 002 06-05.jpg","Lost",148.011342588195,"low",4.02,7,218.13,6.1,9.15534663310101,2.21119702266422
10.28880994,"LT FN 003 06-05.jpg","Lost",129.387733185376,"low",4.02,7,218.13,6.1,9.29810416593531,2.21119702266422
9.289639256,"LT FN 004 06-05.jpg","Lost",118.508389205153,"low",4.02,7,218.13,6.1,8.87014911853691,2.21119702266422
11.12837631,"LT FN 005 06-05.jpg","Lost",137.831086911843,"low",4.02,7,218.13,6.1,9.66622867313586,2.21119702266422
10.33968381,"LT FN 006 06-05.jpg","Lost",127.744983651062,"low",4.02,7,218.13,6.1,9.41919825642382,2.21119702266422
9.342563678,"LT FN 007 06-05.jpg","Lost",124.1404515691,"low",4.02,7,218.13,6.1,8.66487490385479,2.21119702266422
10.49673121,"LT FN 008 06-05.jpg","Lost",126.066757784636,"low",4.02,7,218.13,6.1,9.64183637508255,2.21119702266422
9.18467495,"LT FN 009 06-05.jpg","Lost",105.031728802015,"low",4.02,7,218.13,6.1,9.45910504605139,2.21119702266422
8.617446501,"LT FN 010 06-05.jpg","Lost",96.1291152765383,"low",4.02,7,218.13,6.1,9.38143268151386,2.21119702266422
11.02192983,"LT FN 011 06-05.jpg","Lost",136.526582771744,"low",4.02,7,218.13,6.1,9.63098993917694,2.21119702266422
7.514055463,"LT FN 012 06-05.jpg","Lost",88.8050991883349,"low",4.02,7,218.13,6.1,8.59671016744115,2.21119702266422
9.920536517,"LT FN 013 06-05.jpg","Lost",125.393174056844,"low",4.02,7,218.13,6.1,9.14321330360222,2.21119702266422
10.23754874,"LT FN 014 06-05.jpg","Lost",124.873975599722,"low",4.02,7,218.13,6.1,9.45995050403494,2.21119702266422
9.569336368,"LT FN 015 06-05.jpg","Lost",117.431224749979,"low",4.02,7,218.13,6.1,9.18964768692048,2.21119702266422
10.87993723,"MC FN7 001.jpg","McCullough",150.017599369307,"high",14.3,4,89.43,8.2,8.96177787429195,2.19583807138949
9.974280047,"MC FN7 002.jpg","McCullough",137.219567910776,"high",14.3,4,89.43,8.2,8.68794289429255,2.19583807138949
10.22901809,"MC FN7 003.jpg","McCullough",142.443336448744,"high",14.3,4,89.43,8.2,8.70364811410041,2.19583807138949
10.85336242,"MC FN7 004.jpg","McCullough",145.37770597258,"high",14.3,4,89.43,8.2,9.11763717828753,2.19583807138949
10.40541989,"MC FN7 005.jpg","McCullough",137.126975237405,"high",14.3,4,89.43,8.2,9.06731517856323,2.19583807138949
9.612573807,"MC FN7 006.jpg","McCullough",122.940008549739,"high",14.3,4,89.43,8.2,8.96975162189208,2.19583807138949
9.868828968,"MC FN7 007.jpg","McCullough",137.721308964045,"high",14.3,4,89.43,8.2,8.57645332924308,2.19583807138949
9.072560125,"MC FN7 008.jpg","McCullough",121.136764808913,"high",14.3,4,89.43,8.2,8.54460406507573,2.19583807138949
10.83750895,"MC FN7 009.jpg","McCullough",148.384002021276,"high",14.3,4,89.43,8.2,8.98828927287933,2.19583807138949
9.268700906,"MC FN7 010.jpg","McCullough",130.18602753464,"high",14.3,4,89.43,8.2,8.34399793492413,2.19583807138949
9.562535738,"MC FN7 011.jpg","McCullough",133.803280983166,"high",14.3,4,89.43,8.2,8.46193727659393,2.19583807138949
9.957733123,"MC FN7 012.jpg","McCullough",138.989892549962,"high",14.3,4,89.43,8.2,8.60413535740708,2.19583807138949
9.662477186,"MC FN7 013.jpg","McCullough",127.921932726527,"high",14.3,4,89.43,8.2,8.7946477276793,2.19583807138949
9.864441955,"MC FN7 014.jpg","McCullough",132.993114414995,"high",14.3,4,89.43,8.2,8.76238031604134,2.19583807138949
10.00675633,"MC FN7 015.jpg","McCullough",139.815101167971,"high",14.3,4,89.43,8.2,8.61447974684935,2.19583807138949
8.679726,"MC FN8 001.jpg","McCullough",110.999576249146,"high",14.3,4,89.43,8.2,8.6347993851492,2.19583807138949
9.861028485,"MC FN8 002.jpg","McCullough",122.445561452917,"high",14.3,4,89.43,8.2,9.22485811082034,2.19583807138949
9.808703293,"MC FN8 003.jpg","McCullough",121.848235974839,"high",14.3,4,89.43,8.2,9.204070816085,2.19583807138949
9.688449462,"MC FN8 004.jpg","McCullough",115.683012370875,"high",14.3,4,89.43,8.2,9.39189644337257,2.19583807138949
8.688587104,"MC FN8 005.jpg","McCullough",105.293553462546,"high",14.3,4,89.43,8.2,8.93424470800509,2.19583807138949
9.917806691,"MC FN8 006.jpg","McCullough",134.854549587769,"high",14.3,4,89.43,8.2,8.73338284339549,2.19583807138949
11.23013027,"MC FN8 007.jpg","McCullough",142.159925833548,"high",14.3,4,89.43,8.2,9.5674056761283,2.19583807138949
9.808090368,"MC FN8 008.jpg","McCullough",129.264742763756,"high",14.3,4,89.43,8.2,8.8689567562702,2.19583807138949
10.101828,"MC FN8 009.jpg","McCullough",132.096690739549,"high",14.3,4,89.43,8.2,9.01135594965097,2.19583807138949
8.182442533,"MC FN8 010.jpg","McCullough",65.321173608027,"high",14.3,4,89.43,8.2,11.3481591931948,2.19583807138949
11.18077154,"MC FN8 011.jpg","McCullough",138.93700859483,"high",14.3,4,89.43,8.2,9.66322504768507,2.19583807138949
7.557581541,"MC FN8 012.jpg","McCullough",82.8436348942995,"high",14.3,4,89.43,8.2,9.03133896503456,2.19583807138949
8.386071524,"MC FN8 013.jpg","McCullough",94.7949019960989,"high",14.3,4,89.43,8.2,9.20985629933008,2.19583807138949
7.504256156,"MC FN8 014.jpg","McCullough",88.0251084980303,"high",14.3,4,89.43,8.2,8.63309323481107,2.19583807138949
7.69912217,"MC FN8 015.jpg","McCullough",77.7304840130306,"high",14.3,4,89.43,8.2,9.57521259545379,2.19583807138949
9.61685777,"MK Electro 001.jpg","Muskellunge",114.410414922288,"low",6.66,7,109.3,5.8,9.3873419416162,2.22577707635925
7.971243771,"MK Electro 002.jpg","Muskellunge",88.7834897224704,"low",6.66,7,109.3,5.8,9.12116287630873,2.22577707635925
6.375941375,"MK Electro 003.jpg","Muskellunge",63.3438882167017,"low",6.66,7,109.3,5.8,9.01471577181872,2.22577707635925
8.129216629,"MK Electro 004.jpg","Muskellunge",79.5060401683419,"low",6.66,7,109.3,5.8,9.96802896413199,2.22577707635925
7.863567495,"MK Electro 005.jpg","Muskellunge",85.7243792707769,"low",6.66,7,109.3,5.8,9.19784794000521,2.22577707635925
7.279722594,"MK Electro 006.jpg","Muskellunge",75.3962525894358,"low",6.66,7,109.3,5.8,9.22826066714546,2.22577707635925
6.166859118,"MK Electro 007.jpg","Muskellunge",63.5442221862067,"low",6.66,7,109.3,5.8,8.70186614280695,2.22577707635925
6.593597772,"MK Electro 008.jpg","Muskellunge",63.8142981841844,"low",6.66,7,109.3,5.8,9.27932922100594,2.22577707635925
7.97248315,"MK Electro 009.jpg","Muskellunge",82.5318865312674,"low",6.66,7,109.3,5.8,9.54968321708555,2.22577707635925
8.129216629,"MK Electro 010.jpg","Muskellunge",89.3076208891492,"low",6.66,7,109.3,5.8,9.2676775579182,2.22577707635925
8.556730642,"MK Electro 011.jpg","Muskellunge",100.784322478647,"low",6.66,7,109.3,5.8,9.0433292743647,2.22577707635925
8.39890035,"MK Electro 012.jpg","Muskellunge",95.0432160979941,"low",6.66,7,109.3,5.8,9.20883647629838,2.22577707635925
6.483941454,"MK Electro 013.jpg","Muskellunge",63.7074443073963,"low",6.66,7,109.3,5.8,9.13459506252702,2.22577707635925
7.983982482,"MK Electro 014.jpg","Muskellunge",84.7977650406542,"low",6.66,7,109.3,5.8,9.40251246377032,2.22577707635925
9.737478846,"MK Electro 015.jpg","Muskellunge",113.587547234237,"low",6.66,7,109.3,5.8,9.54817582368891,2.22577707635925
10.52007217,"MK Electro2 001.jpg","Muskellunge",115.633591188806,"low",6.66,7,109.3,5.8,10.2007951570983,2.22577707635925
6.535328976,"MK Electro2 002.jpg","Muskellunge",62.573331537405,"low",6.66,7,109.3,5.8,9.31120907874472,2.22577707635925
7.65104848,"MK Electro2 003.jpg","Muskellunge",86.8805541005581,"low",6.66,7,109.3,5.8,8.87445282853715,2.22577707635925
6.088254216,"MK Electro2 004.jpg","Muskellunge",62.0474594330823,"low",6.66,7,109.3,5.8,8.72023591136922,2.22577707635925
8.187348,"MK Electro2 005.jpg","Muskellunge",96.1184849425437,"low",6.66,7,109.3,5.8,8.91382118945192,2.22577707635925
9.459705609,"MK Electro2 006.jpg","Muskellunge",120.094455109052,"low",6.66,7,109.3,5.8,8.95759706867841,2.22577707635925
8.143156474,"MK Electro2 007.jpg","Muskellunge",92.2310196284309,"low",6.66,7,109.3,5.8,9.09806762644389,2.22577707635925
7.758763426,"MK Electro2 008.jpg","Muskellunge",93.1264145194585,"low",6.66,7,109.3,5.8,8.61627520168416,2.22577707635925
8.980553619,"MK Electro2 009.jpg","Muskellunge",94.1025651359728,"low",6.66,7,109.3,5.8,9.9081447714547,2.22577707635925
7.974076354,"MK Electro2 010.jpg","Muskellunge",95.6984707203307,"low",6.66,7,109.3,5.8,8.70548333088082,2.22577707635925
7.461635671,"MK Electro2 011.jpg","Muskellunge",76.3345043322481,"low",6.66,7,109.3,5.8,9.38584253856003,2.22577707635925
10.16192012,"MK Electro2 012.jpg","Muskellunge",117.409686803815,"low",6.66,7,109.3,5.8,9.75984087676346,2.22577707635925
10.31412166,"MK Electro2 013.jpg","Muskellunge",118.90480804547,"low",6.66,7,109.3,5.8,9.82778128515538,2.22577707635925
8.184933587,"MK Electro2 014.jpg","Muskellunge",85.386956378126,"low",6.66,7,109.3,5.8,9.59743316592966,2.22577707635925
7.917232136,"MK Electro2 015.jpg","Muskellunge",83.0501801628991,"low",6.66,7,109.3,5.8,9.44637111758518,2.22577707635925
9.252272065,"OB Electro 001.jpg","Oxbow",116.667576216359,"high",11.12,4,212,13.41,8.92156379769294,2.12224975801078
8.397444008,"OB Electro 002.jpg","Oxbow",103.723500285808,"high",11.12,4,212,13.41,8.71654607532074,2.12224975801078
8.766776002,"OB Electro 003.jpg","Oxbow",111.697127502994,"high",11.12,4,212,13.41,8.68722839195457,2.12224975801078
8.971590596,"OB Electro 004.jpg","Oxbow",130.126724352878,"high",11.12,4,212,13.41,8.07883552096352,2.12224975801078
9.84573484,"OB Electro 005.jpg","Oxbow",128.043783999224,"high",11.12,4,212,13.41,8.95610118647025,2.12224975801078
9.270560217,"OB Electro 006.jpg","Oxbow",111.670584818205,"high",11.12,4,212,13.41,9.18780961297462,2.12224975801078
7.175832813,"OB Electro 007.jpg","Oxbow",89.9214773242188,"high",11.12,4,212,13.41,8.14573563650967,2.12224975801078
7.665792529,"OB Electro 008.jpg","Oxbow",100.855119471249,"high",11.12,4,212,13.41,8.09816157069237,2.12224975801078
8.296776096,"OB Electro 009.jpg","Oxbow",102.387683809773,"high",11.12,4,212,13.41,8.68229135766991,2.12224975801078
8.721417641,"OB Electro 010.jpg","Oxbow",126.749798916764,"high",11.12,4,212,13.41,7.98403103317223,2.12224975801078
8.827584141,"OB Electro 011.jpg","Oxbow",123.829421661292,"high",11.12,4,212,13.41,8.20013142035554,2.12224975801078
8.456011889,"OB Electro 012.jpg","Oxbow",116.041656570259,"high",11.12,4,212,13.41,8.18129743239972,2.12224975801078
8.506935138,"OB Electro 013.jpg","Oxbow",126.997915214896,"high",11.12,4,212,13.41,7.77814500144319,2.12224975801078
8.766615,"OB Electro 014.jpg","Oxbow",131.022846269267,"high",11.12,4,212,13.41,7.86037948663603,2.12224975801078
7.067221917,"OB Electro 015.jpg","Oxbow",81.1309254442472,"high",11.12,4,212,13.41,8.55664305055986,2.12224975801078
8.50096,"OB FN 001.jpg","Oxbow",128.267198647706,"high",11.12,4,212,13.41,7.72439348201226,2.12224975801078
9.290084009,"OB FN 002.jpg","Oxbow",121.448688610293,"high",11.12,4,212,13.41,8.73538104450608,2.12224975801078
8.820386109,"OB FN 003.jpg","Oxbow",114.037232227812,"high",11.12,4,212,13.41,8.62752418278702,2.12224975801078
11.10450611,"OB FN 004.jpg","Oxbow",154.634203554873,"high",11.12,4,212,13.41,8.9746653976718,2.12224975801078
7.544789079,"OB FN 005.jpg","Oxbow",97.8715720998698,"high",11.12,4,212,13.41,8.12173503180828,2.12224975801078
9.138686449,"OB FN 006.jpg","Oxbow",116.72459489949,"high",11.12,4,212,13.41,8.80934042686555,2.12224975801078
9.405537691,"OB FN 007.jpg","Oxbow",128.854715456828,"high",11.12,4,212,13.41,8.52189806150388,2.12224975801078
8.129737493,"OB FN 008.jpg","Oxbow",124.471379106564,"high",11.12,4,212,13.41,7.52745618922183,2.12224975801078
8.34765623,"OB FN 009.jpg","Oxbow",122.302080289748,"high",11.12,4,212,13.41,7.81485865570671,2.12224975801078
8.344797,"OB FN 010.jpg","Oxbow",115.057593171507,"high",11.12,4,212,13.41,8.11689839739517,2.12224975801078
7.609613166,"OB FN 011.jpg","Oxbow",102.871702217568,"high",11.12,4,212,13.41,7.93969946272494,2.12224975801078
11.21177407,"OB FN 012.jpg","Oxbow",157.039204665905,"high",11.12,4,212,13.41,8.97414830153368,2.12224975801078
10.52114545,"OB FN 013.jpg","Oxbow",166.239260849085,"high",11.12,4,212,13.41,8.12620499676124,2.12224975801078
7.441375438,"OB FN 014.jpg","Oxbow",119.478712054533,"high",11.12,4,212,13.41,7.0691314726094,2.12224975801078
8.130605526,"OB FN 015.jpg","Oxbow",95.795235691813,"high",11.12,4,212,13.41,8.87075012970055,2.12224975801078
9.908761668,"PP FN 001.jpg","Papoose",118.823229804151,"low",6.49,7,171,19.81,9.44559664123159,2.14588204948648
8.056508202,"PP FN 002.jpg","Papoose",101.364101793978,"low",6.49,7,171,19.81,8.48410896327626,2.14588204948648
7.896365056,"PP FN 003.jpg","Papoose",102.314400144359,"low",6.49,7,171,19.81,8.26698335549671,2.14588204948648
7.57704026,"PP FN 004.jpg","Papoose",103.676338738065,"low",6.49,7,171,19.81,7.86720883346002,2.14588204948648
7.472575819,"PP FN 005.jpg","Papoose",94.6844593339372,"low",6.49,7,171,19.81,8.21262285922186,2.14588204948648
7.631495602,"PP FN 006.jpg","Papoose",83.9287195495082,"low",6.49,7,171,19.81,9.04560245645876,2.14588204948648
8.954465,"PP FN 007.jpg","Papoose",127.027680414349,"low",6.49,7,171,19.81,8.18613267792777,2.14588204948648
8.319319941,"PP FN 008.jpg","Papoose",106.984884138134,"low",6.49,7,171,19.81,8.46953792939951,2.14588204948648
7.41865689,"PP FN 009.jpg","Papoose",88.2732089124441,"low",6.49,7,171,19.81,8.51957809450422,2.14588204948648
8.79551,"PP FN 010.jpg","Papoose",106.081434728797,"low",6.49,7,171,19.81,9.00203876731379,2.14588204948648
6.73243181,"PP FN 011.jpg","Papoose",83.1166075463262,"low",6.49,7,171,19.81,8.0287141845613,2.14588204948648
7.843390865,"PP FN 012.jpg","Papoose",113.591210838911,"low",6.49,7,171,19.81,7.69075472301384,2.14588204948648
9.43133,"PP FN 013.jpg","Papoose",122.847473986403,"low",6.49,7,171,19.81,8.80478163025279,2.14588204948648
8.269904503,"PP FN 014.jpg","Papoose",127.62020606585,"low",6.49,7,171,19.81,7.53829504903386,2.14588204948648
8.477765577,"PP FN 015.jpg","Papoose",98.3808580521638,"low",6.49,7,171,19.81,9.09642262539388,2.14588204948648
7.259718462,"PP FN 016.jpg","Papoose",86.6251651302899,"low",6.49,7,171,19.81,8.43609733248654,2.14588204948648
8.053894291,"PP FN 017.jpg","Papoose",101.156489089035,"low",6.49,7,171,19.81,8.49226021755316,2.14588204948648
9.068023241,"PP FN 018.jpg","Papoose",109.20715087255,"low",6.49,7,171,19.81,9.11358826991245,2.14588204948648
9.008073331,"PP FN 019.jpg","Papoose",108.321635868233,"low",6.49,7,171,19.81,9.09964461105645,2.14588204948648
8.38235427,"PP FN 020.jpg","Papoose",111.964722243839,"low",6.49,7,171,19.81,8.29384908372124,2.14588204948648
6.570353646,"PP FN 021.jpg","Papoose",82.9003152440327,"low",6.49,7,171,19.81,7.84823340196477,2.14588204948648
7.206739149,"PP FN 022.jpg","Papoose",83.4011235135954,"low",6.49,7,171,19.81,8.57596176420336,2.14588204948648
7.41808923,"PP FN 023.jpg","Papoose",77.9968414993838,"low",6.49,7,171,19.81,9.205943252481,2.14588204948648
8.168115082,"PP FN 024.jpg","Papoose",100.721058296118,"low",6.49,7,171,19.81,8.63601161448261,2.14588204948648
8.21421313,"PP FN 025.jpg","Papoose",100.211661000604,"low",6.49,7,171,19.81,8.71238833309251,2.14588204948648
8.053894291,"PP FN 026.jpg","Papoose",104.149125676791,"low",6.49,7,171,19.81,8.33851607150977,2.14588204948648
8.477765577,"PP FN 027.jpg","Papoose",98.1149957054476,"low",6.49,7,171,19.81,9.11186077386306,2.14588204948648
7.689399635,"PP FN 028.jpg","Papoose",93.0807443990968,"low",6.49,7,171,19.81,8.54187048005468,2.14588204948648
6.358420767,"PP FN 029.jpg","Papoose",77.3866172478162,"low",6.49,7,171,19.81,7.92981565640351,2.14588204948648
7.577596013,"PP FN 030.jpg","Papoose",83.4658098884208,"low",6.49,7,171,19.81,9.01289854730545,2.14588204948648
12.22276993,"RB FN4 001.jpg","Red_Bass",148.756875155033,"high",18.9,4,10.9,6.7,10.1212507661209,2.23526065117595
10.56665238,"RB FN4 002.jpg","Red_Bass",142.792595655552,"high",18.9,4,10.9,6.7,8.97714681299502,2.23526065117595
10.83132457,"RB FN4(2) 001.jpg","Red_Bass",151.591524660846,"high",18.9,4,10.9,6.7,8.86357551526707,2.23526065117595
11.20631332,"RB FN4(2) 002.jpg","Red_Bass",143.018188711821,"high",18.9,4,10.9,6.7,9.5111722870548,2.23526065117595
12.45206036,"RB FN4(2) 003.jpg","Red_Bass",157.882124601109,"high",18.9,4,10.9,6.7,9.9335217499377,2.23526065117595
11.53993406,"RB FN4(2) 004.jpg","Red_Bass",148.645333192569,"high",18.9,4,10.9,6.7,9.56031092152094,2.23526065117595
10.14532704,"RB FN4(2) 005.jpg","Red_Bass",133.37069043778,"high",18.9,4,10.9,6.7,8.99588872107847,2.23526065117595
10.35944974,"RB FN4(2) 006.jpg","Red_Bass",132.951457833639,"high",18.9,4,10.9,6.7,9.20389217085986,2.23526065117595
10.6157576,"RB FN4(2) 007.jpg","Red_Bass",138.181262100619,"high",18.9,4,10.9,6.7,9.20631238302688,2.23526065117595
11.60275884,"RB FN4(2) 008.jpg","Red_Bass",150.895591815699,"high",18.9,4,10.9,6.7,9.52227928837894,2.23526065117595
11.37213629,"RB FN4(2) 009.jpg","Red_Bass",150.535929639837,"high",18.9,4,10.9,6.7,9.34697651865132,2.23526065117595
12.01028692,"RB FN4(2) 010.jpg","Red_Bass",142.709709111188,"high",18.9,4,10.9,6.7,10.2073336232691,2.23526065117595
9.648868899,"RB FN4(2) 011.jpg","Red_Bass",138.828364932567,"high",18.9,4,10.9,6.7,8.34333381550713,2.23526065117595
10.6720435,"RB FN4(2) 012.jpg","Red_Bass",149.471691428745,"high",18.9,4,10.9,6.7,8.81064125163281,2.23526065117595
10.23850432,"RB FN4(2) 013.jpg","Red_Bass",126.597290046549,"high",18.9,4,10.9,6.7,9.37992368013037,2.23526065117595
11.09809946,"RB FN5 001.jpg","Red_Bass",130.114461960114,"high",18.9,4,10.9,6.7,9.99432755259984,2.23526065117595
10.08909306,"RB FN5 002.jpg","Red_Bass",124.295817146355,"high",18.9,4,10.9,6.7,9.34992158093273,2.23526065117595
11.18321279,"RB FN5 003.jpg","Red_Bass",144.846490319131,"high",18.9,4,10.9,6.7,9.41631229975411,2.23526065117595
11.15787572,"RB FN5 004.jpg","Red_Bass",133.298105683952,"high",18.9,4,10.9,6.7,9.89709401955744,2.23526065117595
10.45497891,"RB FN5 005.jpg","Red_Bass",134.667205350746,"high",18.9,4,10.9,6.7,9.2144275919474,2.23526065117595
11.15285293,"RB FN5 006.jpg","Red_Bass",146.732835548694,"high",18.9,4,10.9,6.7,9.31491518569412,2.23526065117595
11.07996106,"RB FN5 007.jpg","Red_Bass",129.192507059891,"high",18.9,4,10.9,6.7,10.0225547571611,2.23526065117595
10.13129781,"RB FN5 008.jpg","Red_Bass",122.242550498998,"high",18.9,4,10.9,6.7,9.48755163509959,2.23526065117595
11.68874522,"RB FN5 009.jpg","Red_Bass",136.915552402786,"high",18.9,4,10.9,6.7,10.1954621957651,2.23526065117595
10.02624096,"RB FN5 010.jpg","Red_Bass",120.560167002082,"high",18.9,4,10.9,6.7,9.47106286130871,2.23526065117595
9.809678458,"RB FN5 011.jpg","Red_Bass",132.459737932551,"high",18.9,4,10.9,6.7,8.73570608812721,2.23526065117595
10.29880582,"RB FN5 012.jpg","Red_Bass",135.712443667115,"high",18.9,4,10.9,6.7,9.03291456062927,2.23526065117595
9.717120452,"RB FN5 013.jpg","Red_Bass",115.413693222252,"high",18.9,4,10.9,6.7,9.43345813755982,2.23526065117595
10.36555006,"RB FN8 001.jpg","Red_Bass",133.874735576247,"high",18.9,4,10.9,6.7,9.1694605786907,2.23526065117595
10.29252636,"RB FN8 002.jpg","Red_Bass",137.985662914558,"high",18.9,4,10.9,6.7,8.93392307625739,2.23526065117595
9.292444974,"SQ FN 003.jpg","Squaw",114.52506621369,"high",23.85,7,298,6.4,9.06498014491625,2.18081026977451
8.199386531,"SQ FN 004.jpg","Squaw",117.066429627669,"high",23.85,7,298,6.4,7.88942109218756,2.18081026977451
8.900033615,"SQ FN 005.jpg","Squaw",111.668446097364,"high",23.85,7,298,6.4,8.820696257261,2.18081026977451
8.871196116,"SQ FN 006.jpg","Squaw",116.430521235671,"high",23.85,7,298,6.4,8.56501857063046,2.18081026977451
9.061274411,"SQ FN 007.jpg","Squaw",103.22,"high",23.85,7,298,6.4,9.43432632608061,2.18081026977451
9.380047511,"SQ FN 008.jpg","Squaw",123.508231534663,"high",23.85,7,298,6.4,8.72751905154026,2.18081026977451
8.845465145,"SQ FN 009.jpg","Squaw",111.462934077522,"high",23.85,7,298,6.4,8.7767396184378,2.18081026977451
8.625120922,"SQ FN 010.jpg","Squaw",113.723793703033,"high",23.85,7,298,6.4,8.45109200935473,2.18081026977451
9.280894785,"SQ FN 011.jpg","Squaw",128.768412911319,"high",23.85,7,298,6.4,8.41249643820854,2.18081026977451
9.498417393,"SQ FN 012.jpg","Squaw",116.98318774294,"high",23.85,7,298,6.4,9.1434187780761,2.18081026977451
8.953437634,"SQ FN 013.jpg","Squaw",117.440981313722,"high",23.85,7,298,6.4,8.59773873696532,2.18081026977451
9.17823686,"SQ FN 014.jpg","Squaw",122.619634064044,"high",23.85,7,298,6.4,8.57847562301804,2.18081026977451
8.570018836,"SQ FN 015.jpg","Squaw",112.528748728936,"high",23.85,7,298,6.4,8.45287357450414,2.18081026977451
9.28201835,"SQ FN 016.jpg","Squaw",109.120461114724,"high",23.85,7,298,6.4,9.33330209334991,2.18081026977451
8.84428612,"SQ FN 017.jpg","Squaw",111.943876579382,"high",23.85,7,298,6.4,8.75192473855686,2.18081026977451
8.679701577,"SQ FN 018.jpg","Squaw",111.414601033482,"high",23.85,7,298,6.4,8.61460499241294,2.18081026977451
8.587211162,"SQ FN 019.jpg","Squaw",89.7719443804689,"high",23.85,7,298,6.4,9.7580509896322,2.18081026977451
8.799027504,"SQ FN 020.jpg","Squaw",112.160549709869,"high",23.85,7,298,6.4,8.69659441293815,2.18081026977451
8.246852388,"SQ FN 021.jpg","Squaw",94.4381102104971,"high",23.85,7,298,6.4,9.07838858747498,2.18081026977451
8.087610983,"SQ FN 022.jpg","Squaw",102.948772316381,"high",23.85,7,298,6.4,8.43447242751189,2.18081026977451
9.44714818,"SQ FN 023.jpg","Squaw",111.628521680438,"high",23.85,7,298,6.4,9.36503199863115,2.18081026977451
8.242515743,"SQ FN 024.jpg","Squaw",103.494165663771,"high",23.85,7,298,6.4,8.5676061071677,2.18081026977451
11.22108965,"SQ FN1 001.jpg","Squaw",176.660474278091,"high",23.85,7,298,6.4,8.34281636453468,2.18081026977451
12.7984502,"SQ FN1 002.jpg","Squaw",180.155263223393,"high",23.85,7,298,6.4,9.39947941306575,2.18081026977451
7.179348461,"SQ FN9 025.jpg","Squaw",83.0799818895021,"high",23.85,7,298,6.4,8.56404651294234,2.18081026977451
7.719955804,"SQ FN9 026.jpg","Squaw",80.9755027218109,"high",23.85,7,298,6.4,9.35817920257175,2.18081026977451
8.009096909,"SQ FN9 027.jpg","Squaw",80.1758389764024,"high",23.85,7,298,6.4,9.76924555225012,2.18081026977451
7.27532141,"SQ FN9 028.jpg","Squaw",76.4415365272049,"high",23.85,7,298,6.4,9.14344975448713,2.18081026977451
9.381328218,"TW Electro 001.jpg","Towanda",105.85811151499,"low",5.29,7,56.3,8.2,9.61430103942204,2.23390987818946
8.882038346,"TW Electro 002.jpg","Towanda",109.142494738576,"low",5.29,7,56.3,8.2,8.92998228326052,2.23390987818946
7.719955804,"TW Electro 003.jpg","Towanda",79.0123583916465,"low",5.29,7,56.3,8.2,9.50321487402849,2.23390987818946
7.91551668,"TW Electro 004.jpg","Towanda",97.9605630212995,"low",5.29,7,56.3,8.2,8.51596052109197,2.23390987818946
7.167386194,"TW Electro 005.jpg","Towanda",78.1375183154674,"low",5.29,7,56.3,8.2,8.8847790950399,2.23390987818946
7.971689,"TW Electro 006.jpg","Towanda",92.12104351846,"low",5.29,7,56.3,8.2,8.91315443774625,2.23390987818946
8.776916013,"TW Electro 007.jpg","Towanda",96.8262359655171,"low",5.29,7,56.3,8.2,9.51187274365937,2.23390987818946
9.451647967,"TW Electro 008.jpg","Towanda",112.238347764033,"low",5.29,7,56.3,8.2,9.33755930073577,2.23390987818946
7.864764046,"TW Electro 009.jpg","Towanda",86.6157824843717,"low",5.29,7,56.3,8.2,9.13980604562278,2.23390987818946
7.91551668,"TW Electro 010.jpg","Towanda",81.9494786563039,"low",5.29,7,56.3,8.2,9.52361704188906,2.23390987818946
7.502935627,"TW Electro 011.jpg","Towanda",78.6237851012656,"low",5.29,7,56.3,8.2,9.26464224937778,2.23390987818946
9.161046665,"TW Electro 012.jpg","Towanda",103.449682813675,"low",5.29,7,56.3,8.2,9.52493014809039,2.23390987818946
8.12996768,"TW Electro 013.jpg","Towanda",86.3166348075503,"low",5.29,7,56.3,8.2,9.46851034525544,2.23390987818946
7.781401263,"TW Electro 014.jpg","Towanda",86.4393186860008,"low",5.29,7,56.3,8.2,9.05449248690222,2.23390987818946
7.810020244,"TW Electro 015.jpg","Towanda",69.3169823215062,"low",5.29,7,56.3,8.2,10.4360491717535,2.23390987818946
12.31759081,"TW FN 001.jpg","Towanda",156.141066119903,"low",5.29,7,56.3,8.2,9.89476809953888,2.23390987818946
11.21044468,"TW FN 002.jpg","Towanda",136.906028839821,"low",5.29,7,56.3,8.2,9.778692666275,2.23390987818946
11.46624645,"TW FN 003.jpg","Towanda",156.45291211176,"low",5.29,7,56.3,8.2,9.19937078328492,2.23390987818946
10.7012123,"TW FN 004.jpg","Towanda",115.952157476651,"low",5.29,7,56.3,8.2,10.3585640924628,2.23390987818946
10.60144913,"TW FN 005.jpg","Towanda",135.205307844219,"low",5.29,7,56.3,8.2,9.32019822652667,2.23390987818946
12.74769022,"TW FN 006.jpg","Towanda",167.271041556212,"low",5.29,7,56.3,8.2,9.8078169105138,2.23390987818946
10.87277353,"TW FN 007.jpg","Towanda",152.266143357281,"low",5.29,7,56.3,8.2,8.87277113195437,2.23390987818946
10.75001504,"TW FN 008.jpg","Towanda",137.581095563489,"low",5.29,7,56.3,8.2,9.34820855666487,2.23390987818946
9.366834487,"TW FN 009.jpg","Towanda",109.155212577,"low",5.29,7,56.3,8.2,9.4167076892003,2.23390987818946
9.41343973,"TW FN 010.jpg","Towanda",106.878997277903,"low",5.29,7,56.3,8.2,9.58936228262087,2.23390987818946
11.30609986,"TW FN 011.jpg","Towanda",152.222188793159,"low",5.29,7,56.3,8.2,9.22805823557593,2.23390987818946
7.809104596,"TW FN 012.jpg","Towanda",81.69643358703,"low",5.29,7,56.3,8.2,9.41381245569394,2.23390987818946
12.08740528,"TW FN 013.jpg","Towanda",163.961815199759,"low",5.29,7,56.3,8.2,9.41698758871408,2.23390987818946
9.722845206,"TW FN 014.jpg","Towanda",136.195300807113,"low",5.29,7,56.3,8.2,8.50879051754989,2.23390987818946
7.385358795,"TW FN 015.jpg","Towanda",80.2162524570302,"low",5.29,7,56.3,8.2,9.00558503056207,2.23390987818946
