"fishID","total_RakerNum","length_Raker1","length_Raker2","length_Raker3","length_Raker4","length_Raker5","length_Raker6","length_Raker7","length_Raker8","length_Raker9","space1","space2","space3","space4","space5","space6","space7","space8","lakeID","lakeDOC","basin","fishSL","avgRakerLength","avgRakerSpace","avgL_4.7","avgS_4.6","avgL2_ss","avgS2_ss"
"BA AN 001 07-13.jpg",10,16.75,27.77,22.2,25.15,18.89,17.56,22.7,19.48,19.31,7.23,7.59,8.82,10.23,10.47,9.71,8.97,9.51,"Bay",7.4,4,156.572298526272,21.09,9.06625,21.075,10.1366666666667,18.3298708422321,7.85569318679645
"BA AN 002 07-13.jpg",10,7.94,12.56,18.92,21.82,21.23,19.76,17.69,17.42,14.41,6.5,7.71,8.9,10.16,12.52,12.02,12.35,12.66,"Bay",7.4,4,152.851361344935,16.8611111111111,10.3525,20.125,11.5666666666667,17.6723111472655,9.12235106535329
"BA AN 003 07-13.jpg",10,8.12,12.87,16.17,22.78,22.61,19.22,17.56,13.6,13.86,5.66,5.13,5.51,6.92,8.61,9.38,8.23,8.51,"Bay",7.4,4,118.472150846433,16.31,7.24375,20.5425,8.30333333333333,19.9681768720969,7.8841948510532
"BA AN 004 07-13.jpg",11,10.65,14.4,17.18,19.43,19.91,17.59,16.11,15.56,12.57,6.71,5.89,8.93,9.83,9.11,9.19,9.42,8.76,"Bay",7.4,4,120.08622474289,15.9333333333333,8.48,18.26,9.37666666666667,17.6539632544668,8.81601363684464
"BA AN 005 07-13.jpg",11,12.29,16.22,23.68,26.49,25.51,10.05,16.93,16.42,15.68,7.15,6.2,8.45,6.48,8.91,10.41,11.04,9.89,"Bay",7.4,4,138.652594745609,18.1411111111111,8.56625,19.745,8.6,18.0260269912664,7.28183718398995
"BA AN 006 07-13.jpg",9,14,19.25,13.76,22.22,19.29,16.03,17.04,14.13,11.08,4.91,8.36,8.12,7.77,8.83,9.83,9.1,9.44,"Bay",7.4,4,143.963665305173,16.3111111111111,8.295,18.645,8.81,16.7685308020633,7.25815751367959
"BA AN 007 07-13.jpg",10,12.11,16.59,22.95,26.61,22.78,20.79,17.63,15.16,13.42,6.15,8.13,10.55,9.02,12.62,10.94,11.26,7.05,"Bay",7.4,4,153.849120203984,18.6711111111111,9.465,21.9525,10.86,19.2271349404209,8.52452076445352
"BA AN 008 07-13.jpg",11,12.37,14.14,19.52,24.56,18.94,16.96,19.56,19.18,18.32,7.02,5.13,7.84,8.3,9.77,9.08,9.12,9.19,"Bay",7.4,4,125.58363871321,18.1722222222222,8.18125,20.005,9.05,18.9988588473622,8.23590230749169
"BA AN 009 07-13.jpg",9,14.18,23.11,23.67,24.54,22.44,23.58,20.37,20.41,18.03,7.26,9.23,10.05,10.48,12.83,14.07,11.65,11.26,"Bay",7.4,4,164.198882914501,21.1477777777778,10.85375,22.7325,12.46,19.4000050693812,9.32740535500206
"BA AN 010 07-13.jpg",10,15.48,23.26,23.87,25.47,21.94,18.55,17.74,17.42,13.73,7.19,9.26,8.41,9.63,10.58,11.21,10.93,9.89,"Bay",7.4,4,148.372707517859,19.7177777777778,9.6375,20.925,10.4733333333333,18.5940268662477,8.4409583911785
"BA AN 011 07-13.jpg",11,10.25,16.62,21.2,20.77,19.69,16.2,18.21,19.49,16.11,4.77,6.94,9.36,8.85,12.19,11.3,13.91,11.77,"Bay",7.4,4,164.586375359384,17.6155555555556,9.88625,18.7175,10.78,15.9585801043208,8.05593322045178
"BA AN 012 07-13.jpg",13,8.54,11.49,11.69,19.09,23.52,22.02,20.18,16.93,17.55,3.22,4.58,5.65,6.15,8.29,9.57,9.11,10.88,"Bay",7.4,4,145.759557957103,16.7788888888889,7.18125,21.2025,8.00333333333333,18.9745959544785,6.53430270761573
"BA AN 013 07-13.jpg",11,9.79,15.05,19.04,20.39,18.24,16.6,16.32,12.27,15.4,7.42,7.78,8.61,7.79,9.12,9.44,8.31,9.56,"Bay",7.4,4,127.904687359299,15.9,8.50375,17.8875,8.78333333333333,16.8642428505395,7.88729781349374
"BA AN 014 07-13.jpg",10,9.68,10.75,20.27,19.86,18.55,16.95,16.67,18.83,17.56,7.02,5.95,7.59,8.67,8.57,10.25,10.37,12.03,"Bay",7.4,4,138.137085051227,16.5688888888889,8.80625,18.0075,9.16333333333333,16.4642304186671,7.77990758385341
"BA AN 015 07-13.jpg",10,14.37,16.92,22.7,26.47,24.54,17.56,15.48,15.92,12.84,5.58,7.51,9.95,9.18,9.74,11.06,10.51,10.83,"Bay",7.4,4,146.263545934043,18.5333333333333,9.295,21.0125,9.99333333333333,18.7786937128183,8.13854400738983
"BA FN4 001.jpg",12,11.41,16.75,16.36,15.17,14.44,14.04,15.06,12.53,10.44,4.66,6.45,6.05,6.22,6.4,6.96,6.37,6.53,"Bay",7.4,4,95.1196107593487,14.0222222222222,6.205,14.6775,6.52666666666667,15.5725814318199,7.27197220432225
"BA FN4 002.jpg",11,13.51,15.24,22.53,21,21.71,19.39,18.01,18.93,17.53,5.49,6.05,7.47,7.79,7.67,7.21,8.78,9.01,"Bay",7.4,4,115.585767400013,18.65,7.43375,20.0275,7.55666666666667,19.6600082385762,7.30530481180753
"BA FN4 003.jpg",13,9.95,16.01,19.74,18.85,19.32,15,10.15,9.31,12.97,8.32,6.3,7.5,8.1,9.51,9.25,6.47,7.55,"Bay",7.4,4,122.578964530298,14.5888888888889,7.875,15.83,8.95333333333333,15.1797293018633,8.29294257213909
"BA FN5 001 07-26.jpg",9,9.77,10.81,14.69,16.49,16.31,14.46,12.31,12.85,9.88,3.59,3.81,5.74,5.79,6.01,6.12,6.99,5.63,"Bay",7.4,4,83.2941403596316,13.0633333333333,5.46,14.8925,5.97333333333333,16.6597617609388,7.33123832728272
"BA FN5 002 07-26.jpg",11,14.07,15.34,15.91,13.96,11.37,9.78,11.17,8.69,8.01,5.58,6.4,5.77,6.04,8.18,6.55,7.61,5.17,"Bay",7.4,4,97.6188122133229,12.0333333333333,6.4125,11.57,6.92333333333333,12.1492674730435,7.56956709604444
"BA FN5 003 07-26.jpg",10,9.15,11.79,13.72,16.02,15.35,13.28,13.47,11.84,11.85,6.46,4.7,6.4,6.51,8.32,8.15,9.28,7.71,"Bay",7.4,4,106.155685737694,12.9411111111111,7.19125,14.53,7.66,14.7557877027904,7.87882637174065
"BA FN5 004 07-26.jpg",11,7.85,11.49,14.09,13.26,12.61,10.47,10.98,10.39,10.2,2.84,2.84,4.85,4.65,4.71,4.62,4.7,4.53,"Bay",7.4,4,64.3362542350734,11.26,4.2175,11.83,4.66,14.6694563872608,6.90318667255231
"BA FN5 005 07-26.jpg",12,9.47,13.25,16.1,18.12,16.2,15.39,12.25,11.15,8.6,3.91,4.7,5.45,5.85,5.88,6.38,5.65,7.34,"Bay",7.4,4,90.6686635133661,13.3922222222222,5.645,15.49,6.03666666666667,16.7517413440463,6.96497083910471
"BA FN5 006 07-26.jpg",11,5.6,9.04,12.62,15.59,14.81,14.74,14.06,13.5,13.89,3.19,4.46,4.31,5.27,5.6,6.03,5.58,7.1,"Bay",7.4,4,76.9524699694558,12.65,5.1925,14.8,5.63333333333333,17.0874846460103,7.32451970228291
"BA FN5 007 07-26.jpg",13,8.73,9.69,13.11,14.63,15.15,14.54,13.28,13.54,11.14,4.36,3.56,2.66,5.77,6.07,5.54,7,5.09,"Bay",7.4,4,77.4030527724844,12.6455555555556,5.00625,14.4,5.79333333333333,16.5869969263096,7.50058591638069
"BA FN5 008 07-26.jpg",11,11.36,15.04,18.17,18.22,15.96,14.62,14.05,12.85,8.93,4.56,5.12,5.97,6.13,6.59,6.84,7.21,5.74,"Bay",7.4,4,88.596736773879,14.3555555555556,6.02,15.7125,6.52,17.1497387773228,7.65038107221509
"BA FN8 001 07-16.jpg",12,9.47,12.3,16.3,19.41,25.77,22.26,19.2,19.47,17.24,3.64,6.22,6.1,7.73,7.64,9.16,10.73,11.08,"Bay",7.4,4,137.685830708937,17.9355555555556,7.7875,21.66,8.17666666666667,19.8295639581393,6.95876893386837
"BA FN8 003 07-16.jpg",11,14.07,18.28,22.1,27.64,23.37,21.48,20.14,18.38,17.76,6.92,8.92,9.6,10.68,10.24,10.81,12.44,11.08,"Bay",7.4,4,147.291923514665,20.3577777777778,10.08625,23.1575,10.5766666666667,20.6379170772988,8.56975834443223
"BH Electro 003 06-06.jpg",10,12.21,10.7,23.27,27.13,22.26,21.65,20.03,17.53,16.56,8.57,7.96,12.95,8.94,9.94,10.06,10.35,10.86,"Birch",10.9,7,141.387006339656,19.0377777777778,9.95375,22.7675,9.64666666666667,20.6241406682416,8.05269690615462
"BH Electro 004 06-06.jpg",12,11.67,16.37,25.76,25.7,24.11,23.16,19.24,18.47,18.11,7.21,6.84,4.36,7.35,8.45,7.71,7.21,8.41,"Birch",10.9,7,122.637091422661,20.2877777777778,7.1925,23.0525,7.83666666666667,22.1013617912799,7.25613398818354
"BH Electro 005 06-06.jpg",12,6.18,13.74,25.1,27.27,27.9,24.49,21.96,23.77,17.43,5.7,6.1,8.54,6.9,6.87,6.95,7.87,8.91,"Birch",10.9,7,134.43930527171,20.8711111111111,7.23,25.405,6.90666666666667,23.4804599161225,5.98099779779502
"BH Electro 006 06-06.jpg",11,22.21,33.1,32.34,33.11,27.18,26.46,25.78,22.85,15.88,9.84,6.88,7.71,8.54,9.93,10.81,10.26,10.78,"Birch",10.9,7,149.068198594133,26.5455555555556,9.34375,28.1325,9.76,24.9520581448033,7.83929779180188
"BH Electro 007 06-06.jpg",13,10.01,16.07,26.26,33.75,35.29,34.58,31.21,26.97,22.29,6.55,10.37,4.11,6.1,9.83,11.66,7.97,9.8,"Birch",10.9,7,144.712898486382,26.27,8.29875,33.7075,9.19666666666667,30.2524220531316,7.54811875913033
"BH Electro 008 06-06.jpg",11,8.83,10.68,18.11,26.95,29.04,26.82,24.62,22.8,21.09,7.69,8.8,6.28,8.04,6.45,6.72,7.16,7.38,"Birch",10.9,7,117.834229828857,20.9933333333333,7.315,26.8575,7.07,26.1628948456412,6.73957308142298
"BH FN 001 06-06.jpg",12,10.45,17.42,23.19,29.05,24.29,22.99,19.87,20.24,19.73,10.44,6.92,8.56,8.27,10.31,9.25,11.04,10.98,"Birch",10.9,7,134.986820547971,20.8033333333333,9.47125,24.05,9.27666666666667,22.1921085345062,8.00960846083965
"BH FN 002 06-06.jpg",13,8.51,9.22,12.06,15.22,17.29,19.99,19.1,23.71,25.93,4.25,6.02,5.32,6.48,5.45,5.89,6.58,6.32,"Birch",10.9,7,90.9007693580753,16.7811111111111,5.78875,17.9,5.94,19.3383214100725,6.84068685123804
"BH FN1 001 06-28.jpg",10,11.46,7.77,21.23,26.03,25.39,21.16,19.97,20.16,16.58,4.32,5.76,5.33,5.7,6.74,6.11,8.39,7.77,"Birch",10.9,7,103.000296823067,18.8611111111111,6.265,23.1375,6.18333333333333,23.7815037269211,6.50132281079309
"BH FN1 002 06-28.jpg",11,10.03,9.55,24.38,26.86,25.99,23.21,21.49,17.67,15.2,5.65,4.29,7.45,6.81,5.6,7.19,7.3,6.98,"Birch",10.9,7,112.955830015985,19.3755555555556,6.40875,24.3875,6.53333333333333,24.1607525086822,6.42279953857745
"BH FN1 003 06-28.jpg",9,33.42,24.67,26.7,23.53,23.09,19.79,13.9,16.93,14.35,5.98,6.39,6.52,6.6,5.47,5,6.32,4.79,"Birch",10.9,7,99.2378174941388,21.82,5.88375,20.0775,5.69,20.9448626716916,6.14701366051611
"BH FN1 004 06-28.jpg",12,7.79,10.94,18.56,15.56,26.59,26.52,23.17,21.59,22.27,5.22,7.2,5.96,6.41,5.87,6.16,6.77,5.74,"Birch",10.9,7,93.2384198275582,19.2211111111111,6.16625,22.96,6.14666666666667,24.5550033877233,6.94896215665375
"BH FN3 002 06-28.jpg",9,13.97,25.29,30.75,23.12,21.96,15.87,16.99,15.15,13.3,6.84,9.54,10.25,11,11.02,10.98,9.71,10.28,"Birch",10.9,7,131.5666054168,19.6,9.9525,19.485,11,18.1647206751797,9.67678776742922
"BH FN3 003 06-28.jpg",10,6.27,16.36,35.95,24.35,19.35,17.63,15.52,17.15,15.12,6.06,8.17,14.27,7.93,8.06,7.64,6.76,6.92,"Birch",10.9,7,117.739526908723,18.6333333333333,8.22625,19.2125,7.87666666666667,18.7216164154101,7.51293799581599
"BH FN3 004 06-28.jpg",9,11.33,14.88,24.77,30.37,26.79,21.89,17.12,20.75,16.34,6.37,4.98,7.83,7.75,7.41,7.87,8.07,7.83,"Birch",10.9,7,107.027643894136,20.4711111111111,7.26375,24.0425,7.67666666666667,24.3365837897868,7.84905622433774
"BH FN3 005 06-28.jpg",12,18.83,16.92,25.91,28.04,24.59,23.17,19.44,17.46,14.02,4.24,5.94,7.17,6.35,6.55,9.39,6.54,8.43,"Birch",10.9,7,95.7699037736282,20.9311111111111,6.82625,23.81,7.43,25.193464484751,8.23747458653644
"BH FN3 006 06-28.jpg",11,7.95,16.25,22.35,25.24,23.11,20.82,17.35,16.23,14.11,5.1,5.39,6.05,4.99,6.16,5.68,5.92,6.55,"Birch",10.9,7,90.5717889895634,18.1566666666667,5.73,21.63,5.61,23.401850855591,6.47773487330517
"BH FN3 007 06-28.jpg",11,11.72,16.27,23.39,23.48,22.72,16.5,15.09,13.28,13.57,6.66,5.21,6.88,5.56,6.74,6.41,7.32,7.4,"Birch",10.9,7,97.1067292787683,17.3355555555556,6.5225,19.4475,6.23666666666667,20.464042760613,6.84498146897353
"BH FN3 008 06-28.jpg",11,9.16,25.03,24.39,25.87,22.58,19.41,16.96,16.03,11.43,12.48,6.21,6.73,8.51,6.86,7.85,7.1,6.77,"Birch",10.9,7,102.294684879763,18.9844444444444,7.81375,21.205,7.74,21.8550455846907,8.17889781084136
"BH FN3 009 06-28.jpg",13,6.01,7.52,15.57,17.37,14.83,12.87,12.06,11.34,10.76,3.68,7.66,5.44,5.61,5.27,5.86,6.79,7.13,"Birch",10.9,7,96.6223124023121,12.0366666666667,5.93,14.2825,5.58,15.05906561471,6.1466160397806
"BH FN3 010 06-28.jpg",10,15.86,13.71,22.82,20.25,20.25,17.37,14.41,13.77,12.7,4.4,3.68,5.95,5.47,5.57,5.14,6.49,6.86,"Birch",10.9,7,81.7092100970876,16.7933333333333,5.445,18.07,5.39333333333333,20.3697939213675,6.71267639485953
"BH FN3 011 06-28.jpg",13,3.11,3.02,4.77,13.31,20.87,20.16,17.8,16.46,15.95,2.97,3.64,3.62,2.32,8.12,4.29,4.11,4.41,"Birch",10.9,7,60.7953918915735,12.8277777777778,4.185,18.035,4.91,22.8744042730625,7.57974268351605
"BH FN3 012 06-28.jpg",9,8.46,20.82,23.55,22.73,20.2,16.32,15.11,12.89,12.12,3,6.88,5.89,5.24,5.19,5.22,6.14,6.08,"Birch",10.9,7,77.6057439815507,16.9111111111111,5.455,18.59,5.21666666666667,21.3910312345972,6.74112517598161
"BH FN3 013 06-28.jpg",11,11.52,16.49,20.16,20.63,18.57,18,16.28,14.46,10.83,4.54,3.49,6.19,6.16,5.68,5.39,5.46,5.79,"Birch",10.9,7,68.9239079595027,16.3266666666667,5.3375,18.37,5.74333333333333,22.161996861645,8.09163867828417
"BH FN4 001 06-28.jpg",11,4.91,11.68,18.02,19.54,18.56,18.46,16.57,16.29,17.58,3.56,2.85,4.45,4.58,4.24,4.52,3.67,4.75,"Birch",10.9,7,69.0175051697756,15.7344444444444,4.0775,18.2825,4.44666666666667,22.0445014340841,6.2586073624059
"BH FN4 002 06-28.jpg",10,14.77,12.77,28.34,25.52,22.49,20.9,17.7,17.79,15.21,4.33,6.93,7.58,7.41,7.48,5.96,7.59,7.85,"Birch",10.9,7,113.998995207502,19.4988888888889,6.89125,21.6525,6.95,21.3726853127025,6.78681595036411
"BH FN4 003 06-28.jpg",10,18.61,26.61,10.9,24.67,19.76,21.24,18.01,16.19,13.71,6.09,8.19,8.59,8.5,8.06,8.02,8.29,6.77,"Birch",10.9,7,122.497429400988,18.8555555555556,7.81375,20.92,8.19333333333333,20.0659641847368,7.59267889951219
"BH FN4 004 06-28.jpg",12,9.43,15.98,23.99,26.6,24.01,22.6,19.72,17.59,13.24,4.87,5.05,7.35,7.03,7.4,9.97,7.69,7.86,"Birch",10.9,7,110.995680783083,19.24,7.1525,23.2325,8.13333333333333,23.1777339101619,8.0983453331724
"CR FN1 001.jpg",9,14.38,17.1,15.04,14.45,14.2,12.27,11.52,8.23,5,3.62,4.41,5.93,4.79,5.37,4.94,3.71,3.55,"Crampton",5,4,64.9736583635245,12.4655555555556,4.54,13.11,5.03333333333333,16.192895592332,7.40287568483598
"CR FN1 002.jpg",11,8.49,11.1,17.84,21.47,20.07,15.62,10.21,11.21,12.76,5.72,4.96,6.78,7.8,7.73,6.84,6.8,9.72,"Crampton",5,4,124.827730333047,14.3077777777778,7.04375,16.8425,7.45666666666667,16.0339729680081,6.81580803660219
"CR FN1 003.jpg",11,6.57,14.87,18.31,22.15,20.76,17.22,13.16,12.45,14.6,8.61,3.87,5.68,6.02,6.08,5.66,7.98,9.3,"Crampton",5,4,108.588121537349,15.5655555555556,6.65,18.3225,5.92,18.4398662125635,5.98945222265483
"CR FN1 004.jpg",11,7.37,9.62,14.18,14.55,14.07,12.88,10.42,7.37,9.61,3.47,3.24,4.1,3.82,4.3,4.74,6.87,5.59,"Crampton",5,4,64.9022072346542,11.1188888888889,4.51625,12.98,4.28666666666667,16.0393617000631,6.30975614201009
"CR FN1 005.jpg",11,7.37,9.62,14.18,14.55,14.07,12.88,10.42,7.37,9.61,3.47,3.24,4.1,3.82,4.3,4.74,6.87,5.59,"Crampton",5,4,83.2392399274525,11.1188888888889,4.51625,12.98,4.28666666666667,14.524127825842,5.26367288326616
"CR FN1 006.jpg",11,7.82,11.88,14.61,16.85,16.79,13.64,14.11,12.46,10.65,4.3,4.41,6.43,5.14,5.02,5.58,5.84,5.78,"Crampton",5,4,77.1095262859266,13.2011111111111,5.3125,15.3475,5.24666666666667,17.7052043776733,6.81164717732424
"CR FN1 007.jpg",12,6.47,7.25,8.03,8.67,13.86,13.45,12.58,10.36,11.73,3.66,3.08,2.25,2.18,2.94,4.04,4.84,3.55,"Crampton",5,4,61.568964804437,10.2666666666667,3.3175,12.14,3.05333333333333,15.3201311983875,4.67032472035851
"CR FN1 008.jpg",12,5.13,9.78,12.26,17.59,19.42,18.11,15.85,15.32,13.32,3.46,7.02,5.46,4.57,7.56,7.95,9.01,8.4,"Crampton",5,4,102.729921772481,14.0866666666667,6.67875,17.7425,6.69333333333333,18.255466016563,7.05103833744151
"CR FN1 009.jpg",13,7.16,10.12,11.65,18.11,20.78,18.93,16.4,15.18,13.99,3.25,5.86,5.67,5.11,6.87,7.6,8.88,8.62,"Crampton",5,4,107.226411933488,14.7022222222222,6.4825,18.555,6.52666666666667,18.7680692772535,6.6642179210743
"CR FN1 010.jpg",12,5.41,10.93,16.7,16.29,16.25,14.75,11.33,9.19,9.04,2.17,3.01,3.7,3.87,4.7,4.1,4.65,3.82,"Crampton",5,4,56.3885861306169,12.21,3.7525,14.655,4.22333333333333,19.1536614925898,6.88706225029827
"CR FN1 011.jpg",12,9.47,12.77,19.1,16.53,17.42,15.32,14.07,14.75,12.43,4.75,3.6,4.62,5.45,6.09,6.61,5.86,6.25,"Crampton",5,4,79.4777496058488,14.6511111111111,5.40375,15.835,6.05,18.0485458114929,7.68340778270292
"CR FN1 012.jpg",12,4.61,12.52,13.11,13.93,13.95,12.32,12.02,10.28,9.83,3.12,2.28,3.59,3.67,4.09,4.94,4.92,5.35,"Crampton",5,4,66.3941059255263,11.3966666666667,3.995,13.055,4.23333333333333,15.9864912308629,6.12894018857057
"CR FN1 013.jpg",11,7.86,11.89,18.72,19.6,17.77,16.71,12.38,15.14,13.04,4.2,2.91,3.6,4.25,5.08,5.24,5.7,4.78,"Crampton",5,4,75.4055271929717,14.79,4.47,16.615,4.85666666666667,19.3389938860304,6.40879776067142
"CR FN1 014.jpg",13,6.09,10.72,12.79,12.22,10.93,14.38,11.6,9.42,9.49,4.15,2.8,3,3.48,3.35,2.9,3.67,4.18,"Crampton",5,4,62.4236588614445,10.8488888888889,3.44125,12.2825,3.24333333333333,15.414975885033,4.91137262372695
"CR FN1 015.jpg",12,3.73,6.98,9.37,12.57,14.47,13.96,11.61,9.8,10.87,3.25,4.81,3.66,5.38,3.86,4.86,4.49,5.07,"Crampton",5,4,64.5879257673599,10.3733333333333,4.4225,13.1525,4.7,16.2840117262729,6.94266815008481
"CR FN7 001.jpg",12,10.33,12.76,16.3,20.18,19.36,18.48,15.47,12.87,9.19,6.77,5.47,7.51,8.08,8.03,8.05,8.05,7.88,"Crampton",5,4,111.920484901469,14.9933333333333,7.48,18.3725,8.05333333333333,18.2686405477919,7.97036825040913
"CR FN7 002.jpg",11,8.83,11.34,15.82,16.46,13.51,9.88,12.26,8.54,9.84,5.91,5.55,7.24,6.61,7.8,7.61,8.1,6.35,"Crampton",5,4,101.884494593535,11.8311111111111,6.89625,13.0275,7.34,13.4483934021478,7.77895079896701
"CR FN7 003.jpg",12,4.87,6.79,11.89,11.31,10.87,10.88,11.42,11.42,10.09,2.32,3.83,4.04,3.65,3.39,4.77,3.72,4.94,"Crampton",5,4,62.4763151802345,9.94888888888889,3.8325,11.12,3.93666666666667,13.9513049412389,5.95762536865379
"CR FN7 004.jpg",12,7.83,12.05,17.03,17.15,17.36,13.98,12.09,12.13,10.79,5.82,7.44,5.74,7.32,5.91,8.1,7.28,8.31,"Crampton",5,4,117.199394681372,13.3788888888889,6.99,15.145,7.11,14.7851282766125,6.80442784685588
"CR FN9 001.jpg",13,4.62,9.43,12.32,16.62,18.82,18.75,16.5,14.92,15.34,2.5,5.52,3.64,5.79,6.11,7.21,6.81,7.21,"Crampton",5,4,104.248723114099,14.1466666666667,5.59875,17.6725,6.37,18.0773296889639,6.63906629993659
"CR FN9 002.jpg",12,8.98,14.79,15.84,20.18,22.7,18.78,17.75,17.04,17.45,5.95,8.45,4.8,7.26,9.15,8.96,9.22,9.5,"Crampton",5,4,134.625515138142,17.0566666666667,7.91125,19.8525,8.45666666666667,18.3384608654339,7.31587822335647
"CR FN9 003.jpg",11,9.16,13.96,18.29,23.19,19.8,16.01,17.56,14.72,12.75,5.66,5.49,6.91,5.91,8.96,10.26,8.65,7.51,"Crampton",5,4,119.5567,16.16,7.41875,19.14,8.37666666666667,18.5373978575235,7.9012012372108
"CR FN9 004.jpg",10,7.58,12.84,16.71,17.24,17.33,15.04,15.45,12.53,11.75,2.77,3.54,4.68,6.48,6.04,6.72,6.35,6.22,"Crampton",5,4,80.6129055435295,14.0522222222222,5.35,16.265,6.41333333333333,18.434104479117,8.06112631921897
"CR FN9 005.jpg",12,4.91,8.41,9.72,14.27,16.02,15.47,12.86,13.08,12.56,2.62,3.73,3.13,5,4.12,4.49,5.45,4.48,"Crampton",5,4,61.7396415449588,11.9222222222222,4.1275,14.655,4.53666666666667,18.473541937156,6.92522576913142
"CR FN9 006.jpg",12,10.9,15.74,16.97,17.67,16.77,17.58,16.86,13.52,12.45,1.84,3.23,4.19,4.24,4.5,4.39,4.85,5.21,"Crampton",5,4,68.9114885196946,15.3844444444444,4.05625,17.22,4.37666666666667,20.7761030396904,6.16698570383094
"CR FN9 007.jpg",12,8.18,9.11,10.62,13.84,17.34,14.38,12.66,11.7,11.79,2.64,2.48,3.13,4.32,4.5,5.22,4.8,5.44,"Crampton",5,4,64.6708259515061,12.18,4.06625,14.555,4.68,18.0112207906329,6.90666829696286
"CR FN9 008.jpg",12,8.51,11.95,16.27,17.06,17.63,14.99,10.13,12.28,12.09,4.31,2.85,5.45,5.08,4.74,5.33,4.91,5.38,"Crampton",5,4,65.1208522607774,13.4344444444444,4.75625,14.9525,5.05,18.45201160906,7.41515518012913
"CR FN9 009.jpg",12,4.54,7.14,9.51,13.07,14.19,13.79,12.98,12.04,10.08,2.49,3.36,2.59,4.7,4.87,4.77,5.4,5.2,"Crampton",5,4,69.5409129796985,10.8155555555556,4.1725,13.5075,4.78,16.2379493666172,6.69084324461954
"CR FN9 010.jpg",12,9.16,13.62,19.85,20.88,19.74,17.19,15.26,14.82,11.08,5.97,5.6,4.82,8.1,8.34,7.43,8.77,9.03,"Crampton",5,4,119.996875415654,15.7333333333333,7.2575,18.2675,7.95666666666667,17.6664574845908,7.48497609750711
"CR FN9 011.jpg",12,8.88,14.24,22.02,22.05,20.69,18.01,16.35,14.31,10.61,5.02,4.47,6.41,5.45,6.26,6.16,6.46,6.49,"Crampton",5,4,88.3045924579803,16.3511111111111,5.84,19.275,5.95666666666667,21.065833545628,7.00621885415756
"FD Electro 001.jpg",10,7.93,16.67,15.84,21.48,22.1,20.25,15.86,12.09,10.96,2.91,2.39,5.25,4.88,6.39,5.14,5.24,4.89,"Found",6.21,7,72.2010369278032,15.9088888888889,4.63625,19.9225,5.47,23.5938329909358,7.45013542361292
"FD Electro 002.jpg",13,9.3,8.39,12.09,18.92,18.69,18.24,17.95,16.14,14.63,7.88,8.14,8.69,7.88,8.01,6.93,7.75,7.93,"Found",6.21,7,102.920826975156,14.9277777777778,7.90125,18.45,7.60666666666667,18.969370969734,8.0023518599878
"FD Electro 003.jpg",14,11.25,14.49,18.77,28.61,31.14,26.37,26.89,25.84,25.75,7.43,7.52,8.17,10.92,8.41,8.47,9.45,8.59,"Found",6.21,7,115.461007454118,23.2344444444444,8.62,28.2525,9.26666666666667,27.746031808589,8.96547447008501
"FD Electro 004.jpg",11,5.99,7.87,9.24,18.3,18.19,18.47,16.82,15.41,12.01,1.96,4.03,1.86,4.37,4.78,5.36,5.37,4.66,"Found",6.21,7,106.006614571167,13.5888888888889,4.04875,17.945,4.83666666666667,18.2340704318179,4.97993292763829
"FD Electro 005.jpg",11,10.73,11.91,16.09,23.31,15.88,17.47,17.31,13.13,12.64,5.31,4.82,6.37,5.64,6.32,6.72,6.12,8.56,"Found",6.21,7,117.113827405008,15.3855555555556,6.2325,18.4925,6.22666666666667,18.0583448141213,5.9622295544298
"FD Electro 006.jpg",12,5.82,16.48,17.62,15.67,15.57,13.69,13.53,12.44,11.93,2.68,4.12,3.74,3.99,3.9,4.37,4.14,4.01,"Found",6.21,7,73.8528463842119,13.6388888888889,3.86875,14.615,4.08666666666667,17.1528314822423,5.47507166529425
"FD Electro 007.jpg",14,8.04,12.48,13.29,18.63,21.64,19.66,17.8,11.62,11.35,5.6,9.48,6.01,8.34,8.93,8.44,9.15,7.29,"Found",6.21,7,110.850488179935,14.9455555555556,7.905,19.4325,8.57,19.3968141562372,8.54127391210611
"FD Electro 008.jpg",13,4.76,13.07,14.8,17.73,11.69,15.26,13.02,12.64,10.31,2.51,3.94,3.34,4.21,6,5.85,5.05,5.43,"Found",6.21,7,117.905832390514,12.5866666666667,4.54125,14.425,5.35333333333333,14.0485280554543,5.10087964295593
"FD Electro 009.jpg",12,6.85,9.32,13.6,18.72,21.41,17.34,17.72,16.65,14.87,2.69,3.99,4.07,4.85,4.64,5.2,5.75,5.67,"Found",6.21,7,96.1554843961071,15.1644444444444,4.6075,18.7975,4.89666666666667,19.8578714245195,5.41295785607152
"FD Electro 010.jpg",12,10.55,13.11,23.21,25.67,22.44,21.68,18.81,16.23,15.55,4.88,3.99,5.2,5.37,5.03,5.49,5.06,4.58,"Found",6.21,7,99.7368107595185,18.5833333333333,4.95,22.15,5.29666666666667,23.0607237510349,5.70121960567439
"FD Electro 011.jpg",13,8.46,13.97,18.02,27.84,30.17,28.29,22.01,17.17,21.29,4.58,9.03,6.64,7.19,7.93,6.62,8.07,8.56,"Found",6.21,7,105.026995089072,20.8022222222222,7.3275,27.0775,7.24666666666667,27.6157392387537,7.5119517508907
"FD Electro 012.jpg",14,8.47,13.63,16.41,21.31,22.97,22.99,19.15,17.67,16.14,3.91,6.88,6.96,6.1,8.37,8.06,8.38,7.79,"Found",6.21,7,69.8789473636373,17.6377777777778,7.05625,21.605,7.51,25.9221269197128,10.475114611574
"FD Electro 013.jpg",13,9.37,13.1,21.6,24.38,18.5,23.37,21.39,19.62,18,6.19,15.86,12.69,6.76,6.94,6.15,6.29,7.26,"Found",6.21,7,69.0065987176589,18.8144444444444,8.5175,21.91,6.61666666666667,26.420099421216,9.31391747792853
"FD Electro 014.jpg",12,9.32,9.92,20.67,23.13,22.86,16.61,16.41,14.59,16.21,4.12,3.51,5.96,6.17,5.9,6.22,5.17,6.39,"Found",6.21,7,104.05519217324,16.6355555555556,5.43,19.7525,6.09666666666667,20.2199547888506,6.36279429556339
"FD Electro 015.jpg",13,7.11,9.97,14.61,21.86,22.1,20.28,18.01,16.79,15.28,4.01,5.68,6.59,6.95,6.58,7.02,8.18,7.38,"Found",6.21,7,102.080792607522,16.2233333333333,6.54875,20.5625,6.85,21.2105471666408,7.24947553828369
"FD Electro 016.jpg",9,11.72,21.23,17.46,19.68,15.39,12.4,7.3,14.04,9.45,4.96,6.28,5.97,7.53,7.15,7.4,5.92,7.43,"Found",6.21,7,68.2850387825913,14.2966666666667,6.58,13.6925,7.36,16.5804126223252,10.4399016765934
"FD Electro 017.jpg",13,6.62,8.65,13.7,19.04,15.74,14.64,14.79,13.48,12.73,2.44,3.23,2.82,4.52,4.12,3.62,3.85,3.89,"Found",6.21,7,114.907727563859,13.2655555555556,3.56125,16.0525,4.08666666666667,15.7949625145014,3.96769790079561
"FD Electro 018.jpg",11,6.52,8.56,19.73,19.49,18.33,17.9,15.23,12.91,14.42,5.13,3.07,4.44,4.13,4.32,4.24,5.11,4.81,"Found",6.21,7,109.724682625743,14.7877777777778,4.40625,17.7375,4.23,17.7771483522945,4.24728750396275
"FD Electro 019.jpg",11,10.99,14.86,20,13.01,15.08,15.26,15.45,13.91,12.92,6.57,6.58,7.02,7.07,8.5,8.03,7.55,8.42,"Found",6.21,7,74.3267347287637,14.6088888888889,7.4675,14.7,7.86666666666667,17.208640516821,10.4902977034793
"FD Electro 020.jpg",13,9.8,12.5,16.64,22.98,23.91,23.62,18.12,19.3,19.26,7.34,6.25,7.78,9.56,6.9,7.52,9.73,9.28,"Found",6.21,7,77.7522974787241,18.4588888888889,8.045,22.1575,7.99333333333333,25.476885392944,10.3150266553667
"FD Electro 021.jpg",12,3.38,6.82,7.82,18.21,20.56,17.81,16.74,15.68,14.92,3.46,4.5,3.75,4.31,4.56,4.62,5.17,4.1,"Found",6.21,7,77.4037500056037,13.5488888888889,4.30875,18.33,4.49666666666667,21.113788991486,5.82176295000628
"FD Electro 022.jpg",10,12.54,14.55,18.91,24.89,22.37,18.58,15.12,12.34,12.66,6.22,6.85,9.51,7.85,8.59,8.2,8.02,9.07,"Found",6.21,7,77.1012187431561,16.8844444444444,8.03875,20.24,8.21333333333333,23.3503003302849,10.664050827295
"FD Electro 023.jpg",13,7.6,12.08,15.15,21.19,24.75,21.92,17.49,18.8,15.37,3.27,6.26,6.9,7.99,7.77,7.88,7.86,7.67,"Found",6.21,7,77.7881972842282,17.15,6.95,21.3375,7.88,24.5295262771492,10.1653563854508
"FD Electro 024.jpg",11,8.43,10.52,17.79,18.84,16.2,14.99,14.39,12.62,10.6,3.79,5.8,5.8,5.36,5,5.21,5.39,5.52,"Found",6.21,7,82.8828423114217,13.82,5.23375,16.105,5.19,18.0517469923938,6.39284241472471
"FD Electro 025.jpg",10,5.79,8.48,10.26,22.16,18.38,16.76,15.23,14.34,11.36,2.94,3.15,4.8,4.56,5.43,6.08,5.09,5.44,"Found",6.21,7,71.6140080792159,13.64,4.68625,18.1325,5.35666666666667,21.5439957053439,7.33929229489491
"FD Electro 026.jpg",10,8.61,9.59,12.28,15.34,16.13,18.93,18.42,19.82,19.67,4.1,3.84,5.87,5.53,5.69,5.54,5.75,5.29,"Found",6.21,7,83.3443516090923,15.4211111111111,5.20125,17.205,5.58666666666667,19.2420563402709,6.85366216374516
"FD Electro 027.jpg",12,8.67,12.58,17.44,16.88,15.32,14.37,13.61,14.53,12.99,4.18,2.9,4.77,5.73,5.57,5.69,5.78,6.5,"Found",6.21,7,79.0215830462159,14.0433333333333,5.14,15.045,5.66333333333333,17.1875216264127,7.22256839673207
"FD Electro 028.jpg",12,9.62,12.61,22.78,19.36,19.21,17.62,12.02,15.21,15.54,3.36,5.62,6.38,5.76,5.97,6.74,4.26,5.47,"Found",6.21,7,78.8307294479761,15.9966666666667,5.445,17.0525,6.15666666666667,19.4996999337631,7.86556988849916
"FD Electro 029.jpg",12,6.29,9.91,13.08,22.44,23.45,22.34,16.56,16.63,16.18,3.62,5.28,4.89,4.73,4.8,5.75,4.71,5.83,"Found",6.21,7,56.1119530411302,16.32,4.95125,21.1975,5.09333333333333,27.7589081026352,8.33559503906219
"FD Electro 030.jpg",10,15.62,13.63,21.23,19.37,17.97,16.5,15.14,9.42,6.53,2.57,3.21,4.65,6.11,5.11,6.42,3.65,5.78,"Found",6.21,7,67.2185272108814,15.0455555555556,4.6875,17.245,5.88,21.0136821478035,8.43676760722437
"HB AN 001 07-24.jpg",10,15.38,24.59,24.3,21.55,24.15,22.54,20.94,20.21,18.63,6.9,9.21,10.07,10.17,12.79,13.92,12.07,10.96,"Hummingbird",24.5,4,161.727669470162,21.3655555555556,10.76125,22.295,12.2933333333333,19.1420532159868,9.30486355749613
"HB AN 001.jpg",11,15.08,16.25,23.14,21.08,30.04,29.18,27.52,26.01,23.36,3.92,4.86,9.41,11.29,14.15,12.74,12.82,15.29,"Hummingbird",24.5,4,180.237789118292,23.5177777777778,10.56,26.955,12.7266666666667,22.1642261046086,8.9016923914298
"HB AN 002 07-24.jpg",11,15.3,22.6,18.53,24.68,26.28,24.54,23.35,20.65,17.33,6.93,9.98,9.06,11.58,12.73,15.13,13.3,15.03,"Hummingbird",24.5,4,153.411653951876,21.4733333333333,11.7175,24.7125,13.1466666666667,21.6690785612194,10.3408600418446
"HB AN 002.jpg",11,11.02,15.22,26.6,29.15,23.28,28.02,23.67,24.69,21.52,8.07,7.23,6.21,10.59,11.09,9.66,10.69,8.98,"Hummingbird",24.5,4,178.387462944233,22.5744444444444,9.065,26.03,10.4466666666667,21.4918897351626,7.36207539496303
"HB AN 003 07-24.jpg",10,17.58,20.21,27.69,25.74,22.74,22.53,19.75,20.72,16.58,4.59,7.94,8.99,9.61,10.25,11.8,12.68,11.02,"Hummingbird",24.5,4,137.554672202292,21.5044444444444,9.61,22.69,10.5533333333333,20.780417540455,8.98767355827669
"HB AN 003.jpg",11,15.11,15.7,30.12,26.84,30.21,29.85,25.16,25.08,24.62,7.88,8.49,8.36,10.57,12.36,12.37,12.26,12.78,"Hummingbird",24.5,4,170.937615732816,24.7433333333333,10.63375,28.015,11.7666666666667,23.5276946870354,8.55405276308624
"HB AN 004 07-24.jpg",11,9.71,17.9,22.99,33.11,34.07,31.54,26.89,25.57,22.96,3.67,6.22,11.48,11.1,12.05,12.35,11.41,12.64,"Hummingbird",24.5,4,158.078554310254,24.9711111111111,10.115,31.4025,11.8333333333333,27.2080773223917,9.1068354358202
"HB AN 004.jpg",10,15.97,20.34,26.7,30.72,27.38,25.52,25.74,21.39,17.37,6.01,12,10.94,11.84,11.09,12.61,14.2,11.36,"Hummingbird",24.5,4,174.581648285551,23.4588888888889,11.25625,27.34,11.8466666666667,22.7684746954662,8.48088665168782
"HB AN 005 07-24.jpg",10,22.61,26.24,35.8,32.79,30.71,25.64,20.99,19.97,11.94,3.82,13.17,12.23,14.31,15.82,14.59,13.49,12.48,"Hummingbird",24.5,4,150.976170918493,25.1877777777778,12.48875,27.5325,14.9066666666667,24.2963480034347,11.8627207280494
"HB AN 005.jpg",12,14.96,21.19,27.56,24.44,28.59,24.73,24.26,19.47,17.83,7.25,5.77,7.49,8.67,10.48,14.02,9.3,11.73,"Hummingbird",24.5,4,169.612822707394,22.5588888888889,9.33875,25.505,11.0566666666667,21.4862973982882,8.08358721530108
"HB AN 006 07-24.jpg",12,16.29,30.63,31.35,29.47,27.47,23.68,20.36,18.7,13.68,7.71,7.5,9.81,13.21,9.83,11,11.8,11.77,"Hummingbird",24.5,4,149.416892076699,23.5144444444444,10.32875,25.245,11.3466666666667,22.3701433866897,9.09822088441575
"HB AN 006.jpg",10,14.59,22.68,27.53,31.44,27.95,27.08,24.65,24.52,20.97,6.94,6.1,11.93,10.97,10.74,11.23,12.81,11.63,"Hummingbird",24.5,4,169.288175353921,24.6011111111111,10.29375,27.78,10.98,23.4207239344675,8.03874722119743
"HB AN 007 07-24.jpg",11,14.6,13.5,28.13,35.09,32.61,27.91,26.32,24.98,22.91,12.46,11.26,11.52,11.21,13.02,13.43,12.06,12.98,"Hummingbird",24.5,4,154.573079080058,25.1166666666667,12.2425,30.4825,12.5533333333333,26.6482132658785,9.82005667992708
"HB AN 007.jpg",13,12.61,16.56,16.89,24.4,25.62,25.58,22.81,20.99,21.17,8.84,9.62,6.74,7.6,7.5,10.73,11.72,15.66,"Hummingbird",24.5,4,159.0741235191,20.7366666666667,9.80125,24.6025,8.61,21.2630483566946,6.59594969523612
"HB AN 008 07-24.jpg",11,11.88,21.68,30.73,32.09,33.01,29.06,23.76,23.01,19.64,5.32,6.4,9.55,10.54,12.64,13.66,14.39,13.25,"Hummingbird",24.5,4,154.199137092689,24.9844444444444,10.71875,29.48,12.28,25.7967199109542,9.62320146849515
"HB AN 008.jpg",13,13.64,17.33,21.11,29.61,30.77,33.04,29.76,24.37,23.52,5.27,11.22,7.75,8.15,10.58,11.07,10.57,10.69,"Hummingbird",24.5,4,164.551079356229,24.7944444444444,9.4125,30.795,9.93333333333333,26.2581279584404,7.42437601182279
"HB AN 009 07-24.jpg",12,12.44,21.25,29.33,37,37.19,36.86,34.87,32.79,30.29,6.81,4.62,8.52,9.12,9.23,11.42,12.09,12.53,"Hummingbird",24.5,4,156.338762131501,30.2244444444444,9.2925,36.48,9.92333333333333,31.747181291298,7.69873122445538
"HB AN 009.jpg",10,17.51,22.58,30.57,34.24,33.95,27.01,28.09,27.94,23.31,5.8,5.4,9.22,11.99,11.8,12.18,11.33,10.96,"Hummingbird",24.5,4,167.052683448815,27.2444444444444,9.835,30.8225,11.99,26.1239133036232,8.86361201137749
"HB AN 010 07-24.jpg",11,19.31,25.66,29.39,26.96,21.82,20.44,20.56,18.94,14.16,6.88,10.05,9.99,10.51,10.04,11.52,12.64,12.3,"Hummingbird",24.5,4,145.867154794662,21.9155555555556,10.49125,22.445,10.69,20.0806272102246,8.7231351353007
"HB AN 010.jpg",11,13.88,19.03,27.65,28.37,26.27,19.55,20.06,18.06,21.4,7.02,7.16,7.44,9.1,8.2,9.8,10.66,11.01,"Hummingbird",24.5,4,152.834661586958,21.5855555555556,8.79875,23.5625,9.03333333333333,20.6917751823318,7.12493922443424
"HB AN 011 07-24.jpg",11,19.28,20.91,31.04,30.88,31.99,28.89,29.03,27.78,24.66,5.59,7.04,6.5,8.65,10.04,11.52,13.79,11.83,"Hummingbird",24.5,4,152.991468080707,27.1622222222222,9.37,30.1975,10.07,26.5075610359666,7.93666733308266
"HB AN 011.jpg",11,17.47,20.13,29.42,26.2,29.29,31.16,26.28,25.49,23.94,6.82,10.07,7.77,10.15,11.34,9.53,13.04,11.66,"Hummingbird",24.5,4,166.632389030014,25.4866666666667,10.0475,28.2325,10.34,23.9527842707497,7.65788877155349
"HB AN 012 07-24.jpg",13,12.2,17.31,21.67,26.11,21,20.11,19.49,21.23,19.26,5.26,6.52,8.84,8.07,8.65,10.93,10.07,10.18,"Hummingbird",24.5,4,128.518521103536,19.82,8.565,21.6775,9.21666666666667,20.3984515712817,8.24760965982928
"HB AN 012.jpg",11,14.76,18.59,23.08,26.57,26.04,23.5,21.57,20.46,17.72,6.5,5.7,7.24,8.65,9.51,10.64,11.32,10.06,"Hummingbird",24.5,4,159.99626894756,21.3655555555556,8.7025,24.42,9.6,21.0567261697683,7.32346737845693
"HB AN 013 07-24.jpg",12,13.07,20.08,24.66,30.42,25.02,26.2,23.32,21.86,18.97,6.07,8.65,10.4,10.09,11.63,11.79,11.02,12.82,"Hummingbird",24.5,4,143.646660458954,22.6222222222222,10.30875,26.24,11.17,23.6199103556964,9.21724333619383
"HB AN 014 07-24.jpg",12,10.99,14.27,20.98,23.11,20.64,20.05,18.6,15.02,12.89,6.31,6.46,7.53,8.97,8.81,10.14,9.67,8.31,"Hummingbird",24.5,4,130.263376769144,17.3944444444444,8.275,20.6,9.30666666666667,19.2805603217393,8.24673556066593
"HB AN 015 07-24.jpg",12,14.9,20.3,27.12,29.93,28.64,24.74,20.22,19.66,16.34,6.35,4.48,8.77,10.39,12.22,13.41,13.02,10.13,"Hummingbird",24.5,4,148.095174992739,22.4277777777778,9.84625,25.8825,12.0066666666667,23.0164570910666,9.68995158717526
"HB FN3 001.jpg",11,12.74,16.71,20.45,25.14,21.94,18.52,19.78,16.31,16.46,6.31,5.23,9,9.14,9.56,10.74,9.92,10.67,"Hummingbird",24.5,4,144.506794218992,18.6722222222222,8.82125,21.345,9.81333333333333,19.1679915701622,8.06261140802758
"HB FN9 001.jpg",10,18.15,21.25,21.99,27.14,26.23,22.99,20.18,25.08,19.23,4.13,8.25,7.56,8.97,9.7,10.77,9.17,12.06,"Hummingbird",24.5,4,134.410124226191,22.4711111111111,8.82625,24.135,9.81333333333333,22.3085991618045,8.49944120825517
"HB FN9 002.jpg",11,9.2,8.88,13,17.41,20.25,17.01,16.4,13.38,13.63,6.91,7.9,5.77,7.85,8.78,9.22,9.57,8.88,"Hummingbird",24.5,4,123.417328761767,14.3511111111111,8.11,17.7675,8.61666666666667,16.9913909080561,7.94157815202125
"LC Electro1 001.jpg",13,7.23,14.04,21.2,21.37,19.68,17.01,16.98,16.48,13.95,4.48,4.25,5.7,6.03,5.93,5.71,5.93,6.45,"Little_Crooked",NA,NA,79.7599523829472,16.4377777777778,5.56,18.76,5.89,21.3522236950408,7.4609214392328
"LC Electro1 002.jpg",13,5.67,11.61,17.33,16.11,14.88,12.54,13.96,12.04,11,4.74,3.81,5.35,5.62,5.47,6.34,5.94,6.33,"Little_Crooked",NA,NA,88.9876217641532,12.7933333333333,5.45,14.3725,5.81,15.6596515407258,6.79546032310789
"LC Electro1 003.jpg",11,11.48,13.73,22.92,23.31,22.64,19.76,16.36,12.99,14.34,8.95,6.88,7.89,7.34,7.68,8.98,9.77,8.98,"Little_Crooked",NA,NA,120.965267022315,17.5033333333333,8.30875,20.5175,8,19.7789262735508,7.48180471082108
"LC Electro1 004.jpg",10,9.83,12.37,21.1,21.5,16.57,16.04,14.19,16.81,15.21,4.85,5.24,6.29,6.59,8.04,7.49,7.83,8.14,"Little_Crooked",NA,NA,100.932218421127,15.9577777777778,6.80875,17.075,7.37333333333333,17.6927941090173,7.86791562783369
"LC Electro1 005.jpg",9,13.49,15.4,18.64,13.52,15.29,14.17,9.75,9.05,9.2,5.39,6.83,5.5,5.58,6.63,5.8,5.98,5.79,"Little_Crooked",NA,NA,90.8265705503626,13.1677777777778,5.9375,13.1825,6.00333333333333,14.2463940347754,6.91773730659243
"LC Electro1 006.jpg",11,17.83,21.29,18.59,17.52,17.69,16.83,15.55,13.24,11.16,6.29,6.43,6.54,7.75,8.94,8.02,7.01,7.79,"Little_Crooked",NA,NA,99.3435606674635,16.6333333333333,7.34625,16.8975,8.23666666666667,17.6199993873051,8.89132483537231
"LC Electro1 007.jpg",13,10.02,11.83,22.94,16.23,17.75,19.73,17.93,17.27,15.55,5.08,5.22,8.29,6.7,6.87,7.38,5.93,6.26,"Little_Crooked",NA,NA,87.2227863219813,16.5833333333333,6.46625,17.91,6.98333333333333,19.6704692222157,8.28786873974252
"LC Electro1 008.jpg",11,14.5,15.98,26.72,26.46,24.44,22.53,19.74,20.12,16.75,7.5,7.21,8.58,9.35,9.34,9.73,9.11,9.05,"Little_Crooked",NA,NA,113.963478147738,20.8044444444444,8.73375,23.2925,9.47333333333333,22.994348866692,9.25300223854646
"LC Electro1 009.jpg",12,6.38,9.67,12.69,17.92,17.47,17.76,14.87,13.26,13.58,2.14,4.06,4.14,5.38,6.03,6.31,7.12,8.01,"Little_Crooked",NA,NA,93.4974646101701,13.7333333333333,5.39875,17.005,5.90666666666667,18.1662059487217,6.66415369148251
"LC Electro1 010.jpg",12,7.83,16.23,20.96,21.13,18.41,14.83,15.42,13.06,11.85,4.97,3.73,5.7,5.17,5.01,5.43,5.45,5.52,"Little_Crooked",NA,NA,93.5291689810724,15.5244444444444,5.1225,17.4475,5.20333333333333,18.6364026613285,5.8691732626175
"LC Electro1 011.jpg",13,8.21,11.14,16.4,17.85,14.82,14.74,13.89,12.03,12.52,3.44,2.9,3.44,4.14,4.13,3.3,4.67,4.62,"Little_Crooked",NA,NA,73.5847623859723,13.5111111111111,3.83,15.325,3.85666666666667,18.0122230678858,5.1806372951733
"LC Electro1 012.jpg",11,8.41,10.24,24.79,21.94,20.85,18.79,18.03,13.64,12.25,4.43,6.7,6.59,7.23,6.3,7.41,6.77,6.84,"Little_Crooked",NA,NA,60.0097598752903,16.5488888888889,6.53375,19.9025,6.98,25.3742941262514,10.8778558288707
"LC Electro1 013.jpg",11,14.04,23.3,23.16,15.19,15.02,19.2,16.6,15.82,14.53,8.21,5.54,7,6.37,6.74,7.73,8.25,8.57,"Little_Crooked",NA,NA,91.4421043310466,17.4288888888889,7.30125,16.5025,6.94666666666667,17.7863623552406,7.96546767345425
"LC Electro1 014.jpg",9,10.07,16.81,15.26,13.99,11.58,11.01,9.27,6.83,5.52,4.39,4.66,5.1,5.67,4.9,5.26,4.6,2.83,"Little_Crooked",NA,NA,106.815416545787,11.1488888888889,4.67625,11.4625,5.27666666666667,11.6118952350748,5.40296766954299
"LC Electro1 015.jpg",14,7.47,12.39,19.38,17.68,16.82,15.22,13.45,13.05,12.32,3.75,4.52,4.4,3.83,5.08,3.86,4.23,4.55,"Little_Crooked",NA,NA,65.8160319188266,14.1977777777778,4.2775,15.7925,4.25666666666667,19.4062540327608,6.20210519778991
"LC Electro1 016.jpg",12,11.59,18.2,20.75,21.74,20.09,16.97,15.92,15.01,10.45,5.38,4.4,5.01,6.36,6.1,7.07,6.2,6.23,"Little_Crooked",NA,NA,69.6307537263528,16.7466666666667,5.84375,18.68,6.51,22.4444760736747,9.1038583896473
"LC Electro1 017.jpg",12,12.39,17.02,17.59,26.81,22.89,16.62,17.23,16.67,15.38,5.69,5.16,7.36,6.44,7.17,7.77,7.2,7.08,"Little_Crooked",NA,NA,88.0782908547276,18.0666666666667,6.73375,20.8875,7.12666666666667,22.8515226852642,8.39805379377525
"LC Electro1 018.jpg",12,10.69,15.33,18.47,16.4,14.25,12.71,10.13,9.17,9.58,3.17,4.53,4.95,4.41,5.03,4.58,5.09,5.33,"Little_Crooked",NA,NA,97.0572202334788,12.97,4.63625,13.3725,4.67333333333333,14.0743577130714,5.13106883158505
"LC Electro1 019.jpg",13,5.45,13.53,23.71,26.66,26.48,18.77,16.74,21.19,19.94,3.95,5.94,8.57,6.31,7.69,8.03,7.48,8.43,"Little_Crooked",NA,NA,64.9747298524588,19.1633333333333,7.05,22.1625,7.34333333333333,27.3739655555853,10.8002246489875
"LC Electro1 020.jpg",12,9.45,13.6,17.47,20.69,15.89,15.75,15.26,13.33,12.53,5.63,5.78,6.81,7.14,7.16,7.28,7.45,7.93,"Little_Crooked",NA,NA,112.071139343767,14.8855555555556,6.8975,16.8975,7.19333333333333,16.7929677258946,7.11225515043292
"LC Electro1 021.jpg",12,7.37,14.1,19.73,20.76,15.06,17.88,13.32,15.62,13.63,4.81,4.35,5.63,4.81,5.65,4.82,6.02,5.65,"Little_Crooked",NA,NA,106.575418106663,15.2744444444444,5.2175,16.755,5.09333333333333,16.988607029444,5.22379873538676
"LC Electro1 022.jpg",12,5.64,12.81,15.54,18.39,15.82,14.55,16.32,12.31,13.59,3.26,3.69,4.36,4.66,4.74,4.95,4.4,4.17,"Little_Crooked",NA,NA,75.4676183244178,13.8855555555556,4.27875,16.27,4.78333333333333,18.9312168149544,6.30824450783189
"LC Electro1 023.jpg",13,6.12,11.47,16.07,18.07,14.24,14.21,14.74,12.93,13.17,4.11,3.14,4.2,3.79,5.32,4.84,3.98,4.95,"Little_Crooked",NA,NA,67.4854959309776,13.4466666666667,4.29125,15.315,4.65,18.632428296924,6.65269640680947
"LC Electro1 024.jpg",14,5.85,6.53,13.58,20.91,17.62,15.72,20.02,14.89,16.57,3.42,4.22,5.02,3.98,5.51,5.89,5.17,5.98,"Little_Crooked",NA,NA,61.5534342543127,14.6322222222222,4.89875,18.5675,5.12666666666667,23.4337031075886,7.84309998550716
"LC Electro1 025.jpg",13,9.3,17.31,23.44,23.07,20.41,15.67,13.76,12.94,13.62,4.61,4.79,7.56,6.26,6.67,7.05,7.55,7.48,"Little_Crooked",NA,NA,75.8963834349174,16.6133333333333,6.49625,18.2275,6.66,21.1610336663099,8.74701297713374
"LC Electro1 026.jpg",13,9.04,13.86,21.25,19.96,19.83,14.97,15.83,13.28,12.5,4.39,2.43,3.53,6.09,5.36,6.83,6.6,6.21,"Little_Crooked",NA,NA,96.7407756762887,15.6133333333333,5.18,17.6475,6.09333333333333,18.5979369213733,6.70608696650228
"LC Electro1 027.jpg",10,3.82,6.87,4.99,15.55,16.51,14.86,12.32,12.66,11.28,2.91,4.14,3.33,4.17,4.58,4.85,4.91,4.35,"Little_Crooked",NA,NA,93.8534386290668,10.9844444444444,4.155,14.81,4.53333333333333,15.7973596530036,5.10056137348119
"LC Electro1 028.jpg",13,6.37,11.27,16.15,17.61,15.83,5.81,13.5,9.68,8.71,4.69,4.17,3.78,3.71,4.6,5.32,4.83,5.24,"Little_Crooked",NA,NA,59.7085996671334,11.6588888888889,4.5425,13.1875,4.54333333333333,16.8469068167921,7.10647388505246
"LC Electro3 001.jpg",12,11.91,13.61,27.61,25.83,21.32,18.08,20.01,18.02,15.24,4.46,5.63,7.83,8.2,7.11,8.64,7.88,8.17,"Little_Crooked",NA,NA,104.64717453663,19.07,7.24,21.31,7.98333333333333,21.7650180980963,8.29745586425769
"LT Electro 10.jpg",13,7.27,13.43,19.71,19.3,17.11,13.46,15.15,14.33,14.85,6.54,3.75,7,5.31,6.46,6.37,4.77,6.05,"Lost",4.02,7,79.5671925741383,14.9566666666667,5.78125,16.255,6.04666666666667,18.5189484416735,7.67288525192957
"LT Electro 11.jpg",10,6.13,11.21,17.5,18.09,19.51,17.65,14.71,14.14,12.32,4.47,5.1,5.12,4.67,4.67,4.77,4.7,5.26,"Lost",4.02,7,69.8557661599957,14.5844444444444,4.845,17.49,4.70333333333333,20.987641403551,6.56189946383461
"LT Electro 12.jpg",10,10.91,18.54,24.66,25.35,26.72,21.8,23.36,20.55,19.22,4.33,5.8,6.12,4.9,6.35,7.59,6.39,5.96,"Lost",4.02,7,87.5992941280351,21.2344444444444,5.93,24.3075,6.28,26.6509948854768,7.42979859581463
"LT Electro 13.jpg",12,9.61,13.63,20.59,26.29,22.72,23.64,20.69,17.12,14.14,4.47,3.33,6.32,5.85,6.6,7.35,7.31,7.77,"Lost",4.02,7,84.7610164276597,18.7144444444444,6.125,23.335,6.6,25.9230114562165,7.99800283034057
"LT Electro 14.jpg",11,4.06,7.03,12.76,19.66,18.83,18.28,16.37,17.43,14.96,4.84,4.97,4.51,5.53,5.71,4.36,5.85,4.78,"Lost",4.02,7,76.6858198940326,14.3755555555556,5.06875,18.285,5.2,21.1403691505377,6.77821277936212
"LT Electro 15.jpg",12,9.97,15.41,22.75,25.02,18.8,20.04,17.72,14.76,7.17,4.32,3.59,4.99,6.06,5.9,6.97,5.35,5.08,"Lost",4.02,7,82.1623688906911,16.8488888888889,5.2825,20.395,6.31,22.9400476381632,7.82200502258044
"LT Electro 2.jpg",11,5.29,7.83,11.92,20.35,18.56,17.03,14.31,14.51,14.52,2.4,4,4.3,5.71,5.85,5.43,5.2,5,"Lost",4.02,7,74.5809592250596,13.8133333333333,4.73625,17.5625,5.66333333333333,20.5316659882703,7.53336392371887
"LT Electro 3.jpg",13,8.05,9.07,19.52,19.53,15.68,14.74,14.47,11.04,11.57,4.17,2.99,5.9,6.11,5.71,5.44,5.94,6.51,"Lost",4.02,7,84.2548261682973,13.7411111111111,5.34625,16.105,5.75333333333333,17.9339429360534,7.00248436777186
"LT Electro 4.jpg",10,3.69,10.85,18,19.1,16.13,13.36,12.91,13.08,8.47,3.91,3.51,5.76,5.7,4.69,4.85,4.68,6.18,"Lost",4.02,7,78.5519106294048,12.8433333333333,4.91,15.375,5.08,17.6063225641369,6.50682631753611
"LT Electro 5.jpg",10,9.11,12.62,16.32,16.04,14.01,13.18,10.77,8.87,8.86,5.37,5.12,5.21,6.09,5.75,6.19,6.87,6.67,"Lost",4.02,7,95.0869940751626,12.1977777777778,5.90875,13.5,6.01,14.3252328048339,6.69797852221728
"LT Electro 6.jpg",10,8.73,13.84,15.67,18.15,17.84,16.68,15.79,15.75,12.3,4.65,3.43,5.16,4.97,5.9,5.24,6.3,5.49,"Lost",4.02,7,79.2148725705596,14.9722222222222,5.1425,17.115,5.37,19.5332653033405,6.83629707705159
"LT Electro 7.jpg",12,5.8,12.46,17.71,17.75,17.9,16.24,15.9,17.14,14.91,3.3,2.8,3.23,4.51,4.68,4.77,4.85,4.89,"Lost",4.02,7,71.7308427456419,15.09,4.12875,16.9475,4.65333333333333,20.1229609224303,6.36807267069982
"LT Electro 8.jpg",10,5.63,13.51,23.07,23.82,20.22,20.47,14.63,15.84,13.59,2.8,3.72,5.05,6.23,5.53,6.29,4.69,6.05,"Lost",4.02,7,80.7285929729981,16.7533333333333,5.045,19.785,6.01666666666667,22.410712280654,7.55464696473302
"LT Electro 9.jpg",11,9.88,13.33,22.82,24.64,24.14,20.01,17.88,15.1,13.72,7.45,5.98,7.7,6.72,6.48,8.32,7.52,8.67,"Lost",4.02,7,114.477462374958,17.9466666666667,7.355,21.6675,7.17333333333333,21.3517982204697,6.98356584587107
"LT FN 001 06-05.jpg",11,8.23,13.41,21.94,29.73,34.13,27.71,27.31,24.61,17.92,6.94,9.22,8.17,9.82,8,9.87,11.13,11.96,"Lost",4.02,7,148.795948227934,22.7766666666667,9.38875,29.72,9.23,26.3793112566708,7.42347702198068
"LT FN 002 06-05.jpg",10,13.96,17.61,22.59,25.86,23.74,19.75,18.08,14.26,12.23,10.87,10.58,7.49,9.23,10.2,10.97,9.51,10.15,"Lost",4.02,7,148.011342588195,18.6755555555556,9.875,21.8575,10.1333333333333,19.4415463828641,8.18145637191117
"LT FN 003 06-05.jpg",10,16.46,19.01,23.37,25.91,20.72,18.27,14.61,14.9,11.42,8.53,9.26,8.96,7.92,9.95,9.11,10.34,8.53,"Lost",4.02,7,129.387733185376,18.2966666666667,9.075,19.8775,8.99333333333333,18.6544456754067,8.00833856660907
"LT FN 004 06-05.jpg",11,11.95,19.31,23.76,26.65,22.75,21.64,19.32,19.04,19.81,7.36,4.85,7.95,10.17,8.56,9.44,8.38,9.31,"Lost",4.02,7,118.508389205153,20.47,8.2525,22.59,9.39,21.9557552888108,8.91402223102981
"LT FN 005 06-05.jpg",10,12.02,23.94,24.29,20.63,11.84,11.84,14.98,14.57,10.77,8.78,7.21,10.68,9.39,10.84,8.72,9.31,8.98,"Lost",4.02,7,137.831086911843,16.0977777777778,9.23875,14.8225,9.65,13.5641802123947,8.20634650823324
"LT FN 006 06-05.jpg",13,15,12.15,11.69,24.97,25.46,20.04,20.47,16.94,15.67,6.75,9.8,11.04,7.88,9.28,8.26,8.29,9,"Lost",4.02,7,127.744983651062,18.0433333333333,8.7875,22.735,8.47333333333333,21.4451232505926,7.61585089123569
"LT FN 007 06-05.jpg",11,14.02,17.83,24.25,22.34,21.74,21.94,18.32,16.59,15.3,8.03,6.48,9.36,7.62,7.82,8.13,8.76,8.13,"Lost",4.02,7,124.1404515691,19.1477777777778,8.04125,21.085,7.85666666666667,20.1170550173768,7.21037107878366
"LT FN 008 06-05.jpg",12,10.14,13.83,18.32,23.38,20.92,18.56,14.26,14.01,12.86,5.1,5.02,6.94,6.52,6.59,6.59,7.62,6.81,"Lost",4.02,7,126.066757784636,16.2533333333333,6.39875,19.28,6.56666666666667,18.2823068615179,5.95926716466243
"LT FN 009 06-05.jpg",9,8.2,10.7,14.45,19.81,18.05,16.89,14.95,13.59,11.86,5.47,5.64,5.81,6.64,7.48,6.39,7.36,6.93,"Lost",4.02,7,105.031728802015,14.2777777777778,6.465,17.425,6.83666666666667,17.7710500329501,7.08670984674482
"LT FN 010 06-05.jpg",10,14.05,16.33,23.72,22.71,20.29,15.92,12.88,9.31,8.07,9.81,7.57,10.89,10.34,10.46,12.25,9.04,7.24,"Lost",4.02,7,96.1291152765383,15.92,9.7,17.95,11.0166666666667,18.9646379434005,12.1806673842845
"LT FN 011 06-05.jpg",13,7.07,11.27,14.19,20.02,22.28,18.01,15.74,16.78,14.7,5.17,4.91,5.64,6.35,7.5,5.85,6.25,6.79,"Lost",4.02,7,136.526582771744,15.5622222222222,6.0575,19.0125,6.56666666666667,17.4645869507877,5.62310276246201
"LT FN 012 06-05.jpg",11,13.24,18.07,20.63,23.87,21.22,16.54,15.42,12.78,12.52,9.14,8.61,8.39,8.19,8.66,9.64,8.61,8.94,"Lost",4.02,7,88.8050991883349,17.1433333333333,8.7725,19.2625,8.83,21.0047748472795,10.3431546326708
"LT FN 013 06-05.jpg",9,10.82,15.92,24.22,28.38,25.84,22.71,16.08,14.21,11.51,3.68,6.53,7.31,6.44,9.06,8.33,8.66,8.45,"Lost",4.02,7,125.393174056844,18.8544444444444,7.3075,23.2525,7.94333333333333,22.0963980360885,7.23678335331175
"LT FN 014 06-05.jpg",12,12.63,16.18,23.85,26.58,25.15,20.41,19.69,19.29,13.07,5.72,8.13,7.78,6.51,8.08,9.31,8.33,9.12,"Lost",4.02,7,124.873975599722,19.65,7.8725,22.9575,7.96666666666667,21.8521932436621,7.28001180917218
"LT FN 015 06-05.jpg",12,8.18,18.11,18.68,26.27,23.22,22.39,22.15,18.59,15.13,4.98,4.5,6.53,8.04,8.15,8.03,8.86,8.89,"Lost",4.02,7,117.431224749979,19.1911111111111,7.2475,23.5075,8.07333333333333,22.9308424846127,7.71524490368874
"MC FN7 001.jpg",9,25.63,28.55,25.94,23.28,23.37,20.01,18.98,16.06,15.02,8.63,7.87,8.1,8.4,10.14,10.48,8.8,6.7,"McCullough",14.3,4,150.017599369307,21.8711111111111,8.64,21.41,9.67333333333333,18.9415344479061,7.73383642242732
"MC FN7 002.jpg",10,16.75,21.73,20.87,22.44,20.38,19.52,15.53,14.88,13.49,6.52,6,7.04,7.56,8.06,8.77,9.62,7.46,"McCullough",14.3,4,137.219567910776,18.3988888888889,7.62875,19.4675,8.13,17.8464729494412,6.93617172227054
"MC FN7 003.jpg",11,9.06,14.04,19.12,25.75,29.37,26.13,20.98,19.72,16.33,7.91,6.06,9.73,10.07,6.52,6.84,8.38,8.06,"McCullough",14.3,4,142.443336448744,20.0555555555556,7.94625,25.5575,7.81,23.0828661200688,6.48425770752112
"MC FN7 004.jpg",12,20.12,28.04,30.79,30.81,27.09,28.38,26.53,23.12,21.61,5.47,7.14,8.19,8.2,10.05,9.16,8.57,8.97,"McCullough",14.3,4,145.37770597258,26.2766666666667,8.21875,28.2025,9.13666666666667,25.2654704999504,7.4738780877426
"MC FN7 005.jpg",13,7.29,10.52,22.58,23.12,20.43,19.55,16.47,12.54,13.45,5.53,7.09,9.34,6.46,7.3,7.03,9.5,9.09,"McCullough",14.3,4,137.126975237405,16.2166666666667,7.6675,19.8925,6.93,18.2409934752754,5.91529045627198
"MC FN7 006.jpg",12,8.27,14.99,23.24,21.16,21.31,20.69,18.68,16.76,15.39,3.91,4.38,8.23,7.27,7.82,8.38,8.71,8.83,"McCullough",14.3,4,122.940008549739,17.8322222222222,7.19125,20.46,7.82333333333333,19.5965385801654,7.23078226358027
"MC FN7 007.jpg",12,13.78,19.83,26.62,25.7,24.53,14.71,20.97,16.91,16.8,6.84,7.34,7.92,7.31,6.76,8.55,7.22,6.62,"McCullough",14.3,4,137.721308964045,19.9833333333333,7.32,21.4775,7.54,19.6604664705841,6.41572823150234
"MC FN7 008.jpg",13,11.56,13.7,15.42,19.78,21.79,17.68,14.48,18.31,13.86,6.47,5.17,2.41,5.62,6.39,7.07,7.79,7.87,"McCullough",14.3,4,121.136764808913,16.2866666666667,6.09875,18.4325,6.36,17.7589441649335,5.94189931111051
"MC FN7 009.jpg",11,10.22,15.05,26.5,26.35,26.73,23.01,19.95,20.43,19.2,5.72,6.36,7.27,9.21,9.93,9.16,10.53,9.38,"McCullough",14.3,4,148.384002021276,20.8266666666667,8.445,24.01,9.43333333333333,21.3347208155758,7.60235127202371
"MC FN7 010.jpg",13,14.17,17.81,26.39,25.08,22.22,23.25,21.52,19.24,16.91,6.15,6.83,6.62,5.88,8.01,7.45,8.54,8,"McCullough",14.3,4,130.18602753464,20.7322222222222,7.185,23.0175,7.11333333333333,21.548321859203,6.30592761281565
"MC FN7 011.jpg",13,10,18.63,18.34,22.74,26.25,24.39,21.11,15.85,17.05,6.58,6.89,8.38,8.69,9.75,9.75,10.96,10.03,"McCullough",14.3,4,133.803280983166,19.3733333333333,8.87875,23.6225,9.39666666666667,21.8743204755811,8.16543316284154
"MC FN7 012.jpg",12,10.7,17.74,24.69,27.12,25.98,21.04,19.75,18.74,19.72,6.77,6.69,11.05,7.92,8.91,9.04,8.98,8.87,"McCullough",14.3,4,138.989892549962,20.6088888888889,8.52875,23.4725,8.62333333333333,21.408262101474,7.28868200536519
"MC FN7 013.jpg",13,9.27,15.99,20.17,25.14,24.57,21.77,19.59,17.18,15.04,8.34,7.37,10.91,9.87,8.71,10.36,10.33,11.47,"McCullough",14.3,4,127.921932726527,18.7466666666667,9.67,22.7675,9.64666666666667,21.4639276593397,8.66170710508495
"MC FN7 014.jpg",11,12,17.09,24.57,25.6,27.42,22.42,19.07,18.41,15.7,7.57,6.07,8.45,8.05,8.73,9.92,9.2,9.48,"McCullough",14.3,4,132.993114414995,20.2533333333333,8.43375,23.6275,8.9,21.9320053827151,7.76813571965257
"MC FN7 015.jpg",11,14.35,19.73,23.93,27.85,29.28,24.37,19.67,22.17,20.36,7.27,6.48,7.4,7.98,7.05,8.27,9.27,9.54,"McCullough",14.3,4,139.815101167971,22.4122222222222,7.9075,25.2925,7.76666666666667,23.0138131261721,6.53635640946534
"MC FN8 001.jpg",11,12.54,18.9,19.42,24.92,24.87,22.05,18.84,15.97,17.67,5.32,6.83,7.25,7.52,8.97,8.68,8.63,7.94,"McCullough",14.3,4,110.999576249146,19.4644444444444,7.6425,22.67,8.39,22.6162433628733,8.35369430262205
"MC FN8 002.jpg",11,15.33,24.18,26.84,22.94,21.27,20.43,19.18,17.37,15.41,6.51,8.33,8.27,7.46,7.85,7.99,8.93,7.05,"McCullough",14.3,4,122.445561452917,20.3277777777778,7.79875,20.955,7.76666666666667,20.1029303056345,7.19951200853586
"MC FN8 003.jpg",11,12.73,16.98,20.76,22.18,23.99,20.45,15.99,16.19,13.22,5.38,8.45,8.03,8.54,7.83,9.38,8.76,8.95,"McCullough",14.3,4,121.848235974839,18.0544444444444,8.165,20.6525,8.58333333333333,19.85140682126,7.98493668313129
"MC FN8 004.jpg",10,11.18,28.03,27.88,21.56,16.19,15.45,13.87,10.93,9.92,4.88,6.06,7.38,6.64,9.15,8.67,8.66,8.18,"McCullough",14.3,4,115.683012370875,17.2233333333333,7.4525,16.7675,8.15333333333333,16.4543078935578,7.87729699424102
"MC FN8 005.jpg",9,22.31,21.53,19.91,16.64,14.78,12.85,12.42,9.14,5.2,6.28,7.9,6.62,7.76,6.22,6.26,7.06,7.47,"McCullough",14.3,4,105.293553462546,14.9755555555556,6.94625,14.1725,6.74666666666667,14.4396134112381,6.98074603808512
"MC FN8 006.jpg",10,14.93,22.76,22.37,24.79,20.26,19.76,18.26,16.32,13.84,6.15,7.42,7.17,7.59,7.35,8.16,7.51,8.07,"McCullough",14.3,4,134.854549587769,19.2544444444444,7.4275,20.7675,7.7,19.170679137797,6.65304120602352
"MC FN8 007.jpg",10,14.87,25.63,27.38,26.64,21.51,18.83,17,14.4,15.63,5.59,9.02,8.35,9.13,10.46,9.76,11,9.14,"McCullough",14.3,4,142.159925833548,20.21,9.05625,20.995,9.78333333333333,18.9772018933873,8.13441199519225
"MC FN8 008.jpg",10,16.38,22.9,18.12,18.24,18.32,18.46,15.66,11.35,11.3,7.48,7.94,8.34,8.58,7.49,7.73,7.03,8.64,"McCullough",14.3,4,129.264742763756,16.7477777777778,7.90375,17.67,7.93333333333333,16.5890625393512,7.06933079803226
"MC FN8 009.jpg",11,13.19,24.38,26.94,24.84,23.32,19.18,17.93,20.48,17.18,4.83,5.75,7.81,8.98,9.66,10.13,7.49,8.06,"McCullough",14.3,4,132.096690739549,20.8266666666667,7.83875,21.3175,9.59,19.8412114676604,8.41172471638267
"MC FN8 010.jpg",12,8.39,11.9,17.07,16.93,14.22,12.81,10.3,9.14,8.56,3.63,3.08,4.43,4.43,4.47,4.78,4.22,4.28,"McCullough",14.3,4,65.321173608027,12.1466666666667,4.165,13.565,4.56,16.7192870774247,6.68070066845836
"MC FN8 011.jpg",10,8.15,17.75,26.69,30.64,27.99,24.92,22.9,21.74,19.97,4.85,8.57,6.32,8.38,9.08,10.02,11.91,9.21,"McCullough",14.3,4,138.93700859483,22.3055555555556,8.5425,26.6125,9.16,24.2758055710049,7.74443428686966
"MC FN8 012.jpg",11,14.16,17.3,15.86,15.86,14.06,13.41,12.71,10.93,9.75,5.53,6.19,5.53,5.86,5.27,5.71,5.24,5.65,"McCullough",14.3,4,82.8436348942995,13.7822222222222,5.6225,14.01,5.61333333333333,15.7064701058789,6.91667174064988
"MC FN8 013.jpg",10,11.6,24.93,24.17,21.46,15.9,16.65,15.79,13.49,10.95,4.42,4.95,6.32,6.52,5.67,6.93,7.19,6.73,"McCullough",14.3,4,94.7949019960989,17.2155555555556,6.09125,17.45,6.37333333333333,18.5394221381791,7.11884003116147
"MC FN8 014.jpg",11,10.26,14.67,20.36,20.21,18.76,16.26,14.88,13.72,12.19,3.34,3.85,5.6,5.58,5.46,6.7,6.5,5.91,"McCullough",14.3,4,88.0251084980303,15.7011111111111,5.3675,17.5275,5.91333333333333,19.1802058638254,6.97133012118089
"MC FN8 015.jpg",13,10.17,13.07,15.45,14.76,13.9,13.99,12.28,11.59,10.22,4.66,4.16,5.58,6.11,4.89,6.21,5.83,6.32,"McCullough",14.3,4,77.7304840130306,12.8255555555556,5.47,13.7325,5.73666666666667,15.7915143592331,7.40441608133116
"MK Electro 001.jpg",13,12.67,19.02,26.5,27.69,25.56,21.13,21.62,17.9,15.42,5.73,5.51,8.99,7.63,7.72,8.62,8.57,9.55,"Muskellunge",NA,NA,114.410414922288,20.8344444444444,7.79,24,7.99,23.655839192275,7.78194834639539
"MK Electro 002.jpg",10,8.03,8.83,12.89,18.54,19.7,19.72,18.47,15.99,13.5,3.47,5.64,5.51,5.5,6.16,5.51,6.43,6.61,"Muskellunge",NA,NA,88.7834897224704,15.0744444444444,5.60375,19.1075,5.72333333333333,20.8377775036564,6.70530206480024
"MK Electro 003.jpg",13,5.48,8.93,11.95,16.58,19.28,18.7,17.23,15.13,11.96,2.95,5.02,5.55,5.05,4.34,4.59,5.06,4.31,"Muskellunge",NA,NA,63.3438882167017,13.9155555555556,4.60875,17.9475,4.66,22.3936822112743,6.98180139112604
"MK Electro 004.jpg",13,4.79,7.91,14.19,15.65,19.32,19.49,19.21,15.04,14.95,5.5,4.32,4.96,5.24,5.68,5.63,5.52,5.79,"Muskellunge",NA,NA,79.5060401683419,14.5055555555556,5.33,18.4175,5.51666666666667,20.9890696475365,7.00426646341666
"MK Electro 005.jpg",11,7,14.86,17.77,21.15,15.85,16.23,15.43,13.59,12.88,1.76,4.46,3.39,4.27,5.02,5.44,5.85,5.51,"Muskellunge",NA,NA,85.7243792707769,14.9733333333333,4.4625,17.165,4.91,18.9829673685759,5.90124557275361
"MK Electro 006.jpg",11,7.5,9.05,11.1,18.54,22.75,19.76,14.85,17.49,14.99,2.3,5.15,3.45,6.27,5.01,4.65,5.2,5.16,"Muskellunge",NA,NA,75.3962525894358,15.1144444444444,4.64875,18.975,5.31,22.0869942718123,7.00763874697359
"MK Electro 007.jpg",13,6.07,8.85,13.6,12.86,18.12,18.21,17.19,15.34,12.23,3.04,3.34,3.74,3.79,5.01,4.66,4.77,5.25,"Muskellunge",NA,NA,63.5442221862067,13.6077777777778,4.2,16.595,4.48666666666667,20.6800660134688,6.70666177964963
"MK Electro 008.jpg",11,5.21,5.35,8.68,11.81,16.95,18.45,16.15,16.3,14.02,2.46,2.89,5.03,4.72,6.09,3.97,5.26,4.88,"Muskellunge",NA,NA,63.8142981841844,12.5466666666667,4.4125,15.84,4.92666666666667,19.7058554494456,7.34165559725463
"MK Electro 009.jpg",12,9.15,10.92,16.72,22.41,23.61,21.95,19.95,18.64,16.11,3.76,4.81,4.09,6.52,6.52,6.18,5.76,5.7,"Muskellunge",NA,NA,82.5318865312674,17.7177777777778,5.4175,21.98,6.40666666666667,24.6786340477366,7.91591682480614
"MK Electro 010.jpg",9,14.59,21.58,21.46,21.6,19.54,16.25,13.22,10.06,10.21,5.78,3.8,5.42,5.99,6.74,6.2,5.66,7.24,"Muskellunge",NA,NA,89.3076208891492,16.5011111111111,5.85375,17.6525,6.31,19.2058843926221,7.36099456539053
"MK Electro 011.jpg",10,17.86,24.8,24.46,22.45,18.61,16.42,17.12,16.35,13.89,4.65,6.81,6.3,6.87,7.23,7.12,7.04,5.84,"Muskellunge",NA,NA,100.784322478647,19.1066666666667,6.4825,18.65,7.07333333333333,19.3360835556669,7.55585930036244
"MK Electro 012.jpg",10,9.8,17.36,22.33,26.49,25.5,22.39,20.18,16.46,13.81,7.1,6.99,7.3,6.69,7.1,7.99,7.66,6.84,"Muskellunge",NA,NA,95.0432160979941,19.3688888888889,7.20875,23.64,7.26,25.0896815371614,8.09378357949651
"MK Electro 013.jpg",13,6.02,8.87,13.17,17.1,18.1,16.21,15.25,14.83,13.01,2.66,4.04,3.78,3.91,4.04,3.88,4.28,4.71,"Muskellunge",NA,NA,63.7074443073963,13.6177777777778,3.9125,16.665,3.94333333333333,20.7460624392339,5.88348298191808
"MK Electro 014.jpg",11,6.59,14.74,17.28,22.59,21.37,18.58,16.15,14.56,11.14,4.03,6.36,5.8,7.06,6.48,5.45,5.59,5.7,"Muskellunge",NA,NA,84.7977650406542,15.8888888888889,5.80875,19.6725,6.33,21.8505376579568,7.66839005632255
"MK Electro 015.jpg",11,18.37,24.48,27.35,27.13,21.51,17.4,17.84,14.2,12.17,5.06,6.87,7.14,7.89,9.12,8.55,7.66,7.8,"Muskellunge",NA,NA,113.587547234237,20.05,7.51125,20.97,8.52,20.7288734379835,8.3418958655675
"MK Electro2 001.jpg",11,11.67,20.11,27.58,28.34,27.91,23.59,19.03,17.64,8.63,7.58,8.42,7.58,7.7,7.94,9.18,9.56,7.77,"Muskellunge",NA,NA,115.633591188806,20.5,8.21625,24.7175,8.27333333333333,24.2599473277029,7.99572278584871
"MK Electro2 002.jpg",13,5.27,6.35,11.77,17.79,18.64,18.36,17.22,16.37,13.87,5.61,4.81,4.39,5.64,6.1,4.87,4.78,4.29,"Muskellunge",NA,NA,62.573331537405,13.96,5.06125,18.0025,5.53666666666667,22.572212421269,8.36954862325501
"MK Electro2 003.jpg",12,11.27,21.81,24.78,18.93,19.91,19.92,18.62,14.31,12.95,6.88,3.66,7.04,6.12,6.41,6.5,6.9,6.96,"Muskellunge",NA,NA,86.8805541005581,18.0555555555556,6.30875,19.345,6.34333333333333,21.2798595288161,7.54990312195314
"MK Electro2 004.jpg",11,6.64,15.58,14.09,18.67,18.68,17.8,17.29,16.28,15.22,3.21,3.42,3.86,3.79,4.65,4.56,4.28,4.32,"Muskellunge",NA,NA,62.0474594330823,15.5833333333333,4.01125,18.11,4.33333333333333,22.7835526771713,6.590915786741
"MK Electro2 005.jpg",13,6.17,17.8,22.88,21.31,22.4,21.57,18.93,17.48,14.33,4.36,4.47,5.94,6.7,6.04,6.23,6.95,6.94,"Muskellunge",NA,NA,96.1184849425437,18.0966666666667,5.95375,21.0525,6.32333333333333,22.2434901817126,6.99200834809033
"MK Electro2 006.jpg",13,8.75,12.32,20.14,25.17,24.34,24.11,22.74,18.6,15.06,3.43,3.57,5.93,7.42,7.24,7.62,6.86,7.61,"Muskellunge",NA,NA,120.094455109052,19.0255555555556,6.21,24.09,7.42666666666667,23.2898330470691,6.98226014200744
"MK Electro2 007.jpg",12,6.34,13.17,20.49,18.36,17.24,14.29,13.71,11.39,9.38,4.08,5.29,6.38,6.28,7.09,7.43,7.35,6.91,"Muskellunge",NA,NA,92.2310196284309,13.8188888888889,6.35125,15.9,6.93333333333333,17.0783811774667,7.90058341122583
"MK Electro2 008.jpg",14,5.23,7.67,10.33,15.47,21.64,24.68,22.23,18.37,7.44,4.16,5.29,5.98,6.2,6.85,5.95,6.13,5.94,"Muskellunge",NA,NA,93.1264145194585,14.7844444444444,5.8125,21.005,6.33333333333333,22.474962685144,7.16626564846843
"MK Electro2 009.jpg",11,6.82,17.01,27.25,28.49,27.47,23.83,21.45,19.65,16.38,5.86,5.41,6.73,7.52,7.15,8.55,7.34,7.2,"Muskellunge",NA,NA,94.1025651359728,20.9277777777778,6.97,25.31,7.74,26.9688527921774,8.69165798099703
"MK Electro2 010.jpg",13,9.87,9.9,11.09,16.15,23.84,20.02,16.11,15.61,14.99,3.9,2.6,5.6,7.7,7.06,6.88,7.27,7.97,"Muskellunge",NA,NA,95.6984707203307,15.2866666666667,6.1225,19.03,7.21333333333333,20.1417182590458,8.00160918286573
"MK Electro2 011.jpg",13,11.47,16.51,21.87,17.67,15.41,13.64,12.96,11.38,11.65,4.38,5.83,6.02,5.55,5.23,5.35,6.25,5.54,"Muskellunge",NA,NA,76.3345043322481,14.7288888888889,5.51875,14.92,5.37666666666667,17.2815100521121,7.03198027710777
"MK Electro2 012.jpg",13,13.24,9.39,26.2,28.09,24.68,23.41,19.01,18.1,16.46,6.4,5.67,9.25,8.93,7.73,7.59,8.05,8.18,"Muskellunge",NA,NA,117.409686803815,19.8422222222222,7.725,23.7975,8.08333333333333,23.2154266777716,7.72583360349644
"MK Electro2 013.jpg",13,7.3,19.81,28.5,30.72,29.61,25.17,23.41,22.31,19.49,6.42,6.16,10.58,9.5,8.58,8.39,9.03,9.28,"Muskellunge",NA,NA,118.90480804547,22.9244444444444,8.4925,27.2275,8.82333333333333,26.4278321324983,8.35572823340133
"MK Electro2 014.jpg",12,6.71,8.63,13.81,20.88,20.25,18.95,18.12,18.06,14.62,5.5,5.23,6.28,9.95,5.18,6.54,6.86,6.05,"Muskellunge",NA,NA,85.386956378126,15.5588888888889,6.44875,19.55,7.22333333333333,21.6545974158419,8.70657949854913
"MK Electro2 015.jpg",11,7.7,13.08,17.7,22.46,22.32,19.01,16.62,14.36,12.73,5.38,5.15,8.99,6.2,6.69,6.89,7.87,6.53,"Muskellunge",NA,NA,83.0501801628991,16.22,6.7125,20.1025,6.59333333333333,22.5143420406442,8.10949077985873
"OB Electro 001.jpg",11,8.25,13.43,20.43,24.28,29.38,24.67,19.09,20.29,16.44,5.07,8.36,5.71,7.29,7.86,8.35,9.07,8.56,"Oxbow",11.12,NA,116.667576216359,19.5844444444444,7.53375,24.355,7.83333333333333,23.8194454526274,7.52155212123967
"OB Electro 002.jpg",13,7.24,12.12,17.48,22.73,25.07,22.27,22.67,18.92,17.37,2.21,6.73,5.13,6.91,5.86,6.89,7.13,6.78,"Oxbow",11.12,NA,103.723500285808,18.43,5.955,23.185,6.55333333333333,23.7639249936614,6.85532055935104
"OB Electro 003.jpg",12,4.48,11.89,20.33,26.04,24.98,24.36,22.4,21.27,18.45,3.61,4.63,4.32,9.17,6.97,7.19,7.22,7.57,"Oxbow",11.12,NA,111.697127502994,19.3555555555556,6.335,24.445,7.77666666666667,24.3261847379868,7.70776016078363
"OB Electro 004.jpg",11,7.47,17.64,25.5,29.49,26.65,25.15,22.4,19.8,18.2,5.72,6.27,7.37,7.06,9.52,9.16,9.17,9.16,"Oxbow",11.12,NA,130.126724352878,21.3666666666667,7.92875,25.9225,8.58,24.2723092851041,7.60864382713733
"OB Electro 005.jpg",12,15.5,20.7,29.24,30.36,28.1,24,22.57,20.84,18.69,6.67,7.29,8.4,7.04,8.99,8.47,9.29,9.24,"Oxbow",11.12,NA,128.043783999224,23.3333333333333,8.17375,26.2575,8.16666666666667,24.7447077470151,7.32773647117434
"OB Electro 006.jpg",12,9.85,15.47,21.73,22.39,20.75,18.37,14.76,14.49,15.08,7.09,5.52,7.54,6.66,7.74,7.13,6.73,8.04,"Oxbow",11.12,NA,111.670584818205,16.9877777777778,7.05625,19.0675,7.17666666666667,18.976620609389,7.11430812409283
"OB Electro 007.jpg",14,9.88,19.08,24.71,23.15,21.06,19.09,19.26,17.57,14.15,3.27,4.1,5.22,5.5,6.4,6.17,5.25,5.28,"Oxbow",11.12,NA,89.9214773242188,18.6611111111111,5.14875,20.64,6.02333333333333,22.3950176228788,6.99160574179266
"OB Electro 008.jpg",13,6.6,10.68,15.73,22.82,23.06,20.67,20.73,17.37,16.11,4.26,5.96,5.92,6.1,5.65,6.18,5.55,6.44,"Oxbow",11.12,NA,100.855119471249,17.0855555555556,5.7575,21.82,5.97666666666667,22.6163650391932,6.38111564673522
"OB Electro 009.jpg",14,5.73,12.25,14.72,20.27,20.09,17.13,15.52,15.06,13.03,5.28,5.11,4.57,6.95,7,6.18,7.2,7.16,"Oxbow",11.12,NA,102.387683809773,14.8666666666667,6.18125,18.2525,6.71,18.8052197776149,7.08579942800108
"OB Electro 010.jpg",13,11.56,23.07,27.3,28.38,25.56,24.6,21.39,19.97,16.67,4.63,7.35,8.03,7.79,7.88,7.91,10.36,8.73,"Oxbow",11.12,NA,126.749798916764,22.0555555555556,7.835,24.9825,7.86,23.6387231822228,7.10494887011777
"OB Electro 011.jpg",12,15.41,28.59,29.89,23.24,20.65,20.73,18.05,16.35,16.61,5.92,7.29,8.24,9.01,9.03,9.37,8.39,8.43,"Oxbow",11.12,NA,123.829421661292,21.0577777777778,8.21,20.6675,9.13666666666667,19.7384579203163,8.40041436636415
"OB Electro 012.jpg",12,13.49,22.33,25.69,29.41,26.64,26.01,26.07,24.71,22.08,6.91,6.7,7.18,7.38,7.04,5.67,6.97,8.03,"Oxbow",11.12,NA,116.041656570259,24.0477777777778,6.985,27.0325,6.69666666666667,26.4948464205618,6.45537405613436
"OB Electro 013.jpg",10,9.33,20.43,33.36,27.03,32.85,26.9,25.23,17.69,16.01,2.95,8.25,6.44,8.27,7.97,7.67,6.61,6.66,"Oxbow",11.12,NA,126.997915214896,23.2033333333333,6.8525,28.0025,7.97,26.4756252239907,7.19412603403761
"OB Electro 014.jpg",10,15.83,22.79,30.31,28.21,24.39,25.66,22.44,18.83,16.43,4.7,7.03,8.53,9.53,8.09,10.48,10.06,8.76,"Oxbow",11.12,NA,131.022846269267,22.7655555555556,8.3975,25.175,9.36666666666667,23.5079673091162,8.26482825861129
"OB Electro 015.jpg",10,6.13,11.21,18.47,20,19.36,14.96,14.43,13.51,12.11,1.9,5.1,5.8,5.52,5.97,5.91,4.77,5.25,"Oxbow",11.12,NA,81.1309254442472,14.4644444444444,5.0275,17.1875,5.8,19.4299330329346,7.25627004837804
"OB FN 001.jpg",12,6.42,10.01,15.22,24.31,24.03,23.32,20.5,19.92,17.1,6.33,6.73,9.25,8.06,6.91,8.98,7.27,7.76,"Oxbow",11.12,NA,128.267198647706,17.87,7.66125,23.04,7.98333333333333,21.6974901234321,7.15414521982082
"OB FN 002.jpg",14,9.92,16.77,26.51,31.16,33.52,29.1,26.24,26.15,23.93,8.14,7.09,5.98,7.18,7.08,6.94,6.55,7.58,"Oxbow",11.12,NA,121.448688610293,24.8111111111111,7.0675,30.005,7.06666666666667,28.8789324432709,6.58975383733512
"OB FN 003.jpg",12,12.69,19.44,23.69,29.59,27.5,24.69,22.39,20.06,16.71,6.34,6.87,6.55,6.57,5.45,7.19,8.66,8.43,"Oxbow",11.12,NA,114.037232227812,21.8622222222222,7.0075,26.0425,6.40333333333333,25.7025158023056,6.25145747255021
"OB FN 004.jpg",12,9.89,20.01,21.14,29.95,32.51,22.19,24.09,21.76,22,8.08,12.27,8.61,10.61,8.74,10.68,10.7,10.7,"Oxbow",11.12,NA,154.634203554873,22.6155555555556,10.04875,27.185,10.01,23.761747464837,7.82823639135114
"OB FN 005.jpg",12,10.19,16.09,25.33,24.47,22.65,20.27,17.74,17.21,6.59,6.15,6.63,6.67,6.15,7.02,8.04,7.83,NA,"Oxbow",11.12,NA,97.8715720998698,17.8377777777778,NA,21.2825,7.07,22.3250023804947,7.71537645221658
"OB FN 006.jpg",13,7.62,12.46,18.57,28.24,26.43,23.02,20.31,18.46,18.14,7.14,7.33,7.38,8.44,8.33,8.81,8.75,8.87,"Oxbow",11.12,NA,116.72459489949,19.25,8.13125,24.5,8.52666666666667,23.956588490997,8.18437590344862
"OB FN 007.jpg",12,5.95,15.03,24.16,26.7,25.47,22.42,18.34,17.02,15.86,10.14,10.06,10.15,7.52,8.82,10.31,12.92,9.35,"Oxbow",11.12,NA,128.854715456828,18.9944444444444,9.90875,23.2325,8.88333333333333,21.8389363918666,7.93420957647521
"OB FN 008.jpg",13,9.27,13.58,20.56,28.95,31.59,23.75,27.14,20.21,19.17,6.56,7.9,9.06,7.9,7.94,8.33,7.03,7.83,"Oxbow",11.12,NA,124.471379106564,21.58,7.81875,27.8575,8.05666666666667,26.5504484388268,7.37959372015643
"OB FN 009.jpg",9,9.55,14.41,19.86,18.02,17.2,16.56,13.31,12.09,9.77,11.83,8.4,10.65,8.66,9.26,8.66,9.42,8.12,"Oxbow",11.12,NA,122.302080289748,14.53,9.375,16.2725,8.86,15.6181305439618,8.22002332430875
"OB FN 010.jpg",10,15.66,17.83,28.15,25.77,24.5,20.68,18.29,16.56,10.03,9.02,7.46,8.2,7.46,8.61,6.52,7.76,6.74,"Oxbow",11.12,NA,115.057593171507,19.7188888888889,7.72125,22.31,7.53,21.9406634032643,7.30385284115466
"OB FN 011.jpg",14,9.03,14.03,19.27,29.6,29.27,26.81,23.51,19.75,19.18,6.81,6.61,6.82,6.42,7.09,7.61,7.38,6.52,"Oxbow",11.12,NA,102.871702217568,21.1611111111111,6.9075,27.2975,7.04,28.0712737917532,7.40878439750774
"OB FN 012.jpg",12,13.36,15.8,19.02,26.61,29.41,24.97,21.01,16.43,16.26,12.4,10.53,10.94,9.49,10.18,9.63,12.27,12.91,"Oxbow",11.12,NA,157.039204665905,20.3188888888889,11.04375,25.5,9.76666666666667,22.1521711830194,7.5525515486208
"OB FN 013.jpg",11,9.47,14.63,29.51,29.96,26.4,22.9,20.26,17.87,15.77,6.27,10.22,10.32,8.66,7.72,7.72,10.48,11.44,"Oxbow",11.12,NA,166.239260849085,20.7522222222222,9.10375,24.88,8.03333333333333,21.1283767702288,5.95979845477356
"OB FN 014.jpg",15,7.59,13.24,18.56,28.01,25.81,19.44,20.56,20.83,17.69,9.02,8.25,8.52,10.08,7.61,8.13,7.69,6.54,"Oxbow",11.12,NA,119.478712054533,19.0811111111111,8.23,23.455,8.60666666666667,22.7224568595014,8.12200604392518
"OB FN 015.jpg",9,17.23,23.42,24.86,22.42,17.72,15.55,15.66,13.76,8.48,3.91,4.46,8.48,7.45,6.72,6.63,6.89,7.05,"Oxbow",11.12,NA,95.795235691813,17.6777777777778,6.44875,17.8375,6.93333333333333,18.871945746659,7.68535058946358
"PP FN 001.jpg",11,10.18,10.33,15.07,18.21,19.05,24.67,21.02,21.04,18.92,4.07,6.68,8.33,7.18,5.13,5.76,7.05,7,"Papoose",6.485,7,118.823229804151,17.61,6.4,20.7375,6.02333333333333,20.1339523917005,5.7069707232328
"PP FN 002.jpg",10,11.6,18.19,20.61,22.35,18.85,15.33,16.47,12.71,12.06,4.15,4.49,5.81,7.93,6.99,7.89,8.56,5.93,"Papoose",6.485,7,101.364101793978,16.4633333333333,6.46875,18.25,7.60333333333333,18.8781344699162,8.08814691742269
"PP FN 003.jpg",11,19.37,18.72,25.26,20.88,19.13,17.85,15.17,12.81,13.18,3.33,6.01,6.29,6.01,6.1,7.3,4.96,6.71,"Papoose",6.485,7,102.314400144359,18.0411111111111,5.83875,18.2575,6.47,18.8157430118753,6.8359225663276
"PP FN 004.jpg",11,15.77,16.09,24.03,25.49,20.2,20.6,18.45,17.11,13.47,5.64,3.89,6.12,6.56,6.82,6.24,6.95,5.87,"Papoose",6.485,7,103.676338738065,19.0233333333333,6.01125,21.185,6.54,21.7179239257648,6.84363969702144
"PP FN 005.jpg",12,8.05,12,14.44,22.11,25.88,20.99,24.11,22.83,19.92,5.44,4.69,5.75,6.52,5.19,5.46,6.67,4.82,"Papoose",6.485,7,94.6844593339372,18.9255555555556,5.5675,23.2725,5.72333333333333,24.7369243701663,6.39823879303816
"PP FN 006.jpg",10,13.64,23.32,20.85,21.39,15.78,17.59,15.13,15.62,13.21,6.47,3.98,5.6,6.43,5.79,5.14,3.75,4.18,"Papoose",6.485,7,83.9287195495082,17.3922222222222,5.1675,17.4725,5.78666666666667,19.4868546830733,7.06297944227526
"PP FN 007.jpg",10,12.05,16.69,33.1,29.24,29.26,32.18,22.88,22.57,18.53,2.41,7.88,6.24,6.95,7.68,6.47,8.07,7.72,"Papoose",6.485,7,127.027680414349,24.0555555555556,6.6775,28.39,7.03333333333333,26.8394878161798,6.3475595124524
"PP FN 008.jpg",10,10.61,13.1,16.43,22.5,19.44,20.62,18.5,16.1,16.86,6.38,8.9,8.03,6.54,5.65,5.03,3.48,3.83,"Papoose",6.485,7,106.984884138134,17.1288888888889,5.98,20.265,5.74,20.5161471987111,5.87060782702046
"PP FN 010.jpg",10,9.79,24.16,25.36,22.7,21.29,17.33,15.14,8.46,14.3,7.89,5.52,5.19,6.78,5.07,6.88,5.39,7.4,"Papoose",6.485,7,106.081434728797,17.6144444444444,6.265,19.115,6.24333333333333,19.4174533133485,6.42496319076682
"PP FN 012.jpg",11,10.71,19.59,22.36,30.24,28.89,19.31,18.28,17.33,15.42,7.07,6.6,7.26,6.14,6.96,7.27,6.59,6.28,"Papoose",6.485,7,113.591210838911,20.2366666666667,6.77125,24.18,6.79,23.9016553590609,6.64790400796922
"PP FN 013.jpg",10,16.8,24.73,25.85,23.56,25.75,21.33,21.31,18.67,18.06,6.96,8.53,7.35,7.35,7.98,6.41,7.99,6.85,"Papoose",6.485,7,122.847473986403,21.7844444444444,7.4275,22.9875,7.24666666666667,22.0239842738848,6.70146797569277
"PP FN 014.jpg",12,12.01,20.21,26.13,32.17,28.06,26.4,22.7,19.11,18.69,16.07,7.92,7.17,6.8,7.56,6.29,7.38,7.71,"Papoose",6.485,7,127.62020606585,22.8311111111111,8.3625,27.3325,6.88333333333333,25.7918323977592,6.19116118074399
"PP FN 015.jpg",12,11.38,20.92,20.94,21.23,17.94,17.02,15.72,15.05,14.85,5.37,4.86,6.54,5.65,6.03,6.06,5.17,6.11,"Papoose",6.485,7,98.3808580521638,17.2277777777778,5.72375,17.9775,5.91333333333333,18.8191183368138,6.42877296849688
"PP FN 016.jpg",13,11.12,10.25,17.03,16.67,14.01,17.57,13.91,14.01,14.43,5.07,4.05,4.95,4.98,6,6.02,6.23,5.8,"Papoose",6.485,7,86.6251651302899,14.3333333333333,5.3875,15.54,5.66666666666667,17.114369204618,6.75900632644643
"PP FN 017.jpg",12,12.23,21.15,24.97,23.05,21.56,20.42,18.09,17.21,14.86,6.52,5.79,7.15,5.45,6.46,5.93,5.17,4.9,"Papoose",6.485,7,101.156489089035,19.2822222222222,5.92125,20.78,5.94666666666667,21.5127953828205,6.33530077018601
"PP FN 018.jpg",12,14.23,19.14,26.06,18.29,21.62,20.26,19.66,18.31,19.63,6.74,5.24,5.45,7.98,8.43,8.29,6.1,5.19,"Papoose",6.485,7,109.20715087255,19.6888888888889,6.6775,19.9575,8.23333333333333,20.0398584913015,8.29550264870777
"PP FN 019.jpg",11,12.53,21.69,23.38,24.06,20.11,17.46,16.78,15.7,14.15,5.84,6.68,7.02,6.33,4.46,6.12,5.61,5.15,"Papoose",6.485,7,108.321635868233,18.4288888888889,5.90125,19.6025,5.63666666666667,19.7474059477612,5.71301149973279
"PP FN 020.jpg",13,8.29,15.33,16.08,21.79,23.86,28.97,22.52,18.93,15.26,7.75,5.67,7.04,8.22,7.97,6.6,6.62,7.46,"Papoose",6.485,7,111.964722243839,19.0033333333333,7.16625,24.285,7.59666666666667,24.1439120300852,7.51624211673502
"PP FN 021.jpg",12,18.51,22.06,21.29,18.28,17.35,16.65,14.17,10.55,10.51,5.3,4.71,5.23,5.51,5.34,5.88,6.06,3.95,"Papoose",6.485,7,82.9003152440327,16.5966666666667,5.2475,16.6125,5.57666666666667,18.619027561665,6.86806884480082
"PP FN 022.jpg",11,10.56,15.8,18.64,12.44,26.57,18.82,16.52,16.28,13.04,4.55,4.57,3.47,3.33,7.65,6.82,5.38,4.82,"Papoose",6.485,7,83.4011235135954,16.5188888888889,5.07375,18.5875,5.93333333333333,20.7825987079119,7.27533933446023
"PP FN 023.jpg",9,23.14,21.2,16.53,18.94,12.1,14.68,11.57,7.85,8.27,5.12,4.43,4.09,3.91,4.49,4.67,4.1,3.17,"Papoose",6.485,7,77.9968414993838,14.92,4.2475,14.3225,4.35666666666667,16.447524358269,5.60923067280187
"PP FN 024.jpg",10,10.81,21.56,18.47,20.71,15.72,14.82,10.98,12.31,7.97,4.57,5.59,5.45,5.54,6.2,4.93,6.89,6.23,"Papoose",6.485,7,100.721058296118,14.8166666666667,5.675,15.5575,5.55666666666667,16.1338583093923,5.93844493430878
"PP FN 025.jpg",11,7.56,18.16,23.61,23.06,22.02,20.49,17.71,15.53,13.48,6.28,5.82,6.71,5.57,5.32,5.73,5.49,5.54,"Papoose",6.485,7,100.211661000604,17.9577777777778,5.8075,20.82,5.54,21.6350201583735,5.94254168306006
"PP FN 026.jpg",10,10.93,18.64,21.6,20.6,17.21,15.02,14.54,12.25,11.3,4.09,7.74,5.35,6.91,6.3,6.69,6.13,4.83,"Papoose",6.485,7,104.149125676791,15.7877777777778,6.005,16.8425,6.63333333333333,17.2348849876121,6.91833822879167
"PP FN 027.jpg",10,11.4,12.84,20.54,20.13,21.68,20.25,15.84,12.94,14.6,5.77,5.09,8.96,5.41,4.4,5.78,5.56,5.66,"Papoose",6.485,7,98.1149957054476,16.6911111111111,5.82875,19.475,5.19666666666667,20.4087361183473,5.66078534837936
"PP FN 028.jpg",12,5.87,9.57,11.59,12.03,21.18,23.92,19.76,21.77,14.92,3.35,4.53,5.68,6.3,5.93,4.87,5.8,5.51,"Papoose",6.485,7,93.0807443990968,15.6233333333333,5.24625,19.2225,5.7,20.5717444047498,6.4519441557431
"PP FN 029.jpg",10,13.24,20.9,24.82,22.4,21.64,20.33,17.79,13.9,12.05,8.17,6.6,4.46,6.43,3.98,4.08,5.12,3.84,"Papoose",6.485,7,77.3866172478162,18.5633333333333,5.335,20.54,4.83,23.6615118643707,6.25433279986525
"PP FN 030.jpg",10,8.54,10.77,13.77,15.76,16.45,15.64,17.73,18.1,19.33,3.03,3.35,4.3,3.92,3.84,4.63,3.11,3.84,"Papoose",6.485,7,83.4658098884208,15.1211111111111,3.7525,16.395,4.13,18.325507619159,5.06126734601452
"RB FN4 001.jpg",11,10.13,15.99,29.7,26.88,25.59,15.36,14.25,11.49,10.98,5.25,6.86,8.24,7.14,8.12,9.02,8.9,5.5,"Red_Bass",NA,NA,148.756875155033,17.8188888888889,7.37875,20.52,8.09333333333333,18.2153486968352,6.51052756988466
"RB FN4 002.jpg",12,13.53,16.99,24.66,24.89,23.1,13.84,19.13,16.32,12.19,8.27,7.07,9.99,10.41,9.98,10.4,10.38,10.44,"Red_Bass",NA,NA,142.792595655552,18.2944444444444,9.6175,20.24,10.2633333333333,18.2623951206872,8.50595171668664
"RB FN4(2) 001.jpg",11,12.32,21.38,29.55,29.51,32.21,28.76,21.28,18.44,18.04,6.69,9.95,8.22,10.07,11.08,11.82,10.71,11.87,"Red_Bass",NA,NA,151.591524660846,23.4988888888889,10.05125,27.94,10.99,24.6159884650541,8.7199626247826
"RB FN4(2) 002.jpg",11,16.95,20.92,26.95,32.04,30.01,25.77,25.47,20.49,19.6,9.21,8.56,8.85,10.1,11.06,11.52,11.54,10.42,"Red_Bass",NA,NA,143.018188711821,24.2444444444444,10.1575,28.3225,10.8933333333333,25.5390892309336,9.01770140077786
"RB FN4(2) 003.jpg",10,18.15,21.06,19.6,31.13,31.87,25.17,27.04,25.27,19.89,9.25,7.58,9.98,10.07,10.16,10.35,12.02,11.58,"Red_Bass",NA,NA,157.882124601109,24.3533333333333,10.12375,28.8025,10.1933333333333,24.9677357799873,7.85181358961268
"RB FN4(2) 004.jpg",12,18.29,23.79,33.57,35.52,37.57,28.06,31.13,27.48,20.43,7.09,8.43,9.39,8.68,10.24,10.54,10.86,10.34,"Red_Bass",NA,NA,148.645333192569,28.4266666666667,9.44625,33.07,9.82,29.3646103123062,7.90382928601344
"RB FN4(2) 005.jpg",12,10.57,21.3,22.3,23.64,29.89,26.62,18.53,21.23,18.52,10.18,7.53,7.25,8.52,8.05,8.13,10.84,10.98,"Red_Bass",NA,NA,133.37069043778,21.4,8.935,24.67,8.23333333333333,22.8738205849092,7.17142705365226
"RB FN4(2) 006.jpg",9,23.03,30.66,36.25,35.09,27.86,28.84,25.14,20.05,15.44,8.31,7.72,8.85,9.96,9.5,10.37,9.29,8.5,"Red_Bass",NA,NA,132.951457833639,26.9288888888889,9.0625,29.2325,9.94333333333333,27.1381842768712,8.68076312295935
"RB FN4(2) 007.jpg",11,20.49,18.32,25.67,29.73,23.8,20.73,16.83,18.57,15.83,10.86,8.73,6.73,6.83,8.43,9.33,9.08,9.52,"Red_Bass",NA,NA,138.181262100619,21.1077777777778,8.68875,22.7725,8.19666666666667,20.8182079958339,6.95756171698651
"RB FN4(2) 008.jpg",11,15.2,19.83,30.47,29.36,25.15,26.9,25.77,14.25,17.69,6.25,6.67,9.01,9.79,12.67,11.61,12.4,11.88,"Red_Bass",NA,NA,150.895591815699,22.7355555555556,10.035,26.795,11.3566666666667,23.6505679609843,9.04114722489805
"RB FN4(2) 009.jpg",10,19.32,26.28,27.96,25.31,27.65,25.44,16.92,21.16,14.54,6,8.6,9.18,10.94,11.27,10.84,11.69,8.83,"Red_Bass",NA,NA,150.535929639837,22.7311111111111,9.66875,23.83,11.0166666666667,21.0535413794942,8.78572965950223
"RB FN4(2) 010.jpg",12,12.12,17.68,24.72,27.44,26.16,19.23,22.96,20.06,17.7,6.53,6.93,9.31,8.27,8.35,9.47,9.18,9.01,"Red_Bass",NA,NA,142.709709111188,20.8966666666667,8.38125,23.9475,8.69666666666667,21.6126475459829,7.21059324095132
"RB FN4(2) 011.jpg",12,18.98,22.73,26.88,33.57,31.42,30.32,28.67,25.8,22.73,7.04,7.84,10.25,7.95,8.77,9.9,9.89,8.91,"Red_Bass",NA,NA,138.828364932567,26.7888888888889,8.81875,30.995,8.87333333333333,28.2823244936311,7.50634472604042
"RB FN4(2) 012.jpg",10,22.78,30.68,29.1,29.32,28.93,26.49,22.72,21.21,16.21,7.39,8.81,10.18,11.89,11.61,12.15,12.32,8.86,"Red_Bass",NA,NA,149.471691428745,25.2711111111111,10.40125,26.865,11.8833333333333,23.8021797047154,9.52599724506986
"RB FN4(2) 013.jpg",11,12.89,20.36,24.22,26.86,25.71,26.22,18.49,18.22,15.43,6.74,8.05,8.18,7.3,8.8,9.9,9.47,8.82,"Red_Bass",NA,NA,126.597290046549,20.9333333333333,8.4075,24.32,8.66666666666667,23.0229094962037,7.84099891705659
"RB FN5 001.jpg",12,14.61,22.41,27.65,27.33,25.99,27.19,26.35,21.89,20.41,9.71,7.36,7.74,8.59,9.26,10.14,10.68,10,"Red_Bass",NA,NA,130.114461960114,23.7588888888889,9.185,26.715,9.33,25.015299925046,8.27430307481384
"RB FN5 002.jpg",13,11.86,19.96,26.42,32.06,29.09,26.67,25.92,25.26,18.76,8.13,6.52,8.35,8.21,9.24,9.28,8.11,8.62,"Red_Bass",NA,NA,124.295817146355,24,8.3075,28.435,8.91,27.116111392444,8.16960949591489
"RB FN5 003.jpg",10,15.58,21.91,27.62,19.57,15.09,20.35,16.19,17.65,12.57,6.43,9.72,9,10.95,10.79,10.23,9.71,12.34,"Red_Bass",NA,NA,144.846490319131,18.5033333333333,9.89625,17.8,10.6566666666667,15.9695912276091,8.74052946901266
"RB FN5 004.jpg",11,12.26,22.45,28.81,33.3,29.88,27.8,26.55,24.62,20.56,6.57,6.62,9.99,8.32,8.88,10.06,9.93,9,"Red_Bass",NA,NA,133.298105683952,25.1366666666667,8.67125,29.3825,9.08666666666667,27.2491267481343,7.91783974113969
"RB FN5 005.jpg",11,12.49,20.02,22.35,32.52,24.66,27.36,23.61,24.3,12.43,8.4,6.78,9.39,8.79,8.7,8.59,9.96,8.72,"Red_Bass",NA,NA,134.667205350746,22.1933333333333,8.66625,27.0375,8.69333333333333,24.9724173866313,7.51892290773158
"RB FN5 006.jpg",12,18.47,21.8,28.91,32.41,35.39,31.44,30.88,29.58,24.89,7.21,7.06,8.21,8.79,9.82,10.43,9.85,11.03,"Red_Bass",NA,NA,146.732835548694,28.1966666666667,9.05,32.53,9.68,29.0346710238573,7.86499149367519
"RB FN5 007.jpg",13,7.88,10.45,17.52,25.21,31.46,30.55,28.88,28.57,24.95,7.76,7.14,6.72,8.14,10.24,7.63,9.31,10.9,"Red_Bass",NA,NA,129.192507059891,22.83,8.48,29.025,8.67,27.255511349812,7.72891516731899
"RB FN5 008.jpg",12,10.76,20.3,26.04,30.12,28.35,23.81,21.84,14.16,9.05,5.54,6.66,6.79,7.59,8.57,9.61,7.97,7.3,"Red_Bass",NA,NA,122.242550498998,20.4922222222222,7.50375,26.03,8.59,24.9881013014813,7.97235297121395
"RB FN5 009.jpg",11,13.91,15.96,25.61,30.78,26.81,27.56,23.68,17.48,19.85,7.89,9.54,7.97,8.33,10.19,9.15,9.77,9.47,"Red_Bass",NA,NA,136.915552402786,22.4044444444444,9.03875,27.2075,9.22333333333333,24.964047236061,7.88168175701034
"RB FN5 010.jpg",12,9.53,24.09,29.57,31.77,27.14,24.14,20.97,19.22,16.11,7.37,6.47,9.23,8.21,7.11,8.61,8.04,8.98,"Red_Bass",NA,NA,120.560167002082,22.5044444444444,8.0025,26.005,7.97666666666667,25.1024498591243,7.47823451229423
"RB FN5 011.jpg",11,12.35,16.28,22.1,30.66,31.56,26.26,22.31,18.61,17.23,6.19,7.3,8.82,10.92,11.38,10.84,10.35,10.06,"Red_Bass",NA,NA,132.459737932551,21.9288888888889,9.4825,27.6975,11.0466666666667,25.7511804681171,9.67006521784076
"RB FN5 012.jpg",12,16.52,19.13,27.76,35.68,29.42,22.59,24.22,22.56,21.1,8.41,7.34,11,10.11,10.85,10.58,10.49,9.98,"Red_Bass",NA,NA,135.712443667115,24.3311111111111,9.845,27.9775,10.5133333333333,25.7610689903158,9.04198316583513
"RB FN5 013.jpg",12,12.62,22.13,23.89,31.74,25.39,25.5,23.96,21.02,22.72,7.12,6.7,6.8,5.98,6.94,6.19,6.98,8.38,"Red_Bass",NA,NA,115.413693222252,23.2188888888889,6.88625,26.6475,6.37,26.1740817104336,6.16479782062091
"RB FN8 001.jpg",11,6.32,14.56,27.76,31.09,31.87,24.38,26.62,21.43,20.94,3.27,8.6,10.76,9.25,10.66,10.14,9.92,10.66,"Red_Bass",NA,NA,133.874735576247,22.7744444444444,9.1575,28.49,10.0166666666667,26.375985582217,8.70081081466819
"RB FN8 002.jpg",12,10.38,22.52,35.68,39.62,37.44,32.82,30.58,27.76,24.63,6.16,8.11,9.21,9.23,9.89,10.47,11.14,11.19,"Red_Bass",NA,NA,137.985662914558,29.0477777777778,9.425,35.115,9.86333333333333,32.1196377827918,8.38091904586877
"SQ FN1 001.jpg",11,8.56,9.57,12.54,26.13,20.68,16.24,16.07,16.68,15.45,5.91,5.62,7.3,5.04,6.98,5.99,5.47,6.24,"Squaw",21.57,7,176.660474278091,15.7688888888889,6.06875,19.78,6.00333333333333,16.3950066901228,4.26081501016758
"SQ FN1 002.jpg",11,17.29,28.72,27.3,26.62,24.58,19.86,20.09,16.29,14.27,5.34,7.37,7.03,7.03,6.49,7.19,6.73,6.3,"Squaw",21.57,7,180.155263223393,21.6688888888889,6.685,22.7875,6.90333333333333,18.7408479063499,4.8301614334269
"SQ FN 005.jpg",10,8.63,17.5,26.36,25.91,23.6,20.94,20.03,19.39,16.12,7.6,6.28,7.26,7.75,7.55,7.95,7.72,6.39,"Squaw",21.57,7,111.668446097364,19.8311111111111,7.3125,22.62,7.75,22.5123606514664,7.68276691170793
"SQ FN 006.jpg",11,16.76,31.09,22.8,22.26,19.23,17.97,20.97,15.61,13.49,7.65,8.22,7.34,6.9,7.98,7.95,6.96,5.44,"Squaw",21.57,7,116.430521235671,20.02,7.305,20.1075,7.61,19.6813034359607,7.31794248515908
"SQ FN 007.jpg",12,14.82,18.05,25.3,31.81,25.8,23.72,19.52,14.7,16.7,3.65,4.7,5.68,5.6,7.26,6.14,5.59,7.19,"Squaw",21.57,7,103.22,21.1577777777778,5.72625,25.2125,6.33333333333333,25.8922479328427,6.64870886517455
"SQ FN 008.jpg",13,19.08,22.04,25.38,34.9,33.35,29.95,24.62,23.37,19.25,2.9,5.14,5.84,8.93,7.51,8.44,8.34,7.95,"Squaw",21.57,7,123.508231534663,25.7711111111111,6.88125,30.705,8.29333333333333,29.3551423463149,7.63947844076945
"SQ FN 009.jpg",10,8.06,11.51,20.27,22.49,21.88,17.56,15.06,12.34,11.64,3.89,5.84,6.71,6.92,6.7,6.98,8.08,8.53,"Squaw",21.57,7,111.462934077522,15.6455555555556,6.70625,19.2475,6.86666666666667,19.1699862107841,6.81623711621623
"SQ FN 010.jpg",12,8.17,13.53,26.6,25.83,22.88,21.73,21.09,20.31,17.25,4.06,5.79,5.28,7.27,6.21,5.22,5.55,7.7,"Squaw",21.57,7,113.723793703033,19.71,5.885,22.8825,6.23333333333333,22.6085714604873,6.09770306916248
"SQ FN 011.jpg",11,15.84,13.87,18.89,29.85,26.1,23.22,20.99,16.72,15.9,7.37,5.08,7.03,7.31,7.54,9.08,8.45,8.01,"Squaw",21.57,7,128.768412911319,20.1533333333333,7.48375,25.04,7.97666666666667,23.544306359938,7.12789207790254
"SQ FN 012.jpg",11,19.3,24.1,26.38,25.1,20.97,17.31,18.47,16.42,13.39,5.93,5.84,7.24,6.92,6.04,7.04,5.76,4.7,"Squaw",21.57,7,116.98318774294,20.16,6.18375,20.4625,6.66666666666667,19.9909903963802,6.38873564290412
"SQ FN 013.jpg",12,12.61,15.28,25.83,24.52,21.24,21.19,20.28,17.97,17.8,3.99,3.87,7.38,7.5,7.52,7.23,5.99,5.82,"Squaw",21.57,7,117.440981313722,19.6355555555556,6.1625,21.8075,7.41666666666667,21.2718400429978,7.08727540276058
"SQ FN 014.jpg",12,10.57,21.79,33.38,31.32,28.46,22.98,23.2,22.05,21.58,3.3,6.66,6.88,7.6,6.76,6.47,8.05,8.12,"Squaw",21.57,7,122.619634064044,23.9255555555556,6.73,26.49,6.94333333333333,25.3984736098415,6.42964466512589
"SQ FN 015.jpg",10,10.75,25.45,22.58,20.07,20.82,20.59,20.29,16.55,12.63,9.67,6.48,6.4,8.21,7.19,6.35,7.88,5.26,"Squaw",21.57,7,112.528748728936,18.8588888888889,7.18,20.4425,7.25,20.2830499222909,7.1470363638353
"SQ FN 016.jpg",10,17.72,21.33,13.32,10.63,14.57,13.69,10.28,11.54,10.58,6.41,6.22,4.89,5.22,4.39,4.33,5.45,6.43,"Squaw",21.57,7,109.120461114724,13.74,5.4175,12.2925,4.64666666666667,12.347137000182,4.68446244155037
"SQ FN 017.jpg",10,12.2,20.9,24.37,21.41,24.34,20.3,18.89,21.26,13.21,4.78,5.25,7.37,8.41,7.73,6.59,6.08,7.11,"Squaw",21.57,7,111.943876579382,19.6533333333333,6.665,21.235,7.57666666666667,21.1131992313023,7.49747072451554
"SQ FN 018.jpg",11,11.75,17.06,23.25,24.06,21.73,20.06,17.94,8.12,13.76,6.4,4.85,7.06,7.15,6.88,5.23,6.79,8.3,"Squaw",21.57,7,111.414601033482,17.5255555555556,6.5825,20.9475,6.42,20.8667488296398,6.37486461651968
"SQ FN 020.jpg",10,15.9,28.36,30.82,28.52,20.87,20.58,19.8,18.52,15.26,5.11,6.94,8.12,8.28,8.64,7.66,7.24,8.02,"Squaw",21.57,7,112.160549709869,22.07,7.50125,22.4425,8.19333333333333,22.2965728193671,8.09627908689331
"SQ FN 021.jpg",10,8.66,11.91,21.26,26.43,23.62,20.9,20.61,17.56,14.13,4.42,4.69,6.59,6.49,7.17,7.12,6.85,5.87,"Squaw",21.57,7,94.4381102104971,18.3422222222222,6.15,22.89,6.92666666666667,24.3556461424913,7.75818057625189
"SQ FN 022.jpg",11,11.9,21.09,29.03,33.92,34.25,30.21,28.26,23.88,19.53,7.61,8.61,10.02,10.51,10.73,11.26,11.09,10.68,"Squaw",21.57,7,102.948772316381,25.7855555555556,10.06375,31.66,10.8333333333333,32.5477109312862,11.3946102588179
"SQ FN 023.jpg",9,13.35,19.68,31.09,32.26,32.34,27.89,27.7,23.25,21.06,8.39,9.27,9.9,10.03,9.48,10.9,10.93,10.02,"Squaw",21.57,7,111.628521680438,25.4022222222222,9.865,30.0475,10.1366666666667,29.9087810335875,10.0513466157752
"SQ FN 024.jpg",9,14.19,20.91,28.93,26.62,24.48,23.89,19.39,16.98,17.16,8.41,11.42,12.09,11.62,11.11,11.77,12.95,10.65,"Squaw",21.57,7,103.494165663771,21.3944444444444,11.2525,23.595,11.5,24.2055197655926,12.049349874925
"SQ FN9 025.jpg",11,14.82,18.54,25.05,30.18,30.32,30.37,26.45,26.28,19.66,5.79,6.51,8.45,8,7,6.64,8.66,9.67,"Squaw",21.57,7,83.0799818895021,24.63,7.59,29.33,7.21333333333333,32.8442322294585,8.86974325931918
"SQ FN9 026.jpg",9,22.64,29.23,27.25,24.27,25.31,21.21,21.41,16.83,13.62,10.05,9.85,9.38,10.29,11.63,11.82,10.82,11.86,"Squaw",21.57,7,80.9755027218109,22.4188888888889,10.7125,23.05,11.2466666666667,26.0772402371668,14.0901595772018
"SQ FN9 027.jpg",9,12.87,26.61,25.28,19.45,17.75,14.86,11.67,9.77,10.41,5.29,8.44,7.02,6.41,5.82,7.17,5.74,6.27,"Squaw",21.57,7,80.1758389764024,16.5188888888889,6.52,15.9325,6.46666666666667,18.0964538261156,8.16041654872812
"SQ FN9 028.jpg",10,10.3,20.63,23.52,28.26,27.11,24.55,23.05,20.69,20.45,6.91,6.12,6.61,6.71,8.35,6.76,7.38,7.79,"Squaw",21.57,7,76.4415365272049,22.0622222222222,7.07875,25.7425,7.27333333333333,29.8003190500029,9.50286898373936
"TW Electro 001.jpg",12,12.39,12.77,19.08,21.21,18.36,16.34,15.46,13.17,14.48,7.4,6.82,7.92,8.53,8.27,8.57,8.29,8.16,"Towanda",5.2925,NA,105.85811151499,15.9177777777778,7.995,17.8425,8.45666666666667,18.1400577425096,8.71605679604347
"TW Electro 002.jpg",11,6.28,10.5,13.22,18.76,14.92,13.8,10.34,11.32,10.82,3.9,4.8,5.66,5.49,4.97,5.8,6.01,6.88,"Towanda",5.2925,NA,109.142494738576,12.2177777777778,5.43875,14.455,5.42,14.518079768229,5.46328245650148
"TW Electro 003.jpg",11,6.49,11.18,18.4,21.56,19.79,18.65,16.39,17.43,14.41,3.76,3.51,4.53,4.34,5.28,5.46,5.15,5.85,"Towanda",5.2925,NA,79.0123583916465,16.0333333333333,4.735,19.0975,5.02666666666667,21.8181439783257,6.41115917138196
"TW Electro 004.jpg",11,11.41,17.03,23.87,24.37,26.04,22.87,22.1,20.76,17.5,4.42,3.04,6.05,6,6.71,6.64,6.88,5.89,"Towanda",5.2925,NA,97.9605630212995,20.6611111111111,5.70375,23.845,6.45,25.0039597843585,7.034121943161
"TW Electro 005.jpg",11,6.39,9.14,14.52,17.96,22.44,19.77,19.94,17.81,14.63,2.49,4.3,2.65,4.35,4.54,4.34,4.81,5.73,"Towanda",5.2925,NA,78.1375183154674,15.8444444444444,4.15125,20.0275,4.41,22.9824515534674,5.6704492227044
"TW Electro 006.jpg",12,9.28,11.57,14.25,16.94,15.9,14.4,12.03,11.36,11.03,5.69,4.3,6.43,5.04,6.07,6.94,6.49,8.25,"Towanda",5.2925,NA,92.12104351846,12.9733333333333,6.15125,14.8175,6.01666666666667,15.9232294433787,6.86199651868624
"TW Electro 007.jpg",14,7.46,12.77,16.42,23.47,22.42,20.35,18.93,17.84,16.7,3.92,3.98,4.27,4.49,5.71,6.4,6.34,6.03,"Towanda",5.2925,NA,96.8262359655171,17.3733333333333,5.1425,21.2925,5.53333333333333,22.4313444821226,6.08585674106302
"TW Electro 008.jpg",11,13.15,19.4,26.65,25.22,20.39,19.66,15.64,13.81,13.31,5.38,7.43,6.81,6.82,7.24,8.76,7.86,8.81,"Towanda",5.2925,NA,112.238347764033,18.5811111111111,7.38875,20.2275,7.60666666666667,20.0904191876291,7.51276607610019
"TW Electro 009.jpg",13,4.03,9.22,14.84,18.67,20.71,19.64,18.64,17.63,16.6,2.99,3.46,4.16,5.09,6.65,5.97,6.03,6.35,"Towanda",5.2925,NA,86.6157824843717,15.5533333333333,5.0875,19.415,5.90333333333333,21.3828720514542,7.04184986060953
"TW Electro 010.jpg",11,13.92,22.58,22.78,20.65,18.12,17.09,15.08,14.08,12.02,4.58,5.66,5.67,5.73,4.9,5.39,5.72,5.04,"Towanda",5.2925,NA,81.9494786563039,17.3688888888889,5.33625,17.735,5.34,19.9687620316787,6.63209572267888
"TW Electro 011.jpg",10,9.73,14.97,21.88,21.71,20.85,18.02,19.82,17.55,8.59,3.38,3.58,4.88,4.3,4.89,5.4,4.37,4.37,"Towanda",5.2925,NA,78.6237851012656,17.0133333333333,4.39625,20.1,4.86333333333333,23.0086526970526,6.2251554225138
"TW Electro 012.jpg",11,7.56,10.64,16.01,17.73,16.48,17.09,16.47,9.09,12.25,4.09,5.16,6.22,6.78,7.08,6.08,6.23,5.9,"Towanda",5.2925,NA,103.449682813675,13.7022222222222,5.9425,16.9425,6.64666666666667,17.3838666426011,6.96635626159214
"TW Electro 013.jpg",12,8.99,13.1,20.15,21.25,20.06,17.83,15.09,14.7,13.09,3.7,4.04,5.56,4.96,5.37,6.19,5.45,6.11,"Towanda",5.2925,NA,86.3166348075503,16.0288888888889,5.1725,18.5575,5.50666666666667,20.4666758463647,6.58525774989495
"TW Electro 014.jpg",11,6.04,9.88,11.14,22.59,23.7,22.87,17.68,10.44,16.36,1.49,3.07,2.95,4.76,4.19,5.45,5.37,5.34,"Towanda",5.2925,NA,86.4393186860008,15.6333333333333,4.0775,21.71,4.8,23.9299436552144,5.73424028856329
"TW Electro 015.jpg",10,6.37,8.6,16.12,14.33,15.66,15.38,13.42,10.98,10.82,1.97,2.11,3.69,3.25,3.53,3.72,3.76,3.37,"Towanda",5.2925,NA,69.3169823215062,12.4088888888889,3.175,14.6975,3.5,17.6912402772884,4.91067719227261
"TW FN 002.jpg",10,11.33,17.06,22.46,25.64,22.07,19.92,18.91,20.14,16.08,6.64,5.61,6.44,8.74,7.92,6.46,6.4,7.77,"Towanda",5.2925,NA,136.906028839821,19.29,6.9975,21.635,7.70666666666667,19.8515903539177,6.58596733369822
"TW FN 003.jpg",9,10.93,17.4,27.38,30.07,27.71,22.61,19.3,14.36,14.16,5.81,10.49,10.71,9.96,7.8,11,10.32,5.83,"Towanda",5.2925,NA,156.45291211176,20.4355555555556,8.99,24.9225,9.58666666666667,21.6828086262664,7.43358473168151
"TW FN 004.jpg",12,10.86,18.39,23.37,21.48,19.2,16.55,13.97,13.42,14.12,5.49,5.95,8.85,9.17,8.46,8.86,8.83,9,"Towanda",5.2925,NA,115.952157476651,16.8177777777778,8.07625,17.8,8.83,17.4513418997003,8.51662511635295
"TW FN 005.jpg",11,15.01,20.37,28.56,29.38,30.51,25.47,20.39,17.69,18.83,10.29,10.24,9.19,7.62,8.1,8.79,9.66,11.52,"Towanda",5.2925,NA,135.205307844219,22.9122222222222,9.42625,26.4375,8.17,24.3794425067594,7.04579074582011
"TW FN 006.jpg",9,8.85,21.44,21.22,13.68,16.85,15.35,17.59,15.97,9.32,11.29,10.26,10.09,12.25,13.22,13.25,12.43,10.99,"Towanda",5.2925,NA,167.271041556212,15.5855555555556,11.7225,15.8675,12.9066666666667,13.4416518411967,9.53218339217477
"TW FN 007.jpg",9,18.12,27.08,23.36,21.84,19.35,18.39,17.81,16.76,9.45,10.51,9.38,9.69,9.53,10.94,9.29,7.72,8.81,"Towanda",5.2925,NA,152.266143357281,19.1288888888889,9.48375,19.3475,9.92,17.0155773693446,7.84555770909144
"TW FN 008.jpg",10,6.06,13.84,23.49,24.58,24.11,19.86,18.17,15.79,12.72,6.55,5.12,7.62,9.51,10.82,9.58,10.4,8.85,"Towanda",5.2925,NA,137.581095563489,17.6244444444444,8.55625,21.68,9.97,19.8538979559526,8.48969379489736
"TW FN 009.jpg",13,12.9,19.73,20.87,25.05,24.23,20.26,15.81,16.05,13.58,8.02,6.66,7.91,7.91,7.71,7.56,6.97,6.74,"Towanda",5.2925,NA,109.155212577,18.72,7.435,21.3375,7.72666666666667,21.4296183301255,7.7877084148717
"TW FN 010.jpg",11,10.75,18.05,20.2,23.51,20.81,17.21,14.88,13.94,12.05,6.02,9.35,8.37,6.25,7.02,7.93,7.18,6.81,"Towanda",5.2925,NA,106.878997277903,16.8222222222222,7.36625,19.1025,7.06666666666667,19.3468786483752,7.23267677849099
"TW FN 011.jpg",9,15.91,23.45,26.4,26.08,25.31,24.53,17.13,15.82,7.5,7.41,9.8,10.11,8.71,9.68,10.39,10,7.18,"Towanda",5.2925,NA,152.222188793159,20.2366666666667,9.16,23.2625,9.59333333333333,20.4610644704357,7.58879851603435
"TW FN 013.jpg",9,11.92,19.47,20.02,26.8,23.51,24.75,21.53,18.87,17.23,12.55,10.83,9.79,11,12.84,14.51,13.11,14,"Towanda",5.2925,NA,163.961815199759,20.4555555555556,12.32875,24.1475,12.7833333333333,20.6194488812164,9.57952591538093
"TW FN 014.jpg",11,8.45,13.77,15.77,21.13,21.41,20.46,19.28,15.94,15.4,8.11,8.65,12.37,8.51,9.41,9.29,9.39,8.77,"Towanda",5.2925,NA,136.195300807113,16.8455555555556,9.3125,20.57,9.07,18.9135977632598,7.78048969473282
"TW FN 015.jpg",11,8.48,16.62,17.52,23.14,22.54,20.25,18.21,16.67,13.48,4.49,4.12,5.76,5.53,5.5,5.3,4,4.58,"Towanda",5.2925,NA,80.2162524570302,17.4344444444444,4.91,21.035,5.44333333333333,23.8871749396547,6.86653052687515
