"","fishID","X13","X14","Y13","Y14","fishStdLength","lakeID","captureMethod","basin","DOC","DOClevel","X","Y","hyp_dist","opp_dist","sinAngle","ang_deg"
"1","BA AN 001 07-13.jpg",59.8306,56.9441,45.1354,53.9525,156.572298526272,"BA","Angling",4,7.4,"low",-2.8865,8.8171,9.27756081413644,2.8865,0.31112703627895,18.1271640539978
"2","BA AN 002 07-13.jpg",63.7144,61.615,44.5581,54.9497,152.851361344935,"BA","Angling",4,7.4,"low",-2.0994,10.3916,10.6015485151934,2.0994,0.198027674635576,11.4216464578231
"3","BA AN 003 07-13.jpg",68.3853,66.4435,53.3752,61.0902,118.472150846433,"BA","Angling",4,7.4,"low",-1.9418,7.715,7.95561513900717,1.9418,0.244079177545827,14.127422524132
"4","BA AN 004 07-13.jpg",78.672,75.2606,57.5739,65.2364,120.08622474289,"BA","Angling",4,7.4,"low",-3.4114,7.6625,8.3875834547264,3.4114,0.406720245278475,23.9989715664195
"5","BA AN 005 07-13.jpg",65.9186,65.3413,52.0107,60.6703,138.652594745609,"BA","Angling",4,7.4,"low",-0.577299999999994,8.6596,8.67882177775301,0.577299999999994,0.0665182457692385,3.81403091982061
"6","BA AN 006 07-13.jpg",68.3853,66.7059,49.1241,59.0959,143.963665305173,"BA","Angling",4,7.4,"low",-1.6794,9.9718,10.1122292102187,1.6794,0.166076140590536,9.5597553615527
"7","BA AN 007 07-13.jpg",69.33,67.4931,46.395,56.3143,153.849120203984,"BA","Angling",4,7.4,"low",-1.8369,9.9193,10.0879489540739,1.8369,0.182088550245706,10.491435644374
"8","BA AN 008 07-13.jpg",78.3046,74.7883,54.3724,62.3498,125.58363871321,"BA","Angling",4,7.4,"low",-3.51629999999999,7.9774,8.71798580235136,3.51629999999999,0.403338578396353,23.7870557392963
"9","BA AN 009 07-13.jpg",64.5016,61.825,51.3284,59.9356,164.198882914501,"BA","Angling",4,7.4,"low",-2.67659999999999,8.6072,9.0137716523107,2.67659999999999,0.296945618687139,17.2742419239717
"10","BA AN 010 07-13.jpg",70.7996,66.9683,50.1737,59.6732,148.372707517859,"BA","Angling",4,7.4,"low",-3.8313,9.4995,10.2430151781592,3.8313,0.37404025410109,21.965007100376
"11","BA AN 011 07-13.jpg",69.0151,62.1924,42.1438,50.0688,164.586375359384,"BA","Angling",4,7.4,"low",-6.8227,7.925,10.4572874250448,6.8227,0.652434969288489,40.7254406945226
"12","BA AN 012 07-13.jpg",66.7584,59.6732,52.8504,59.6732,145.759557957103,"BA","Angling",4,7.4,"low",-7.08519999999999,6.8228,9.83619127914865,7.08519999999999,0.720319460950259,46.0808620257317
"13","BA AN 013 07-13.jpg",76.7826,74.5783,53.3752,61.8775,127.904687359299,"BA","Angling",4,7.4,"low",-2.2043,8.5023,8.78339591388205,2.2043,0.250962158783727,14.5344550805401
"14","BA AN 014 07-13.jpg",75.2606,73.1613,43.351,51.3809,138.137085051227,"BA","Angling",4,7.4,"low",-2.0993,8.0299,8.29978038866089,2.0993,0.2529344032847,14.6512232494626
"15","BA AN 015 07-13.jpg",72.479,68.3853,52.8504,61.6675,146.263545934043,"BA","Angling",4,7.4,"low",-4.0937,8.8171,9.72109212485922,4.0937,0.421115235553771,24.9050170096373
"16","BA FN4 001.jpg",80.1415,78.4096,57.1015,62.8222,95.1196107593487,"BA","Fyke_Net",4,7.4,"low",-1.7319,5.7207,5.97711352577479,1.7319,0.289755245994846,16.8433035272939
"17","BA FN4 002.jpg",83.8678,80.9288,63.5569,70.5896,115.585767400013,"BA","Fyke_Net",4,7.4,"low",-2.93900000000001,7.03270000000001,7.62211193108578,2.93900000000001,0.385588669724684,22.6802904586434
"18","BA FN4 003.jpg",72.7414,68.7527,57.9937,64.869,122.578964530298,"BA","Fyke_Net",4,7.4,"low",-3.98869999999999,6.8753,7.94855192975425,3.98869999999999,0.501814674578507,30.1201307018055
"19","BA FN5 001 07-26.jpg",75.4181,71.9017,59.0959,64.3966,83.2941403596316,"BA","Fyke_Net",4,7.4,"low",-3.51639999999999,5.30070000000001,6.36101324082885,3.51639999999999,0.552805011854023,33.5596621382864
"20","BA FN5 002 07-26.jpg",80.4564,75.1032,59.9881,65.8137,97.6188122133229,"BA","Fyke_Net",4,7.4,"low",-5.3532,5.82559999999999,7.91166010392256,5.3532,0.676621585063533,42.5802025432995
"21","BA FN5 003 07-26.jpg",75.8904,70.6946,59.7781,65.6038,106.155685737694,"BA","Fyke_Net",4,7.4,"low",-5.19580000000001,5.8257,7.8060949347289,5.19580000000001,0.665608097703779,41.7289939144007
"22","BA FN5 004 07-26.jpg",84.7076,81.821,64.974,68.8052,64.3362542350734,"BA","Fyke_Net",4,7.4,"low",-2.8866,3.8312,4.7969316234443,2.8866,0.60175967193115,36.9960290914947
"23","BA FN5 005 07-26.jpg",79.4068,74.9457,62.7172,67.1782,90.6686635133661,"BA","Fyke_Net",4,7.4,"low",-4.4611,4.46100000000001,6.30887741282077,4.4611,0.707114706482368,45.0006421781812
"24","BA FN5 006 07-26.jpg",85.2324,82.1884,59.2533,63.8718,76.9524699694558,"BA","Fyke_Net",4,7.4,"low",-3.044,4.6185,5.53140834236634,3.044,0.550311929908572,33.3884152952451
"25","BA FN5 007 07-26.jpg",76.2053,73.4237,62.9271,67.1782,77.4030527724844,"BA","Fyke_Net",4,7.4,"low",-2.7816,4.2511,5.08027063944432,2.7816,0.547529885200023,33.197717256188
"26","BA FN5 008 07-26.jpg",77.5699,74.211,52.483,56.7866,88.596736773879,"BA","Fyke_Net",4,7.4,"low",-3.35890000000001,4.3036,5.45922908202249,3.35890000000001,0.615270022476439,37.9715432229299
"27","BA FN8 001 07-16.jpg",74.9457,69.2251,52.5355,61.3001,137.685830708937,"BA","Fyke_Net",4,7.4,"low",-5.7206,8.7646,10.4663019983182,5.7206,0.546573183242679,33.1322351617341
"28","BA FN8 002 07-16.jpg",68.018,65.7612,55.7894,62.5073,115.729081480542,"BA","Fyke_Net",4,7.4,"low",-2.2568,6.7179,7.08684179659741,2.2568,0.318449326903777,18.5691726430844
"29","BA FN8 003 07-16.jpg",67.0208,60.4604,63.347,72.2166,147.291923514665,"BA","Fyke_Net",4,7.4,"low",-6.56039999999999,8.8696,11.0321644440246,6.56039999999999,0.594661186686113,36.4884826345791
"30","BA FN8 004 07-16.jpg",75.3131,70.9045,56.8391,63.6094,117.772272756282,"BA","Fyke_Net",4,7.4,"low",-4.40860000000001,6.7703,8.07915317654023,4.40860000000001,0.545676001391017,33.0708713131501
"31","BH Electro 003 06-06.jpg",71.062,68.8577,45.5028,55.8419,141.387006339656,"BH","Electrofishing",7,10.9,"high",-2.2043,10.3391,10.5714676038855,2.2043,0.20851409497673,12.035288618445
"32","BH Electro 004 06-06.jpg",71.7443,68.9627,54.5298,63.8718,122.637091422661,"BH","Electrofishing",7,10.9,"high",-2.7816,9.342,9.74732078881166,2.7816,0.285370724968119,16.5810098678992
"33","BH Electro 005 06-06.jpg",80.7189,78.4096,51.4333,59.8306,134.43930527171,"BH","Electrofishing",7,10.9,"high",-2.30930000000001,8.39729999999999,8.70904781132817,2.30930000000001,0.265161019898894,15.3765208429637
"34","BH Electro 006 06-06.jpg",59.6732,58.0462,47.7595,58.571,149.068198594133,"BH","Electrofishing",7,10.9,"high",-1.627,10.8115,10.933236540476,1.627,0.148812293045767,8.55810348223818
"35","BH Electro 007 06-06.jpg",62.7172,60.9328,49.3865,60.3555,144.712898486382,"BH","Electrofishing",7,10.9,"high",-1.7844,10.969,11.1131923568343,1.7844,0.160565924057154,9.23974599297738
"36","BH Electro 008 06-06.jpg",70.957,69.6974,53.3752,62.4548,117.834229828857,"BH","Electrofishing",7,10.9,"high",-1.25959999999999,9.0796,9.16655487737896,1.25959999999999,0.137412584864179,7.898151217845
"37","BH FN 001 06-06.jpg",72.584,70.5372,53.7426,63.347,134.986820547971,"BH","Fyke_Net",7,10.9,"high",-2.0468,9.6044,9.82007584492095,2.0468,0.208430162080533,12.0303715821223
"38","BH FN 002 06-06.jpg",91.4254,89.7459,53.7951,59.9356,90.9007693580753,"BH","Fyke_Net",7,10.9,"high",-1.67949999999999,6.1405,6.3660396244447,1.67949999999999,0.263821794880281,15.2969554132762
"39","BH FN1 001 06-28.jpg",80.8238,79.7742,53.3752,60.7753,103.000296823067,"BH","Fyke_Net",7,10.9,"high",-1.04960000000001,7.4001,7.47416484766024,1.04960000000001,0.140430405455746,8.07275271330207
"40","BH FN1 002 06-28.jpg",79.7742,76.7826,50.0688,58.2036,112.955830015985,"BH","Fyke_Net",7,10.9,"high",-2.99159999999999,8.1348,8.66744723664355,2.99159999999999,0.345153528867455,20.1911680186048
"41","BH FN1 003 06-28.jpg",85.6523,84.0253,54.6873,61.5101,99.2378174941388,"BH","Fyke_Net",7,10.9,"high",-1.627,6.8228,7.01410926918023,1.627,0.231961028487107,13.4125532321168
"42","BH FN1 004 06-28.jpg",84.5501,80.7713,45.1354,51.066,93.2384198275582,"BH","Fyke_Net",7,10.9,"high",-3.7788,5.93060000000001,7.03216508623056,3.7788,0.537359398373502,32.5040619258917
"43","BH FN3 001 06-28.jpg",99.2978,96.8311,64.869,69.0151,71.8676190619948,"BH","Fyke_Net",7,10.9,"high",-2.46669999999999,4.1461,4.82439157821999,2.46669999999999,0.511297634117441,30.7503032138533
"44","BH FN3 002 06-28.jpg",79.3018,75.4181,47.8645,57.7838,131.5666054168,"BH","Fyke_Net",7,10.9,"high",-3.8837,9.9193,10.652494458107,3.8837,0.364581273923532,21.3818158625457
"45","BH FN3 003 06-28.jpg",83.1856,80.9288,50.8035,59.1483,117.739526908723,"BH","Fyke_Net",7,10.9,"high",-2.2568,8.3448,8.644584043203,2.2568,0.261065192809879,15.1332762985579
"46","BH FN3 004 06-28.jpg",86.6494,81.926,54.8447,60.9852,107.027643894136,"BH","Fyke_Net",7,10.9,"high",-4.7234,6.1405,7.74701541304778,4.7234,0.609705770307968,37.568231282383
"47","BH FN3 005 06-28.jpg",86.3345,83.0806,59.4108,65.6038,95.7699037736282,"BH","Fyke_Net",7,10.9,"high",-3.2539,6.193,6.99579260770358,3.2539,0.465122421784902,27.7181452636894
"48","BH FN3 006 06-28.jpg",83.5529,80.7189,56.8391,63.0321,90.5717889895634,"BH","Fyke_Net",7,10.9,"high",-2.83399999999999,6.193,6.81063910363777,2.83399999999999,0.416113665233893,24.5894688845572
"49","BH FN3 007 06-28.jpg",75.4181,73.0039,56.2618,62.5597,97.1067292787683,"BH","Fyke_Net",7,10.9,"high",-2.41419999999999,6.2979,6.74476879144126,2.41419999999999,0.357936657971654,20.9735330814732
"50","BH FN3 008 06-28.jpg",80.6664,77.255,56.5767,62.9796,102.294684879763,"BH","Fyke_Net",7,10.9,"high",-3.4114,6.4029,7.2549830027368,3.4114,0.470214747396805,28.0482371544695
"51","BH FN3 009 06-28.jpg",84.4451,84.2877,53.8476,59.4632,96.6223124023121,"BH","Fyke_Net",7,10.9,"high",-0.157399999999996,5.6156,5.6178054540897,0.157399999999996,0.0280180581699229,1.605526589524
"52","BH FN3 010 06-28.jpg",88.3289,87.2267,57.5739,63.0846,81.7092100970876,"BH","Fyke_Net",7,10.9,"high",-1.10220000000001,5.5107,5.61984513398724,1.10220000000001,0.196126400945502,11.3105323104875
"53","BH FN3 011 06-28.jpg",88.8012,86.9118,61.2477,64.974,60.7953918915735,"BH","Fyke_Net",7,10.9,"high",-1.88939999999999,3.7263,4.1779353812619,1.88939999999999,0.452232939856845,26.8870375567154
"54","BH FN3 012 06-28.jpg",88.119,85.6523,59.8306,64.3966,77.6057439815507,"BH","Fyke_Net",7,10.9,"high",-2.4667,4.56600000000001,5.18969795749233,2.4667,0.475307044880877,28.3793435703689
"55","BH FN3 013 06-28.jpg",88.5913,87.4367,57.5739,62.3498,68.9239079595027,"BH","Fyke_Net",7,10.9,"high",-1.1546,4.7759,4.91348368980706,1.1546,0.234986024761861,13.5907989832223
"56","BH FN4 001 06-28.jpg",90.9006,89.4835,56.7866,61.2477,69.0175051697756,"BH","Fyke_Net",7,10.9,"high",-1.41709999999999,4.4611,4.68076763148952,1.41709999999999,0.302749487170983,17.6228187791534
"57","BH FN4 002 06-28.jpg",84.4451,83.0806,52.6929,60.9852,113.998995207502,"BH","Fyke_Net",7,10.9,"high",-1.36449999999999,8.2923,8.40381458267613,1.36449999999999,0.162366742694777,9.34429721405821
"58","BH FN4 003 06-28.jpg",84.4451,82.3458,47.6021,56.5242,122.497429400988,"BH","Fyke_Net",7,10.9,"high",-2.0993,8.9221,9.16574759089514,2.0993,0.229037509399163,13.2404125345259
"59","BH FN4 004 06-28.jpg",83.9728,82.6607,45.3978,53.1128,110.995680783083,"BH","Fyke_Net",7,10.9,"high",-1.3121,7.715,7.82577992343256,1.3121,0.167663800009404,9.65201513877413
"60","CR FN1 001.jpg",89.9559,87.9615,59.2008,62.5597,64.9736583635245,"CR","Fyke_Net",4,5,"low",-1.9944,3.3589,3.90638459064132,1.9944,0.510548808936545,30.7003925459799
"61","CR FN1 002.jpg",78.0422,73.6861,61.615,68.5428,124.827730333047,"CR","Fyke_Net",4,5,"low",-4.3561,6.9278,8.18352125004878,4.3561,0.532301422199402,32.1610849362775
"62","CR FN1 003.jpg",83.1856,78.8819,54.7398,59.5157,108.588121537349,"CR","Fyke_Net",4,5,"low",-4.30369999999999,4.7759,6.42892327687926,4.30369999999999,0.66942780534925,42.0229178952103
"63","CR FN1 004.jpg",88.0665,86.2821,62.5073,65.9186,64.9022072346542,"CR","Fyke_Net",4,5,"low",-1.78440000000001,3.4113,3.8498118200764,1.78440000000001,0.463503174543371,27.6133930175103
"64","CR FN1 005.jpg",89.431,87.8565,61.0377,65.8137,83.2392399274525,"CR","Fyke_Net",4,5,"low",-1.5745,4.776,5.02883945359165,1.5745,0.313094107403941,18.2457950737435
"65","CR FN1 006.jpg",97.9858,96.3063,52.7454,57.2065,77.1095262859266,"CR","Fyke_Net",4,5,"low",-1.6795,4.4611,4.76677390485431,1.6795,0.352334730684344,20.6301843325397
"66","CR FN1 007.jpg",87.4892,86.492,62.2448,65.6562,61.568964804437,"CR","Fyke_Net",4,5,"low",-0.997199999999992,3.4114,3.55416063227311,0.997199999999992,0.280572574842297,16.2943807268822
"67","CR FN1 008.jpg",83.2905,80.6139,58.3611,64.6591,102.729921772481,"CR","Fyke_Net",4,5,"low",-2.67659999999999,6.29799999999999,6.84317116255321,2.67659999999999,0.391134451618969,23.0251067260608
"68","CR FN1 009.jpg",85.7572,83.0806,56.2093,61.825,107.226411933488,"CR","Fyke_Net",4,5,"low",-2.67659999999999,5.6157,6.22095443240023,2.67659999999999,0.430255522538409,25.4837773352394
"69","CR FN1 010.jpg",96.8836,95.2566,63.1895,66.3385,56.3885861306169,"CR","Fyke_Net",4,5,"low",-1.627,3.14899999999999,3.54447880512776,1.627,0.459023763281143,27.3241306550836
"70","CR FN1 011.jpg",88.2239,86.1771,63.242,67.5456,79.4777496058488,"CR","Fyke_Net",4,5,"low",-2.0468,4.3036,4.76553913004604,2.0468,0.42950019801437,25.4358456371323
"71","CR FN1 012.jpg",84.1302,81.4011,63.1895,66.8633,66.3941059255263,"CR","Fyke_Net",4,5,"low",-2.7291,3.67379999999999,4.57654818067066,2.7291,0.596322794442879,36.6069886706395
"72","CR FN1 013.jpg",93.2623,90.4282,59.8306,63.7668,75.4055271929717,"CR","Fyke_Net",4,5,"low",-2.83409999999999,3.93620000000001,4.85033949842689,2.83409999999999,0.58430961398046,35.7542323663072
"73","CR FN1 014.jpg",99.2978,97.0411,61.615,64.974,62.4236588614445,"CR","Fyke_Net",4,5,"low",-2.2567,3.359,4.04667467064008,2.2567,0.557667760241038,33.8946607807986
"74","CR FN1 015.jpg",89.5885,88.3289,61.615,65.1839,64.5879257673599,"CR","Fyke_Net",4,5,"low",-1.25959999999999,3.56889999999999,3.7846584218394,1.25959999999999,0.332817353537497,19.4398668765324
"75","CR FN7 001.jpg",85.2324,82.3458,58.4136,64.9215,111.920484901469,"CR","Fyke_Net",4,5,"low",-2.8866,6.50789999999999,7.11935544624651,2.8866,0.405458053301986,23.9198343000954
"76","CR FN7 002.jpg",81.821,77.7273,54.3724,59.5157,101.884494593535,"CR","Fyke_Net",4,5,"low",-4.0937,5.1433,6.57357700038571,4.0937,0.62275074890882,38.5172881669798
"77","CR FN7 003.jpg",91.1105,89.7984,63.7668,67.7556,62.4763151802345,"CR","Fyke_Net",4,5,"low",-1.3121,3.9888,4.19906321100314,1.3121,0.312474457769962,18.2084162514318
"78","CR FN7 004.jpg",80.7713,74.8932,59.8831,64.7115,117.199394681372,"CR","Fyke_Net",4,5,"low",-5.8781,4.8284,7.60693802853685,5.8781,0.772728787581647,50.5995679875054
"79","CR FN9 001.jpg",78.4096,73.8436,56.7341,62.2448,104.248723114099,"CR","Fyke_Net",4,5,"low",-4.566,5.5107,7.1565473861353,4.566,0.638017154591321,39.64412211564
"80","CR FN9 002.jpg",75.9954,71.9017,53.6901,60.6703,134.625515138142,"CR","Fyke_Net",4,5,"low",-4.0937,6.9802,8.09206844570657,4.0937,0.505890431781012,30.3904790634759
"81","CR FN9 003.jpg",72.2691,67.4931,54.11,60.093,119.5567,"CR","Fyke_Net",4,5,"low",-4.776,5.983,7.65548594146707,4.776,0.623866340623798,38.5990281603082
"82","CR FN9 004.jpg",86.4395,83.8154,60.2505,64.4491,80.6129055435295,"CR","Fyke_Net",4,5,"low",-2.6241,4.1986,4.95117589770349,2.6241,0.529995309037018,32.0051378788685
"83","CR FN9 005.jpg",98.1432,97.5659,63.137,66.7059,61.7396415449588,"CR","Fyke_Net",4,5,"low",-0.577299999999994,3.5689,3.61529009901003,0.577299999999994,0.159682897966632,9.18849097126227
"84","CR FN9 006.jpg",92.9474,91.3729,62.5073,65.9711,68.9114885196946,"CR","Fyke_Net",4,5,"low",-1.5745,3.46380000000001,3.80486014066221,1.5745,0.413812845096054,24.4445779087677
"85","CR FN9 007.jpg",92.2126,90.953,64.7115,68.0705,64.6708259515061,"CR","Fyke_Net",4,5,"low",-1.25959999999999,3.35899999999999,3.58740479455552,1.25959999999999,0.351117331925196,20.5556713580234
"86","CR FN9 008.jpg",90.0083,89.1161,63.6094,67.1782,65.1208522607774,"CR","Fyke_Net",4,5,"low",-0.892200000000003,3.5688,3.67863483917608,0.892200000000003,0.242535625036333,14.0362434679265
"87","CR FN9 009.jpg",91.8977,89.7459,61.72,65.9711,69.5409129796985,"CR","Fyke_Net",4,5,"low",-2.15179999999999,4.25110000000001,4.76467149444744,2.15179999999999,0.45161560508581,26.8473868329178
"88","CR FN9 010.jpg",80.3515,75.2606,57.6263,63.137,119.996875415654,"CR","Fyke_Net",4,5,"low",-5.0909,5.5107,7.50233812221231,5.0909,0.678575121124878,42.7323980729699
"89","CR FN9 011.jpg",80.299,78.4096,58.3611,63.7668,88.3045924579803,"CR","Fyke_Net",4,5,"low",-1.88940000000001,5.4057,5.72637973330446,1.88940000000001,0.329946683244094,19.2655394145345
"90","FD Electro 001.jpg",84.6551,82.5033,56.5242,60.6703,72.2010369278032,"FD","Electrofishing",7,6.21,"low",-2.15180000000001,4.1461,4.67122986482147,2.15180000000001,0.460649563877167,27.4290306181743
"91","FD Electro 002.jpg",87.0168,82.9231,58.9384,65.4463,102.920826975156,"FD","Electrofishing",7,6.21,"low",-4.0937,6.50789999999999,7.68837707842168,4.0937,0.532453072767391,32.1713493940045
"92","FD Electro 003.jpg",82.0834,79.4068,55.3696,62.8222,115.461007454118,"FD","Electrofishing",7,6.21,"low",-2.67659999999999,7.4526,7.91867629847312,2.67659999999999,0.338011038602007,19.7557420390814
"93","FD Electro 004.jpg",79.0919,76.9926,60.1455,67.0208,106.006614571167,"FD","Electrofishing",7,6.21,"low",-2.0993,6.8753,7.18865846872697,2.0993,0.292029452940719,16.9794955423632
"94","FD Electro 005.jpg",80.3515,77.7273,59.3058,65.8662,117.113827405008,"FD","Electrofishing",7,6.21,"low",-2.6242,6.56040000000001,7.06578189586971,2.6242,0.371395556595651,21.8017106436564
"95","FD Electro 006.jpg",80.299,79.1444,57.7313,62.6647,73.8528463842119,"FD","Electrofishing",7,6.21,"low",-1.1546,4.93340000000001,5.06670866736978,1.1546,0.227879689913053,13.1722722979928
"96","FD Electro 007.jpg",82.0309,80.2465,51.4333,59.0434,110.850488179935,"FD","Electrofishing",7,6.21,"low",-1.78440000000001,7.6101,7.81650211859499,1.78440000000001,0.228286255530466,13.1961974176747
"97","FD Electro 008.jpg",84.7076,83.343,57.6788,65.6562,117.905832390514,"FD","Electrofishing",7,6.21,"low",-1.3646,7.9774,8.09327152145533,1.3646,0.168609195475826,9.70696458677559
"98","FD Electro 009.jpg",77.2025,75.2606,61.9824,68.6478,96.1554843961071,"FD","Electrofishing",7,6.21,"low",-1.9419,6.66540000000001,6.94251631398876,1.9419,0.279711262051656,16.2429726869502
"99","FD Electro 010.jpg",76.5727,75.9429,59.2533,66.0761,99.7368107595185,"FD","Electrofishing",7,6.21,"low",-0.629800000000003,6.82279999999999,6.85180617647638,0.629800000000003,0.0919173694904319,5.27392157809903
"100","FD Electro 011.jpg",75.1032,73.1613,56.5767,64.2392,105.026995089072,"FD","Electrofishing",7,6.21,"low",-1.9419,7.66249999999999,7.9047379374651,1.9419,0.245662793044185,14.2210061099848
"101","FD Electro 012.jpg",85.7047,84.6026,61.9824,66.7584,69.8789473636373,"FD","Electrofishing",7,6.21,"low",-1.10210000000001,4.776,4.90151001325102,1.10210000000001,0.224849076513264,12.994003480884
"102","FD Electro 013.jpg",91.9502,90.4282,56.7341,61.1427,69.0065987176589,"FD","Electrofishing",7,6.21,"low",-1.52199999999999,4.4086,4.66392945486957,1.52199999999999,0.326334267001162,19.0464307590218
"103","FD Electro 014.jpg",78.3571,76.5202,52.2731,59.5157,104.05519217324,"FD","Electrofishing",7,6.21,"low",-1.8369,7.2426,7.47191115913459,1.8369,0.245840717438716,14.2315229488961
"104","FD Electro 015.jpg",81.6111,78.8295,63.7668,70.0123,102.080792607522,"FD","Electrofishing",7,6.21,"low",-2.7816,6.24549999999999,6.83692685422331,2.7816,0.406849460190106,24.0070758627084
"105","FD Electro 016.jpg",82.8182,81.1387,60.7753,64.974,68.2850387825913,"FD","Electrofishing",7,6.21,"low",-1.6795,4.1987,4.52214572299479,1.6795,0.371394489005489,21.8016447631387
"106","FD Electro 017.jpg",80.3515,79.7217,52.1681,59.7257,114.907727563859,"FD","Electrofishing",7,6.21,"low",-0.629800000000003,7.5576,7.58379626572339,0.629800000000003,0.0830454798537404,4.7636416907262
"107","FD Electro 018.jpg",83.343,81.7685,55.0547,62.1399,109.724682625743,"FD","Electrofishing",7,6.21,"low",-1.5745,7.0852,7.25803756465892,1.5745,0.216931916647361,12.528893332845
"108","FD Electro 019.jpg",86.9118,86.2296,62.5073,67.5981,74.3267347287637,"FD","Electrofishing",7,6.21,"low",-0.682199999999995,5.0908,5.1363062097192,0.682199999999995,0.132819184087798,7.63253271683959
"109","FD Electro 020.jpg",85.3898,83.1331,58.3611,63.3995,77.7522974787241,"FD","Electrofishing",7,6.21,"low",-2.2567,5.0384,5.52070370967325,2.2567,0.408770352237135,24.1276136295993
"110","FD Electro 021.jpg",95.7815,94.3644,57.154,61.9824,77.4037500056037,"FD","Electrofishing",7,6.21,"low",-1.41709999999999,4.82839999999999,5.03205911829342,1.41709999999999,0.281614338521641,16.3565771266535
"111","FD Electro 022.jpg",91.5304,90.6381,51.3809,56.2618,77.1012187431561,"FD","Electrofishing",7,6.21,"low",-0.892300000000006,4.8809,4.9617924281453,0.892300000000006,0.179834205666992,10.3601029064738
"112","FD Electro 023.jpg",83.2905,82.2933,59.9881,64.4491,77.7881972842282,"FD","Electrofishing",7,6.21,"low",-0.997199999999992,4.461,4.57109711557302,0.997199999999992,0.218153317417538,12.6005915608441
"113","FD Electro 024.jpg",80.0366,79.6692,59.7781,65.4463,82.8828423114217,"FD","Electrofishing",7,6.21,"low",-0.367400000000004,5.66819999999999,5.68009454146671,0.367400000000004,0.0646820219835872,3.7085959237299
"114","FD Electro 025.jpg",87.1743,85.4423,61.5101,65.4988,71.6140080792159,"FD","Electrofishing",7,6.21,"low",-1.732,3.9887,4.34851143381273,1.732,0.398297216498613,23.4717723340959
"115","FD Electro 026.jpg",89.1161,86.1771,62.0874,66.2335,83.3443516090923,"FD","Electrofishing",7,6.21,"low",-2.93900000000001,4.1461,5.08211237675832,2.93900000000001,0.578302835931125,35.3312614838901
"116","FD Electro 027.jpg",83.9203,82.9231,59.2008,64.7115,79.0215830462159,"FD","Electrofishing",7,6.21,"low",-0.997199999999992,5.5107,5.60019841880625,0.997199999999992,0.178065119380638,10.257078721036
"117","FD Electro 028.jpg",86.7019,84.1827,59.2008,64.5541,78.8307294479761,"FD","Electrofishing",7,6.21,"low",-2.5192,5.3533,5.91643385241482,2.5192,0.425797036329879,25.201123645475
"118","FD Electro 029.jpg",93.3148,92.5275,61.1952,64.764,56.1119530411302,"FD","Electrofishing",7,6.21,"low",-0.787300000000002,3.5688,3.65461006538317,0.787300000000002,0.215426539607436,12.4405526413077
"119","FD Electro 030.jpg",88.8537,86.2296,60.8278,64.9215,67.2185272108814,"FD","Electrofishing",7,6.21,"low",-2.6241,4.09369999999999,4.8625384831382,2.6241,0.539656397393991,32.6602513919083
"120","HB AN 001 07-24.jpg",63.137,55.5795,46.8673,55.6845,161.727669470162,"HB","Angling",4,24.5,"high",-7.5575,8.8172,11.612873119517,7.5575,0.650786409376902,40.6009200417651
"121","HB AN 001.jpg",61.4576,56.6816,42.9311,55.1072,180.237789118292,"HB","Angling",4,24.5,"high",-4.776,12.1761,13.0792808368809,4.776,0.36515769173888,21.4172876428241
"122","HB AN 002 07-24.jpg",60.4079,58.781,50.2262,61.0377,153.411653951876,"HB","Angling",4,24.5,"high",-1.6269,10.8115,10.9332216596939,1.6269,0.148803349153496,8.55758526519995
"123","HB AN 002.jpg",66.6009,61.825,40.6743,53.1128,178.387462944233,"HB","Angling",4,24.5,"high",-4.77589999999999,12.4385,13.3238696728841,4.77589999999999,0.358446916493008,21.004846445102
"124","HB AN 003 07-24.jpg",66.496,63.8193,51.8532,61.3001,137.554672202292,"HB","Angling",4,24.5,"high",-2.6767,9.4469,9.81879027681109,2.6767,0.272609957493595,15.819633735662
"125","HB AN 003.jpg",65.9186,61.5101,37.3154,49.1766,170.937615732816,"HB","Angling",4,24.5,"high",-4.4085,11.8612,12.653969246446,4.4085,0.348388708249642,20.3887929425855
"126","HB AN 004 07-24.jpg",67.808,65.7087,49.439,60.5129,158.078554310254,"HB","Angling",4,24.5,"high",-2.09930000000001,11.0739,11.2711277918405,2.09930000000001,0.186254653373707,10.7342902129502
"127","HB AN 004.jpg",66.0236,58.1512,44.663,56.2093,174.581648285551,"HB","Angling",4,24.5,"high",-7.8724,11.5463,13.9746815867125,7.8724,0.563333049926899,34.2866152152604
"128","HB AN 005 07-24.jpg",72.4265,70.9045,54.3199,63.8718,150.976170918493,"HB","Angling",4,24.5,"high",-1.52200000000001,9.5519,9.67239771773267,1.52200000000001,0.157354985228707,9.05340330599169
"129","HB AN 005.jpg",62.8222,60.5654,39.992,50.2787,169.612822707394,"HB","Angling",4,24.5,"high",-2.25680000000001,10.2867,10.5313504893722,2.25680000000001,0.21429350416905,12.3740820583149
"130","HB AN 006 07-24.jpg",79.1968,74.1585,45.0829,53.3752,149.416892076699,"HB","Angling",4,24.5,"high",-5.03829999999999,8.2923,9.70292255869333,5.03829999999999,0.519255922071225,31.2823534462437
"131","HB AN 006.jpg",68.7527,65.2889,41.6715,52.0631,169.288175353921,"HB","Angling",4,24.5,"high",-3.46380000000001,10.3916,10.9536870961334,3.46380000000001,0.316222288403939,18.4346180025106
"132","HB AN 007 07-24.jpg",70.9045,67.9655,49.1766,59.7781,154.573079080058,"HB","Angling",4,24.5,"high",-2.93899999999999,10.6015,11.0013418840612,2.93899999999999,0.267149228791628,15.4946995264119
"133","HB AN 007.jpg",61.9299,57.9412,51.3809,61.9824,159.0741235191,"HB","Angling",4,24.5,"high",-3.9887,10.6015,11.3270265268516,3.9887,0.352140077587395,20.6182678098132
"134","HB AN 008 07-24.jpg",59.3583,57.6788,46.185,55.1596,154.199137092689,"HB","Angling",4,24.5,"high",-1.6795,8.9746,9.13039787796786,1.6795,0.18394598159328,10.5996870374058
"135","HB AN 008.jpg",65.1839,59.6732,45.6077,55.9469,164.551079356229,"HB","Angling",4,24.5,"high",-5.51069999999999,10.3392,11.716094534016,5.51069999999999,0.470352981874673,28.0572117898493
"136","HB AN 009 07-24.jpg",61.9824,60.5654,41.4091,51.6433,156.338762131501,"HB","Angling",4,24.5,"high",-1.417,10.2342,10.331831330408,1.417,0.137148967562951,7.88290268861512
"137","HB AN 009.jpg",66.8633,63.8718,44.5056,55.6845,167.052683448815,"HB","Angling",4,24.5,"high",-2.99149999999999,11.1789,11.5722459989407,2.99149999999999,0.258506429976845,14.9814574260642
"138","HB AN 010 07-24.jpg",68.8052,64.5016,54.6348,64.4491,145.867154794662,"HB","Angling",4,24.5,"high",-4.3036,9.8143,10.7164106607576,4.3036,0.401589686718458,23.6775951512997
"139","HB AN 010.jpg",65.5513,60.9852,45.1879,53.7426,152.834661586958,"HB","Angling",4,24.5,"high",-4.5661,8.5547,9.69701816539497,4.5661,0.470876708913953,28.0912206666344
"140","HB AN 011 07-24.jpg",61.3001,59.4108,47.917,57.7838,152.991468080707,"HB","Angling",4,24.5,"high",-1.8893,9.8668,10.0460537889263,1.8893,0.188063894509759,10.8398168095673
"141","HB AN 011.jpg",61.3001,59.4108,39.2048,49.7539,166.632389030014,"HB","Angling",4,24.5,"high",-1.8893,10.5491,10.7169475738197,1.8893,0.176290868923848,10.1537874536791
"142","HB AN 012 07-24.jpg",72.7414,69.33,47.812,56.1043,128.518521103536,"HB","Angling",4,24.5,"high",-3.4114,8.2923,8.9665985328886,3.4114,0.38045642252046,22.3619573803585
"143","HB AN 012.jpg",65.2364,60.9852,47.4446,58.3611,159.99626894756,"HB","Angling",4,24.5,"high",-4.2512,10.9165,11.7150618303959,4.2512,0.362883274672083,21.2773737355191
"144","HB AN 013 07-24.jpg",67.7556,64.5016,49.0716,58.1512,143.646660458954,"HB","Angling",4,24.5,"high",-3.254,9.07960000000001,9.64508435214541,3.254,0.337373928645445,19.7169601418878
"145","HB AN 014 07-24.jpg",76.9926,70.9045,51.5383,58.8334,130.263376769144,"HB","Angling",4,24.5,"high",-6.0881,7.2951,9.5017601327333,6.0881,0.640733918237597,39.8465677271747
"146","HB AN 015 07-24.jpg",65.2889,61.72,53.5851,62.5597,148.095174992739,"HB","Angling",4,24.5,"high",-3.5689,8.9746,9.65818266393839,3.5689,0.369520863725794,21.6860707487842
"147","HB FN3 001.jpg",59.089,55.7843,48.1886,57.9545,144.506794218992,"HB","Fyke_Net",4,24.5,"high",-3.3047,9.7659,10.3098906347255,3.3047,0.320536862812997,18.695395171634
"148","HB FN9 001.jpg",66.8876,61.8925,43.7672,51.7119,134.410124226191,"HB","Fyke_Net",4,24.5,"high",-4.99510000000001,7.9447,9.38452354144844,4.99510000000001,0.532269963194002,32.1589557805867
"149","HB FN9 002.jpg",70.217,67.4614,45.0235,53.2901,123.417328761767,"HB","Fyke_Net",4,24.5,"high",-2.7556,8.2666,8.7137825839299,2.7556,0.316234651651961,18.4353646817338
"150","LC Electro1 001.jpg",82.0309,79.6692,61.825,67.2307,79.7599523829472,"LC","Electrofishing",7,4.07,"low",-2.3617,5.4057,5.89908631738848,2.3617,0.400350134399376,23.6000688929595
"151","LC Electro1 002.jpg",80.7189,77.8848,59.0959,64.9215,88.9876217641532,"LC","Electrofishing",7,4.07,"low",-2.83410000000001,5.82559999999999,6.47840552682525,2.83410000000001,0.437468754968302,25.9424889397821
"152","LC Electro1 003.jpg",73.7911,71.3769,49.7014,58.571,120.965267022315,"LC","Electrofishing",7,4.07,"low",-2.41419999999999,8.8696,9.19228838755617,2.41419999999999,0.262633187538824,15.2263637225375
"153","LC Electro1 004.jpg",76.3103,72.0067,56.5242,62.6647,100.932218421127,"LC","Electrofishing",7,4.07,"low",-4.3036,6.1405,7.49844738662612,4.3036,0.573932145963404,35.0248839757007
"154","LC Electro1 005.jpg",83.9203,78.3571,63.3995,66.3385,90.8265705503626,"LC","Electrofishing",7,4.07,"low",-5.56319999999999,2.93899999999999,6.29181335069628,5.56319999999999,0.884196604367539,62.15281673516
"155","LC Electro1 006.jpg",77.6748,75.1557,54.3199,60.6703,99.3435606674635,"LC","Electrofishing",7,4.07,"low",-2.51910000000001,6.3504,6.83179661362954,2.51910000000001,0.368731703015626,21.6374193719211
"156","LC Electro1 007.jpg",77.7273,74.0535,58.1512,64.1867,87.2227863219813,"LC","Electrofishing",7,4.07,"low",-3.6738,6.0355,7.06569647593215,3.6738,0.519948742847085,31.3288133321823
"157","LC Electro1 008.jpg",83.7629,79.4068,56.1043,63.6094,113.963478147738,"LC","Electrofishing",7,4.07,"low",-4.3561,7.5051,8.67768017502373,4.3561,0.501989000762878,30.131678708163
"158","LC Electro1 009.jpg",79.4068,75.8379,60.4604,66.0761,93.4974646101701,"LC","Electrofishing",7,4.07,"low",-3.5689,5.6157,6.6538059559924,3.5689,0.536369714356617,32.4368498301502
"159","LC Electro1 010.jpg",83.8678,79.5117,61.5101,66.7059,93.5291689810724,"LC","Electrofishing",7,4.07,"low",-4.3561,5.1958,6.78026141457687,4.3561,0.642467853914132,39.97608826792
"160","LC Electro1 011.jpg",82.4508,79.5117,62.9271,67.7556,73.5847623859723,"LC","Electrofishing",7,4.07,"low",-2.9391,4.8285,5.65267379741658,2.9391,0.519948630565458,31.3288058008288
"161","LC Electro1 012.jpg",85.6523,83.0806,62.7697,66.391,60.0097598752903,"LC","Electrofishing",7,4.07,"low",-2.57169999999999,3.62130000000001,4.44155992642225,2.57169999999999,0.579008285963067,35.3808209476672
"162","LC Electro1 013.jpg",89.536,86.4395,58.2561,64.7115,91.4421043310466,"LC","Electrofishing",7,4.07,"low",-3.09650000000001,6.4554,7.15964394435925,3.09650000000001,0.432493574270491,25.6259130272829
"163","LC Electro1 014.jpg",85.7572,82.5033,58.3086,65.0264,106.815416545787,"LC","Electrofishing",7,4.07,"low",-3.2539,6.7178,7.46436213282823,3.2539,0.435924723653126,25.8441500859912
"164","LC Electro1 015.jpg",96.2013,92.6325,62.7697,66.286,65.8160319188266,"LC","Electrofishing",7,4.07,"low",-3.56880000000001,3.5163,5.01005979305637,3.56880000000001,0.712326827904557,45.4245491767863
"165","LC Electro1 016.jpg",87.0693,85.9147,58.571,63.137,69.6307537263528,"LC","Electrofishing",7,4.07,"low",-1.1546,4.566,4.70971943538042,1.1546,0.245152607462432,14.1908525313677
"166","LC Electro1 017.jpg",84.2877,80.0891,59.7781,65.1314,88.0782908547276,"LC","Electrofishing",7,4.07,"low",-4.1986,5.3533,6.80338613118497,4.1986,0.617133868200527,38.1071351035801
"167","LC Electro1 018.jpg",88.9587,85.8622,58.9384,64.5541,97.0572202334788,"LC","Electrofishing",7,4.07,"low",-3.09649999999999,5.6157,6.41283078990862,3.09649999999999,0.482860081833551,28.8723656771289
"168","LC Electro1 019.jpg",89.8509,86.9643,63.1895,67.2832,64.9747298524588,"LC","Electrofishing",7,4.07,"low",-2.8866,4.09369999999999,5.00907568818838,2.8866,0.576273983403111,35.1888989340081
"169","LC Electro1 020.jpg",80.194,75.2081,59.3058,67.7031,112.071139343767,"LC","Electrofishing",7,4.07,"low",-4.9859,8.39730000000001,9.76595341479777,4.9859,0.510538990739518,30.6997383154195
"170","LC Electro1 021.jpg",77.0975,72.8989,57.8887,64.0817,106.575418106663,"LC","Electrofishing",7,4.07,"low",-4.1986,6.193,7.48207798408971,4.1986,0.561154268764389,34.1356607597651
"171","LC Electro1 022.jpg",83.1331,79.3543,66.286,70.3797,75.4676183244178,"LC","Electrofishing",7,4.07,"low",-3.7788,4.0937,5.57114971347926,3.7788,0.678280102733066,42.7093899573615
"172","LC Electro1 023.jpg",86.9118,84.6551,59.8831,64.4491,67.4854959309776,"LC","Electrofishing",7,4.07,"low",-2.2567,4.566,5.09323579760451,2.2567,0.443077856529122,26.3004260158876
"173","LC Electro1 024.jpg",86.492,84.6026,60.2505,64.8165,61.5534342543127,"LC","Electrofishing",7,4.07,"low",-1.88940000000001,4.566,4.94147633405241,1.88940000000001,0.382355367560882,22.4796560630845
"174","LC Electro1 025.jpg",84.6026,82.9756,61.72,67.2832,75.8963834349174,"LC","Electrofishing",7,4.07,"low",-1.627,5.56319999999999,5.79623353911831,1.627,0.280699524789591,16.3019589600086
"175","LC Electro1 026.jpg",77.9897,74.5259,59.4108,65.8662,96.7407756762887,"LC","Electrofishing",7,4.07,"low",-3.46380000000001,6.4554,7.32598796067808,3.46380000000001,0.472809949810429,28.2168516014443
"176","LC Electro1 027.jpg",85.9672,82.8182,58.9384,64.974,93.8534386290668,"LC","Electrofishing",7,4.07,"low",-3.149,6.0356,6.8076918526032,3.149,0.462565002673535,27.5527466915837
"177","LC Electro1 028.jpg",94.3644,93.9446,58.3611,62.6647,59.7085996671334,"LC","Electrofishing",7,4.07,"low",-0.419800000000009,4.3036,4.32402648002993,0.419800000000009,0.0970854369044251,5.57136149507203
"178","LC Electro2 001.jpg",80.5089,78.3046,58.9909,64.0293,64.9942427192594,"LC","Electrofishing",7,4.07,"low",-2.2043,5.0384,5.49949207200084,2.2043,0.400818834019708,23.6293777306568
"179","LC Electro3 001.jpg",82.5033,78.9869,56.8391,64.9215,104.64717453663,"LC","Electrofishing",7,4.07,"low",-3.51639999999999,8.08239999999999,8.81420777608514,3.51639999999999,0.398946801497095,23.5123544502317
"180","LT Electro 1.jpg",82.0834,79.9316,58.571,65.9711,116.134900447023,"LT","Electrofishing",7,4.02,"low",-2.15179999999999,7.40010000000001,7.70660257506511,2.15179999999999,0.279215124828442,16.2133665007334
"181","LT Electro 10.jpg",78.6195,75.1032,56.1043,61.3526,79.5671925741383,"LT","Electrofishing",7,4.02,"low",-3.5163,5.2483,6.31735851285963,3.5163,0.556609220901776,33.821625598744
"182","LT Electro 11.jpg",92.3176,89.641,60.4604,65.3413,69.8557661599957,"LT","Electrofishing",7,4.02,"low",-2.67659999999999,4.8809,5.56663025267531,2.67659999999999,0.480829492620535,28.7395915061828
"183","LT Electro 12.jpg",77.4649,73.3712,60.8278,67.0208,87.5992941280351,"LT","Electrofishing",7,4.02,"low",-4.0937,6.19299999999999,7.42372067699209,4.0937,0.55143507927061,33.4655212104589
"184","LT Electro 13.jpg",75.2606,73.3188,55.6845,61.615,84.7610164276597,"LT","Electrofishing",7,4.02,"low",-1.9418,5.9305,6.24030588112474,1.9418,0.311170644034201,18.1297930968772
"185","LT Electro 14.jpg",81.926,79.8266,51.9057,56.9965,76.6858198940326,"LT","Electrofishing",7,4.02,"low",-2.0994,5.09079999999999,5.5066981940179,2.0994,0.381244790622564,22.4108091862682
"186","LT Electro 15.jpg",77.6748,75.1557,60.198,66.4435,82.1623688906911,"LT","Electrofishing",7,4.02,"low",-2.51910000000001,6.2455,6.73439938376096,2.51910000000001,0.374064538862138,21.9665074270463
"187","LT Electro 2.jpg",84.4976,82.1884,59.0959,64.0293,74.5809592250596,"LT","Electrofishing",7,4.02,"low",-2.3092,4.93340000000001,5.44709465678724,2.3092,0.423932416361202,25.0831075421141
"188","LT Electro 3.jpg",81.716,79.7742,56.6816,62.6122,84.2548261682973,"LT","Electrofishing",7,4.02,"low",-1.9418,5.9306,6.24040091660784,1.9418,0.311165905195643,18.1295073978516
"189","LT Electro 4.jpg",86.1771,84.97,62.5073,67.9655,78.5519106294048,"LT","Electrofishing",7,4.02,"low",-1.2071,5.45820000000001,5.59008386788607,1.2071,0.215935937371986,12.4704424760423
"190","LT Electro 5.jpg",88.0665,82.6082,58.0462,63.7668,95.0869940751626,"LT","Electrofishing",7,4.02,"low",-5.45830000000001,5.7206,7.90685166485373,5.45830000000001,0.690325331922233,43.6558672273152
"191","LT Electro 6.jpg",81.6635,79.0919,56.6816,62.2448,79.2148725705596,"LT","Electrofishing",7,4.02,"low",-2.5716,5.56319999999999,6.12881071660726,2.5716,0.419592008777777,24.8088319813952
"192","LT Electro 7.jpg",84.3402,83.3955,59.0959,64.2392,71.7308427456419,"LT","Electrofishing",7,4.02,"low",-0.944699999999997,5.1433,5.22933963134926,0.944699999999997,0.180653785486916,10.4078432675794
"193","LT Electro 8.jpg",82.7657,79.5117,55.1072,60.5654,80.7285929729981,"LT","Electrofishing",7,4.02,"low",-3.25399999999999,5.4582,6.35456239563354,3.25399999999999,0.512073026812348,30.8020119333392
"194","LT Electro 9.jpg",75.5755,73.3712,53.7951,61.2477,114.477462374958,"LT","Electrofishing",7,4.02,"low",-2.2043,7.4526,7.77175560925587,2.2043,0.283629608395658,16.4769510935666
"195","LT FN 001 06-05.jpg",73.2663,69.8024,46.29,56.5242,148.795948227934,"LT","Fyke_Net",7,4.02,"low",-3.4639,10.2342,10.8045107640281,3.4639,0.32059757962688,18.699067809454
"196","LT FN 002 06-05.jpg",72.2691,69.1201,54.11,65.4988,148.011342588195,"LT","Fyke_Net",7,4.02,"low",-3.149,11.3888,11.8161316191045,3.149,0.266500078156599,15.4561067566121
"197","LT FN 003 06-05.jpg",73.5287,68.5953,51.2759,60.4604,129.387733185376,"LT","Fyke_Net",7,4.02,"low",-4.93340000000001,9.1845,10.4256163275847,4.93340000000001,0.473199842099209,28.2422065012952
"198","LT FN 004 06-05.jpg",69.9598,66.496,59.3058,68.6478,118.508389205153,"LT","Fyke_Net",7,4.02,"low",-3.46380000000001,9.34200000000001,9.96347702561712,3.46380000000001,0.347649720182445,20.3436287101093
"199","LT FN 005 06-05.jpg",73.1088,69.435,41.829,51.5383,137.831086911843,"LT","Fyke_Net",7,4.02,"low",-3.6738,9.7093,10.3811036470117,3.6738,0.353893008385244,20.725614671693
"200","LT FN 006 06-05.jpg",67.6506,64.2392,49.6489,58.3611,127.744983651062,"LT","Fyke_Net",7,4.02,"low",-3.4114,8.7122,9.35628552364666,3.4114,0.364610506100758,21.3836145543515
"201","LT FN 007 06-05.jpg",73.3712,67.0208,54.7398,62.3498,124.1404515691,"LT","Fyke_Net",7,4.02,"low",-6.35040000000001,7.61,9.91159322006306,6.35040000000001,0.640704260052311,39.8443544641965
"202","LT FN 008 06-05.jpg",72.479,67.3357,53.5851,61.7725,126.066757784636,"LT","Fyke_Net",7,4.02,"low",-5.1433,8.1874,9.66887033991045,5.1433,0.531944251932913,32.1369144593254
"203","LT FN 009 06-05.jpg",79.7217,77.3075,54.6873,61.72,105.031728802015,"LT","Fyke_Net",7,4.02,"low",-2.41419999999999,7.0327,7.43553837526241,2.41419999999999,0.32468395402704,18.9464285442401
"204","LT FN 010 06-05.jpg",86.8069,84.865,59.5682,65.8662,96.1291152765383,"LT","Fyke_Net",7,4.02,"low",-1.9419,6.29800000000001,6.59058264571503,1.9419,0.294647697235473,17.1364129643455
"205","LT FN 011 06-05.jpg",82.6607,76.8351,48.5993,56.0518,136.526582771744,"LT","Fyke_Net",7,4.02,"low",-5.82560000000001,7.4525,9.45924794103633,5.82560000000001,0.615862913871541,38.0146479364045
"206","LT FN 012 06-05.jpg",87.5416,84.7076,50.0688,56.1043,88.8050991883349,"LT","Fyke_Net",7,4.02,"low",-2.834,6.0355,6.66774446495965,2.834,0.425031285300936,25.1526436858741
"207","LT FN 013 06-05.jpg",77.2025,73.3712,57.8887,67.2307,125.393174056844,"LT","Fyke_Net",7,4.02,"low",-3.8313,9.342,10.0971195739181,3.8313,0.37944484780557,22.29929949678
"208","LT FN 014 06-05.jpg",70.5896,67.6506,50.3837,58.7285,124.873975599722,"LT","Fyke_Net",7,4.02,"low",-2.93900000000001,8.3448,8.84722600819037,2.93900000000001,0.332194520325265,19.4020281835831
"209","LT FN 015 06-05.jpg",76.0479,72.6365,50.9085,59.7781,117.431224749979,"LT","Fyke_Net",7,4.02,"low",-3.4114,8.86960000000001,9.50302341994379,3.4114,0.358980489602979,21.0375975999161
"210","MC FN7 001.jpg",67.753,64.2155,49.4268,58.5653,150.017599369307,"MC","Fyke_Net",4,14.3,"high",-3.53749999999999,9.1385,9.79929020388722,3.53749999999999,0.360995534002731,21.1613477629876
"211","MC FN7 002.jpg",67.9496,60.9237,51.1955,56.9931,137.219567910776,"MC","Fyke_Net",4,14.3,"high",-7.02590000000001,5.7976,9.10908538603081,7.02590000000001,0.771306854887379,50.471388753692
"212","MC FN7 003.jpg",68.49,64.3629,43.9731,52.9643,142.443336448744,"MC","Fyke_Net",4,14.3,"high",-4.1271,8.9912,9.89316086243421,4.1271,0.417166975993608,24.6558556010988
"213","MC FN7 004.jpg",62.1802,57.6687,48.0572,56.8841,145.37770597258,"MC","Fyke_Net",4,14.3,"high",-4.5115,8.82689999999999,9.91301144254358,4.5115,0.455108926903689,27.0719429957443
"214","MC FN7 005.jpg",67.9176,62.3763,48.4986,57.0802,137.126975237405,"MC","Fyke_Net",4,14.3,"high",-5.54129999999999,8.58159999999999,10.2151781310949,5.54129999999999,0.542457500876301,32.8510887926066
"215","MC FN7 006.jpg",65.4167,61.4446,51.7841,58.7966,122.940008549739,"MC","Fyke_Net",4,14.3,"high",-3.9721,7.0125,8.05932594327838,3.9721,0.492857594785927,29.5285766679353
"216","MC FN7 007.jpg",69.5849,64.8773,51.637,60.4639,137.721308964045,"MC","Fyke_Net",4,14.3,"high",-4.7076,8.8269,10.0037823531902,4.7076,0.4705820092636,28.0720826479723
"217","MC FN7 008.jpg",68.7022,64.2398,59.0908,65.2205,121.136764808913,"MC","Fyke_Net",4,14.3,"high",-4.4624,6.1297,7.58196780855735,4.4624,0.588554332156823,36.0544862038188
"218","MC FN7 009.jpg",68.2609,63.7984,47.3217,55.3639,148.384002021276,"MC","Fyke_Net",4,14.3,"high",-4.46250000000001,8.0422,9.19733043279408,4.46250000000001,0.485195137068087,29.0252580480953
"219","MC FN7 010.jpg",68.1628,63.9946,53.0591,61.7879,130.18602753464,"MC","Fyke_Net",4,14.3,"high",-4.16820000000001,8.7288,9.67294374427971,4.16820000000001,0.430913288673363,25.5255337052172
"220","MC FN7 011.jpg",66.9369,62.5725,54.3831,62.8667,133.803280983166,"MC","Fyke_Net",4,14.3,"high",-4.3644,8.4836,9.54041174792786,4.3644,0.457464532487073,27.2236190498422
"221","MC FN7 012.jpg",68.359,61.0523,50.0188,56.8841,138.989892549962,"MC","Fyke_Net",4,14.3,"high",-7.30669999999999,6.8653,10.0259767095281,7.30669999999999,0.728776877474305,46.783953149963
"222","MC FN7 013.jpg",69.1436,63.7984,49.9207,58.061,127.921932726527,"MC","Fyke_Net",4,14.3,"high",-5.34520000000001,8.1403,9.73835957079015,5.34520000000001,0.548880944592838,33.2902749190403
"223","MC FN7 014.jpg",68.0157,63.0629,48.3024,55.6091,132.993114414995,"MC","Fyke_Net",4,14.3,"high",-4.9528,7.3067,8.8271225623076,4.9528,0.561088844642169,34.1311320962643
"224","MC FN7 015.jpg",67.4273,61.6408,49.6265,57.7668,139.815101167971,"MC","Fyke_Net",4,14.3,"high",-5.7865,8.1403,9.98739537316913,5.7865,0.579380287231372,35.4069671409031
"225","MC FN8 001.jpg",65.0244,62.2783,51.4899,58.2081,110.999576249146,"MC","Fyke_Net",4,14.3,"high",-2.7461,6.7182,7.2577735187866,2.7461,0.378366725400259,22.2325505062191
"226","MC FN8 002.jpg",60.9542,56.786,48.6947,56.1485,122.445561452917,"MC","Fyke_Net",4,14.3,"high",-4.1682,7.4538,8.54008347031807,4.1682,0.488074854828644,29.2141257218115
"227","MC FN8 003.jpg",69.7811,65.3186,49.5774,57.7177,121.848235974839,"MC","Fyke_Net",4,14.3,"high",-4.46249999999999,8.1403,9.28323167544579,4.46249999999999,0.480705443536795,28.7314857821405
"228","MC FN8 004.jpg",75.9108,73.0666,48.4986,54.9226,115.683012370875,"MC","Fyke_Net",4,14.3,"high",-2.8442,6.424,7.02547148880415,2.8442,0.404841156146252,23.881173552011
"229","MC FN8 005.jpg",73.0666,67.8196,54.9226,60.3658,105.293553462546,"MC","Fyke_Net",4,14.3,"high",-5.247,5.4432,7.56038591872134,5.247,0.694012191495035,43.9485538156709
"230","MC FN8 006.jpg",70.4676,65.9561,55.8052,63.3081,134.854549587769,"MC","Fyke_Net",4,14.3,"high",-4.5115,7.5029,8.75483527315049,4.5115,0.515315235437491,31.0185280885886
"231","MC FN8 007.jpg",66.5936,63.7004,44.4775,52.7158,142.159925833548,"MC","Fyke_Net",4,14.3,"high",-2.89319999999999,8.2383,8.73156304048708,2.89319999999999,0.331349609065939,19.3507117476559
"232","MC FN8 008.jpg",73.9493,68.8003,45.9976,52.961,129.264742763756,"MC","Fyke_Net",4,14.3,"high",-5.149,6.9634,8.66031988785634,5.149,0.594550786423031,36.4806153043313
"233","MC FN8 009.jpg",73.1157,67.6724,48.8418,55.462,132.096690739549,"MC","Fyke_Net",4,14.3,"high",-5.44330000000001,6.6202,8.57068042398036,5.44330000000001,0.635107101271669,39.4279284206635
"234","MC FN8 010.jpg",90.8674,88.3174,50.1659,54.4322,65.321173608027,"MC","Fyke_Net",4,14.3,"high",-2.55,4.2663,4.97029332031823,2.55,0.51304819165818,30.8670824137777
"235","MC FN8 011.jpg",72.8214,68.0647,45.164,53.1082,138.93700859483,"MC","Fyke_Net",4,14.3,"high",-4.7567,7.9442,9.25940108916337,4.7567,0.513715731092688,30.9116512406726
"236","MC FN8 012.jpg",85.13,81.8444,56.3937,61.0033,82.8436348942995,"MC","Fyke_Net",4,14.3,"high",-3.2856,4.6096,5.66070486070419,3.2856,0.580422417499307,35.4802587218358
"237","MC FN8 013.jpg",79.0002,75.9108,47.1255,52.3726,94.7949019960989,"MC","Fyke_Net",4,14.3,"high",-3.08940000000001,5.2471,6.08904350206172,3.08940000000001,0.507370328189305,30.4888268285396
"238","MC FN8 014.jpg",75.8618,73.557,53.8437,59.2379,88.0251084980303,"MC","Fyke_Net",4,14.3,"high",-2.3048,5.3942,5.86596084882946,2.3048,0.392910907419356,23.1357462498899
"239","MC FN8 015.jpg",82.9233,81.305,57.7177,61.935,77.7304840130306,"MC","Fyke_Net",4,14.3,"high",-1.61829999999999,4.2173,4.51713561673767,1.61829999999999,0.358258006247053,20.9932527027825
"240","MK Electro 001.jpg",75.8711,74.224,54.6718,62.7477,114.410414922288,"MK","Electrofishing",NA,NA,NA,-1.64709999999999,8.0759,8.24215379740029,1.64709999999999,0.199838542265435,11.5275175856231
"241","MK Electro 002.jpg",86.5504,84.2126,56.6376,61.6851,88.7834897224704,"MK","Electrofishing",NA,NA,NA,-2.3378,5.0475,5.56260416441796,2.3378,0.420270781615937,24.8516842425594
"242","MK Electro 003.jpg",89.5789,87.9318,56.9564,61.4194,63.3438882167017,"MK","Electrofishing",NA,NA,NA,-1.64710000000001,4.463,4.75723737162652,1.64710000000001,0.34623035836382,20.2569195162063
"243","MK Electro 004.jpg",85.7534,84.6908,58.0722,64.2885,79.5060401683419,"MK","Electrofishing",NA,NA,NA,-1.0626,6.2163,6.30646528968486,1.0626,0.168493752235193,9.70025416938251
"244","MK Electro 005.jpg",82.0343,80.9716,59.4005,65.8293,85.7243792707769,"MK","Electrofishing",NA,NA,NA,-1.06270000000001,6.4288,6.51604179928276,1.06270000000001,0.163089807084568,9.38628541693846
"245","MK Electro 006.jpg",84.372,82.6187,58.5504,63.7041,75.3962525894358,"MK","Electrofishing",NA,NA,NA,-1.7533,5.15369999999999,5.44377484655638,1.7533,0.322074304948357,18.7884165354592
"246","MK Electro 007.jpg",87.5068,85.169,61.26,65.298,63.5442221862067,"MK","Electrofishing",NA,NA,NA,-2.3378,4.038,4.66591393405408,2.3378,0.50103796020274,30.0686946863881
"247","MK Electro 008.jpg",87.0817,86.2847,56.6376,61.5788,63.8142981841844,"MK","Electrofishing",NA,NA,NA,-0.796999999999997,4.9412,5.00506407950987,0.796999999999997,0.159238720491675,9.16271161035307
"248","MK Electro 009.jpg",88.9413,87.188,52.8653,58.3378,82.5318865312674,"MK","Electrofishing",NA,NA,NA,-1.7533,5.4725,5.7465047759486,1.7533,0.305107203136462,17.7646136181566
"249","MK Electro 010.jpg",77.465,75.3929,54.5655,60.7287,89.3076208891492,"MK","Electrofishing",NA,NA,NA,-2.07210000000001,6.1632,6.50220213850662,2.07210000000001,0.318676650750189,18.5829131998337
"250","MK Electro 011.jpg",82.1937,81.131,52.7591,60.0912,100.784322478647,"MK","Electrofishing",NA,NA,NA,-1.06270000000001,7.3321,7.40871255347379,1.06270000000001,0.143439226765753,8.24690870023623
"251","MK Electro 012.jpg",79.0058,75.4992,54.6187,60.8881,95.0432160979941,"MK","Electrofishing",NA,NA,NA,-3.50659999999999,6.2694,7.18342675329818,3.50659999999999,0.488151424163959,29.2191523011658
"252","MK Electro 013.jpg",95.1576,92.4479,56.1063,61.0475,63.7074443073963,"MK","Electrofishing",NA,NA,NA,-2.7097,4.9412,5.63541760032032,2.7097,0.4808339314279,28.7398815622797
"253","MK Electro 014.jpg",90.0039,88.3037,54.8843,61.3132,84.7977650406542,"MK","Electrofishing",NA,NA,NA,-1.7002,6.4289,6.64991994312713,1.7002,0.25567225087532,14.81342281479
"254","MK Electro 015.jpg",85.6472,82.4593,53.5029,61.5257,113.587547234237,"MK","Electrofishing",NA,NA,NA,-3.1879,8.0228,8.632961615228,3.1879,0.369270725631022,21.6706480795055
"255","MK Electro2 001.jpg",82.4062,78.6339,58.5504,67.1576,115.633591188806,"MK","Electrofishing",NA,NA,NA,-3.7723,8.6072,9.39756027541191,3.7723,0.401412695364133,23.6665226355907
"256","MK Electro2 002.jpg",95.6358,93.4043,60.8881,64.6604,62.573331537405,"MK","Electrofishing",NA,NA,NA,-2.2315,3.77229999999999,4.38290309498167,2.2315,0.50913742595747,30.6063911845226
"257","MK Electro2 003.jpg",83.947,82.4062,56.6376,63.7041,86.8805541005581,"MK","Electrofishing",NA,NA,NA,-1.5408,7.0665,7.23252977111052,1.5408,0.213037491550266,12.3004166669598
"258","MK Electro2 004.jpg",99.6127,99.2454,54.5298,58.9384,62.0474594330823,"MK","Electrofishing",NA,NA,NA,-0.3673,4.4086,4.42387423532812,0.3673,0.0830267725666385,4.76256612771276
"259","MK Electro2 005.jpg",74.8408,73.1088,61.7725,69.4875,96.1184849425437,"MK","Electrofishing",NA,NA,NA,-1.732,7.715,7.90702529400279,1.732,0.21904571385571,12.6529893712854
"260","MK Electro2 006.jpg",79.1652,78.3151,53.928,63.4915,120.094455109052,"MK","Electrofishing",NA,NA,NA,-0.850099999999998,9.5635,9.60120837499114,0.850099999999998,0.0885409384733598,5.07967390581973
"261","MK Electro2 007.jpg",80.9288,78.0947,54.6348,60.8803,92.2310196284309,"MK","Electrofishing",NA,NA,NA,-2.83409999999999,6.2455,6.85845413048742,2.83409999999999,0.413227229646658,24.4077262029121
"262","MK Electro2 008.jpg",80.8654,77.7838,52.3872,58.1784,93.1264145194585,"MK","Electrofishing",NA,NA,NA,-3.08159999999999,5.7912,6.56004999980945,3.08159999999999,0.469752517143849,28.0182330880663
"263","MK Electro2 009.jpg",82.6187,80.4403,58.5504,65.1386,94.1025651359728,"MK","Electrofishing",NA,NA,NA,-2.17840000000001,6.58819999999999,6.93900611038785,2.17840000000001,0.313935449161645,18.2965597963997
"264","MK Electro2 010.jpg",86.2316,83.5751,52.3872,59.1879,95.6984707203307,"MK","Electrofishing",NA,NA,NA,-2.65649999999999,6.8007,7.30113092198736,2.65649999999999,0.363847741998427,21.3366879723226
"265","MK Electro2 011.jpg",83.1856,81.2437,58.9384,64.2917,76.3345043322481,"MK","Electrofishing",NA,NA,NA,-1.94189999999999,5.3533,5.69462874119112,1.94189999999999,0.341005548957667,19.9381493828043
"266","MK Electro2 012.jpg",82.4593,79.9622,51.6965,60.0912,117.409686803815,"MK","Electrofishing",NA,NA,NA,-2.4971,8.3947,8.75822450614278,2.4971,0.28511486526163,16.5657147555469
"267","MK Electro2 013.jpg",74.1177,71.3018,57.0627,65.6168,118.90480804547,"MK","Electrofishing",NA,NA,NA,-2.8159,8.5541,9.00566042109072,2.8159,0.312681121465043,18.2208818322334
"268","MK Electro2 014.jpg",89.2601,88.4631,58.4972,63.9697,85.386956378126,"MK","Electrofishing",NA,NA,NA,-0.796999999999997,5.4725,5.53023193455754,0.796999999999997,0.144116921212593,8.28614540371353
"269","MK Electro2 015.jpg",80.3872,77.465,57.9659,63.0134,83.0501801628991,"MK","Electrofishing",NA,NA,NA,-2.9222,5.0475,5.83236736583011,2.9222,0.501031539460322,30.0682695998454
"270","OB Electro 001.jpg",80.5997,77.7307,51.5902,59.9849,116.667576216359,"OB","Electrofishing",4,11.12,"high",-2.869,8.3947,8.87142317162247,2.869,0.323397942415512,18.868543034754
"271","OB Electro 002.jpg",74.001,71.9017,57.049,64.1342,103.723500285808,"OB","Electrofishing",4,11.12,"high",-2.0993,7.08520000000001,7.3896630187039,2.0993,0.284086025937378,16.5042237142604
"272","OB Electro 003.jpg",81.8749,76.7743,52.2809,58.3378,111.697127502994,"OB","Electrofishing",4,11.12,"high",-5.1006,6.0569,7.91846942091715,5.1006,0.644139634678191,40.1011988450866
"273","OB Electro 004.jpg",77.1993,71.6206,51.5371,58.9754,130.126724352878,"OB","Electrofishing",4,11.12,"high",-5.5787,7.4383,9.29786000002151,5.5787,0.599998279172529,36.8697744007543
"274","OB Electro 005.jpg",74.3303,71.8331,47.7116,56.3189,128.043783999224,"OB","Electrofishing",4,11.12,"high",-2.49719999999999,8.6073,8.96223304372298,2.49719999999999,0.278635914488856,16.178808687189
"275","OB Electro 006.jpg",79.9622,75.7117,52.8122,59.4005,111.670584818205,"OB","Electrofishing",4,11.12,"high",-4.2505,6.5883,7.84043666768631,4.2505,0.542125417263821,32.8284427485182
"276","OB Electro 007.jpg",78.3682,75.8179,55.6282,61.8445,89.9214773242188,"OB","Electrofishing",4,11.12,"high",-2.55030000000001,6.2163,6.71910825779731,2.55030000000001,0.379559295988492,22.3063871129169
"277","OB Electro 008.jpg",78.7933,75.0741,53.8217,60.8881,100.855119471249,"OB","Electrofishing",4,11.12,"high",-3.7192,7.0664,7.98539025971806,3.7192,0.465750561843087,27.7588079423326
"278","OB Electro 009.jpg",79.1652,76.3492,52.7591,59.7192,102.387683809773,"OB","Electrofishing",4,11.12,"high",-2.816,6.9601,7.50818540061446,2.816,0.375057334062308,22.0278564756266
"279","OB Electro 010.jpg",82.0343,77.7838,46.9678,55.3094,126.749798916764,"OB","Electrofishing",4,11.12,"high",-4.2505,8.3416,9.36210664380619,4.2505,0.454011064145703,27.0013223927964
"280","OB Electro 011.jpg",73.9052,67.9014,50.9526,57.0627,123.829421661292,"OB","Electrofishing",4,11.12,"high",-6.0038,6.1101,8.56615062031949,6.0038,0.700874904739426,44.4972399439695
"281","OB Electro 012.jpg",72.8957,70.1861,44.7363,52.6528,116.041656570259,"OB","Electrofishing",4,11.12,"high",-2.70960000000001,7.9165,8.36737141580318,2.70960000000001,0.323829296603528,18.8946633621248
"282","OB Electro 013.jpg",81.0248,77.0399,45.1082,54.4061,126.997915214896,"OB","Electrofishing",4,11.12,"high",-3.9849,9.29790000000001,10.1158475878198,3.9849,0.39392645701761,23.1990367424606
"283","OB Electro 014.jpg",80.1215,75.3929,48.7743,58.1784,131.022846269267,"OB","Electrofishing",4,11.12,"high",-4.7286,9.40410000000001,10.5260037416866,4.7286,0.449230317226007,26.6943126200308
"284","OB Electro 015.jpg",76.5086,75.0741,61.0475,66.52,81.1309254442472,"OB","Electrofishing",4,11.12,"high",-1.4345,5.4725,5.65738866439278,1.4345,0.253562214848106,14.6884063226237
"285","OB FN 001.jpg",57.8065,54.6187,60.7819,69.5485,128.267198647706,"OB","Fyke_Net",4,11.12,"high",-3.1878,8.7666,9.32820156300238,3.1878,0.341737898615258,19.9827916632148
"286","OB FN 002.jpg",76.4152,74.9982,48.4943,56.6816,121.448688610293,"OB","Fyke_Net",4,11.12,"high",-1.417,8.1873,8.3090174082138,1.417,0.170537613581028,9.81907850769989
"287","OB FN 003.jpg",78.687,78.3151,57.7534,66.4669,114.037232227812,"OB","Fyke_Net",4,11.12,"high",-0.371899999999997,8.7135,8.72143290176562,0.371899999999997,0.0426420754695833,2.443951994662
"288","OB FN 004.jpg",62.9071,61.8445,43.6206,54.0342,154.634203554873,"OB","Fyke_Net",4,11.12,"high",-1.0626,10.4136,10.4676732715537,1.0626,0.101512530285757,5.82627535220657
"289","OB FN 005.jpg",86.4441,82.3531,58.816,64.2885,97.8715720998698,"OB","Fyke_Net",4,11.12,"high",-4.09100000000001,5.4725,6.83260837821106,4.09100000000001,0.59874644843484,36.7801712840454
"290","OB FN 006.jpg",82.0343,78.7401,55.575,63.4915,116.72459489949,"OB","Fyke_Net",4,11.12,"high",-3.2942,7.9165,8.57453939812513,3.2942,0.384183901553977,22.5930852164984
"291","OB FN 007.jpg",77.8369,74.4365,48.9868,58.5504,128.854715456828,"OB","Fyke_Net",4,11.12,"high",-3.4004,9.5636,10.1501312858504,3.4004,0.335010445110228,19.5731731072373
"292","OB FN 008.jpg",61.1007,58.4441,55.4688,63.3853,124.471379106564,"OB","Fyke_Net",4,11.12,"high",-2.6566,7.9165,8.35035902282052,2.6566,0.318142009551905,18.5505986500707
"293","OB FN 009.jpg",67.2107,62.7477,63.8635,70.983,122.302080289748,"OB","Fyke_Net",4,11.12,"high",-4.463,7.1195,8.40271677792368,4.463,0.531137740084918,32.0823596161878
"294","OB FN 010.jpg",65.3413,61.8775,57.5214,65.8137,115.057593171507,"OB","Fyke_Net",4,11.12,"high",-3.46380000000001,8.2923,8.98666510614477,3.46380000000001,0.385437752390659,22.6709191520379
"295","OB FN 011.jpg",90.1633,88.7819,54.1936,61.3132,102.871702217568,"OB","Fyke_Net",4,11.12,"high",-1.38140000000001,7.1196,7.25237686003699,1.38140000000001,0.190475485025053,10.980534254436
"296","OB FN 012.jpg",70.983,68.3796,45.427,55.3094,157.039204665905,"OB","Fyke_Net",4,11.12,"high",-2.60340000000001,9.8824,10.2195656130777,2.60340000000001,0.2547466397856,14.7585728917915
"297","OB FN 013.jpg",69.0172,67.0513,47.3929,57.2752,166.239260849085,"OB","Fyke_Net",4,11.12,"high",-1.9659,9.8823,10.0759424422731,1.9659,0.195108299919636,11.2510502399393
"298","OB FN 014.jpg",59.4536,57.2221,61.8445,70.9299,119.478712054533,"OB","Fyke_Net",4,11.12,"high",-2.2315,9.08540000000001,9.35543079767042,2.2315,0.23852455843676,13.7994749616975
"299","OB FN 015.jpg",75.7117,72.9489,55.0968,61.4726,95.795235691813,"OB","Fyke_Net",4,11.12,"high",-2.7628,6.3758,6.94866098467899,2.7628,0.397601783435925,23.4283397388476
"300","PP FN 001.jpg",76.9872,73.5432,50.8126,58.2305,118.823229804151,"PP","Fyke_Net",NA,NA,NA,-3.444,7.4179,8.17840916132226,3.444,0.421108791705793,24.9046099514496
"301","PP FN 002.jpg",81.0141,77.782,52.0313,59.1313,101.364101793978,"PP","Fyke_Net",NA,NA,NA,-3.2321,7.1,7.8010557240671,3.2321,0.414315717554565,24.4762313498207
"302","PP FN 003.jpg",79.5305,77.0402,52.826,60.191,102.314400144359,"PP","Fyke_Net",NA,NA,NA,-2.4903,7.365,7.77462662061658,2.4903,0.320311202263564,18.6817461174166
"303","PP FN 004.jpg",79.3715,76.2454,55.0514,61.7275,103.676338738065,"PP","Fyke_Net",NA,NA,NA,-3.12609999999999,6.6761,7.37175775646487,3.12609999999999,0.424064395938468,25.0914570863864
"304","PP FN 005.jpg",74.7089,71.9536,56.7999,62.7342,94.6844593339372,"PP","Fyke_Net",NA,NA,NA,-2.75530000000001,5.9343,6.54275130048514,2.75530000000001,0.421122532931322,24.9054779869506
"305","PP FN 006.jpg",78.9477,77.3581,57.5417,63.2641,83.9287195495082,"PP","Fyke_Net",NA,NA,NA,-1.5896,5.7224,5.93908157209513,1.5896,0.267650811106681,15.5245241209351
"306","PP FN 007.jpg",80.5372,74.02,51.4484,58.2835,127.027680414349,"PP","Fyke_Net",NA,NA,NA,-6.5172,6.8351,9.44417745756612,6.5172,0.690075978483315,43.6361235237339
"307","PP FN 008.jpg",79.3185,78.2588,55.5283,63.423,106.984884138134,"PP","Fyke_Net",NA,NA,NA,-1.05970000000001,7.8947,7.96550388738842,1.05970000000001,0.133036153767724,7.64507547145858
"308","PP FN 009.jpg",78.2588,75.8745,56.0051,62.2044,88.2732089124441,"PP","Fyke_Net",NA,NA,NA,-2.3843,6.1993,6.64200323547046,2.3843,0.358973025979129,21.0371394269365
"309","PP FN 010.jpg",87.4252,84.617,51.5544,59.4492,106.081434728797,"PP","Fyke_Net",NA,NA,NA,-2.8082,7.8948,8.37937075680507,2.8082,0.335132563232078,19.5805992452008
"310","PP FN 011.jpg",85.7297,83.7163,63.9529,69.8872,83.1166075463262,"PP","Fyke_Net",NA,NA,NA,-2.01339999999999,5.93430000000001,6.26655376183753,2.01339999999999,0.321293022691567,18.7411394482744
"311","PP FN 012.jpg",77.57,73.8081,55.9522,63.529,113.591210838911,"PP","Fyke_Net",NA,NA,NA,-3.7619,7.57680000000001,8.45930197179413,3.7619,0.444705723065958,26.4045125517489
"312","PP FN 013.jpg",76.1394,73.8081,51.5544,60.191,122.847473986403,"PP","Fyke_Net",NA,NA,NA,-2.3313,8.6366,8.94571513351504,2.3313,0.260605213245144,15.1059763785355
"313","PP FN 014.jpg",68.1387,66.1783,48.3223,58.2835,127.62020606585,"PP","Fyke_Net",NA,NA,NA,-1.96040000000001,9.9612,10.1522743067748,1.96040000000001,0.193099589388734,11.1337282306841
"314","PP FN 015.jpg",75.3977,73.2253,54.4686,61.5156,98.3808580521638,"PP","Fyke_Net",NA,NA,NA,-2.1724,7.047,7.37424780977694,2.1724,0.294592757937939,17.1331189685564
"315","PP FN 016.jpg",72.7484,71.4238,57.3298,63.0522,86.6251651302899,"PP","Fyke_Net",NA,NA,NA,-1.3246,5.7224,5.87370640396675,1.3246,0.225513484825433,13.0330747457197
"316","PP FN 017.jpg",77.5171,76.7223,58.3895,66.0723,101.156489089035,"PP","Fyke_Net",NA,NA,NA,-0.794799999999995,7.6828,7.72380235894213,0.794799999999995,0.102902684851824,5.90634466419114
"317","PP FN 018.jpg",77.729,76.6693,54.5745,62.7872,109.20715087255,"PP","Fyke_Net",NA,NA,NA,-1.05969999999999,8.2127,8.28078531179259,1.05969999999999,0.127970954456564,7.35235722365381
"318","PP FN 019.jpg",81.7029,79.7424,54.7335,61.6745,108.321635868233,"PP","Fyke_Net",NA,NA,NA,-1.9605,6.941,7.21256135155882,1.9605,0.271817445209846,15.772444094147
"319","PP FN 020.jpg",77.623,75.5036,54.3096,62.6283,111.964722243839,"PP","Fyke_Net",NA,NA,NA,-2.1194,8.3187,8.58444092821425,2.1194,0.246888529809113,14.2934674820175
"320","PP FN 021.jpg",74.126,71.6887,59.2902,64.4827,82.9003152440327,"PP","Fyke_Net",NA,NA,NA,-2.43730000000001,5.1925,5.7360689971443,2.43730000000001,0.42490772011519,25.1448225373142
"321","PP FN 022.jpg",81.4379,78.2059,57.5417,62.9992,83.4011235135954,"PP","Fyke_Net",NA,NA,NA,-3.232,5.4575,6.34272262124082,3.232,0.509560356490527,30.6345497462815
"322","PP FN 023.jpg",79.5835,78.5238,57.0648,61.9925,77.9968414993838,"PP","Fyke_Net",NA,NA,NA,-1.05970000000001,4.9277,5.04035627510596,1.05970000000001,0.210243074529038,12.1365974088486
"323","PP FN 024.jpg",76.7753,75.3447,51.5544,59.1842,100.721058296118,"PP","Fyke_Net",NA,NA,NA,-1.4306,7.6298,7.762761390124,1.4306,0.184290090613895,10.6197459565607
"324","PP FN 025.jpg",80.8021,77.4641,52.4551,59.7671,100.211661000604,"PP","Fyke_Net",NA,NA,NA,-3.33799999999999,7.312,8.03788454756598,3.33799999999999,0.415283397048892,24.5371646111133
"325","PP FN 026.jpg",75.0797,72.1656,53.5678,60.2969,104.149125676791,"PP","Fyke_Net",NA,NA,NA,-2.9141,6.7291,7.33299158734006,2.9141,0.39739579205723,23.4154774873925
"326","PP FN 027.jpg",75.1857,73.7021,53.2499,60.6678,98.1149957054476,"PP","Fyke_Net",NA,NA,NA,-1.4836,7.4179,7.56480729232411,1.4836,0.196118677273561,11.3100810121971
"327","PP FN 028.jpg",82.0738,78.9477,57.9656,64.1648,93.0807443990968,"PP","Fyke_Net",NA,NA,NA,-3.12610000000001,6.1992,6.94280792259155,3.12610000000001,0.450264508950022,26.7606558353069
"328","PP FN 029.jpg",82.4447,79.4245,62.0454,66.7081,77.3866172478162,"PP","Fyke_Net",NA,NA,NA,-3.0202,4.6627,5.55539191506774,3.0202,0.543652013426523,32.9325949995731
"329","PP FN 030.jpg",79.5835,77.623,56.2171,62.0454,83.4658098884208,"PP","Fyke_Net",NA,NA,NA,-1.9605,5.8283,6.14919841442769,1.9605,0.318822042788558,18.5917019812562
"330","RB FN4 001.jpg",76.0105,72.2046,54.9441,63.6279,148.756875155033,"RB","Fyke_Net",NA,NA,NA,-3.80589999999999,8.6838,9.48120547451641,3.80589999999999,0.401415200865491,23.666679372313
"331","RB FN4 002.jpg",67.2194,64.2712,53.2288,62.3951,142.792595655552,"RB","Fyke_Net",NA,NA,NA,-2.9482,9.1663,9.62875583499758,2.9482,0.30618701424375,17.8295917803034
"332","RB FN4(2) 001.jpg",71.5077,67.5946,51.6743,61.323,151.591524660846,"RB","Fyke_Net",NA,NA,NA,-3.9131,9.6487,10.4120009268152,3.9131,0.375825936580755,22.0753699573697
"333","RB FN4(2) 002.jpg",70.7037,66.1473,50.8702,59.6613,143.018188711821,"RB","Fyke_Net",NA,NA,NA,-4.5564,8.7911,9.90172814058233,4.5564,0.460162098505366,27.3975679167259
"334","RB FN4(2) 003.jpg",78.5299,73.1695,50.8702,60.1437,157.882124601109,"RB","Fyke_Net",NA,NA,NA,-5.3604,9.27350000000001,10.7112879902466,5.3604,0.50044401801922,30.0293803460892
"335","RB FN4(2) 004.jpg",70.3284,68.8811,49.2085,58.482,148.645333192569,"RB","Fyke_Net",NA,NA,NA,-1.4473,9.2735,9.38575940134841,1.4473,0.154201694089034,8.87050007383348
"336","RB FN4(2) 005.jpg",78.9051,73.0623,56.0698,62.9847,133.37069043778,"RB","Fyke_Net",NA,NA,NA,-5.84280000000001,6.9149,9.05285335405363,5.84280000000001,0.645409769880317,40.1964055620502
"337","RB FN4(2) 006.jpg",72.4726,67.541,52.1567,60.2509,132.951457833639,"RB","Fyke_Net",NA,NA,NA,-4.9316,8.0942,9.47822516086213,4.9316,0.520308382244786,31.3529394414674
"338","RB FN4(2) 007.jpg",78.2618,74.5632,54.8369,63.8424,138.181262100619,"RB","Fyke_Net",NA,NA,NA,-3.6986,9.0055,9.73543384806245,3.6986,0.379911163459459,22.3281800277523
"339","RB FN4(2) 008.jpg",76.6001,69.3636,54.8905,61.6982,150.895591815699,"RB","Fyke_Net",NA,NA,NA,-7.23649999999999,6.8077,9.9353767689001,7.23649999999999,0.728356877481669,46.7488215903343
"340","RB FN4(2) 009.jpg",73.8127,69.846,51.6743,60.1437,150.535929639837,"RB","Fyke_Net",NA,NA,NA,-3.9667,8.4694,9.35229625546582,3.9667,0.424141824814598,25.0963558051162
"341","RB FN4(2) 010.jpg",73.4911,69.2564,50.6022,59.2324,142.709709111188,"RB","Fyke_Net",NA,NA,NA,-4.2347,8.63019999999999,9.6131699314014,4.2347,0.440510261466134,26.136442355105
"342","RB FN4(2) 011.jpg",70.6501,66.737,52.5855,61.4838,138.828364932567,"RB","Fyke_Net",NA,NA,NA,-3.9131,8.8983,9.7207044240631,3.9131,0.40255313085267,23.7378843447712
"343","RB FN4(2) 012.jpg",69.2564,63.1991,55.1585,62.5559,149.471691428745,"RB","Fyke_Net",NA,NA,NA,-6.0573,7.3974,9.56098373861184,6.0573,0.633543594006725,39.312049064738
"344","RB FN4(2) 013.jpg",75.3672,72.2046,57.8923,65.7185,126.597290046549,"RB","Fyke_Net",NA,NA,NA,-3.1626,7.82620000000001,8.44105711389279,3.1626,0.374668712381392,22.0038387237947
"345","RB FN5 001.jpg",76.2785,74.1343,51.6207,59.8221,130.114461960114,"RB","Fyke_Net",NA,NA,NA,-2.1442,8.2014,8.47706055186584,2.1442,0.252941451447819,14.6516406523576
"346","RB FN5 002.jpg",82.979,79.87,52.1567,60.4117,124.295817146355,"RB","Fyke_Net",NA,NA,NA,-3.10899999999999,8.255,8.82104903058588,3.10899999999999,0.352452411183741,20.6373891007107
"347","RB FN5 003.jpg",79.3875,73.6519,56.3378,63.9496,144.846490319131,"RB","Fyke_Net",NA,NA,NA,-5.73560000000001,7.6118,9.53082402523517,5.73560000000001,0.601794764525461,36.9985466177071
"348","RB FN5 004.jpg",82.443,77.1362,58.3212,66.7906,133.298105683952,"RB","Fyke_Net",NA,NA,NA,-5.3068,8.4694,9.99464169442807,5.3068,0.530964507007639,32.0706458686897
"349","RB FN5 005.jpg",70.9717,65.2361,56.0698,62.5559,134.667205350746,"RB","Fyke_Net",NA,NA,NA,-5.73560000000001,6.4861,8.65832550612415,5.73560000000001,0.662437557463408,41.4860407992653
"350","RB FN5 006.jpg",78.4227,73.6519,58.1067,66.0937,146.732835548694,"RB","Fyke_Net",NA,NA,NA,-4.77080000000001,7.987,9.30337044516664,4.77080000000001,0.512803400457796,30.8507439184292
"351","RB FN5 007.jpg",71.6149,67.541,51.8351,60.1437,129.192507059891,"RB","Fyke_Net",NA,NA,NA,-4.07390000000001,8.30860000000001,9.25362065193944,4.07390000000001,0.440249298435005,26.1197884373277
"352","RB FN5 008.jpg",67.1658,64.9144,54.7297,62.5023,122.242550498998,"RB","Fyke_Net",NA,NA,NA,-2.2514,7.7726,8.09210187281401,2.2514,0.278221905184331,16.1541110796944
"353","RB FN5 009.jpg",77.5114,72.419,55.4265,63.0919,136.915552402786,"RB","Fyke_Net",NA,NA,NA,-5.0924,7.66540000000001,9.20276561257539,5.0924,0.553355394930556,33.5975130185616
"354","RB FN5 010.jpg",81.6925,77.0289,55.909,63.6816,120.560167002082,"RB","Fyke_Net",NA,NA,NA,-4.6636,7.7726,9.06435191947003,4.6636,0.51449900019688,30.9639733406266
"355","RB FN5 011.jpg",73.3839,69.8996,53.9792,62.5559,132.459737932551,"RB","Fyke_Net",NA,NA,NA,-3.48429999999999,8.5767,9.2574364367248,3.48429999999999,0.376378495689969,22.1095379383189
"356","RB FN5 012.jpg",74.8848,73.1695,57.7851,67.2194,135.712443667115,"RB","Fyke_Net",NA,NA,NA,-1.7153,9.43429999999999,9.58896608503752,1.7153,0.178882685034889,10.3046861379149
"357","RB FN5 013.jpg",75.0456,71.1861,55.909,61.859,115.413693222252,"RB","Fyke_Net",NA,NA,NA,-3.8595,5.95,7.0921252280258,3.8595,0.544195128527693,32.9696786787636
"358","RB FN8 001.jpg",77.833,74.7776,54.9977,62.5023,133.874735576247,"RB","Fyke_Net",NA,NA,NA,-3.05539999999999,7.5046,8.10274585063606,3.05539999999999,0.377082048026984,22.1530547040493
"359","RB FN8 002.jpg",72.3654,69.7924,55.8018,64.5928,137.985662914558,"RB","Fyke_Net",NA,NA,NA,-2.57299999999999,8.791,9.15980403720516,2.57299999999999,0.280901205915434,16.3139988478157
"360","SQ FN 003.jpg",86.1351,84.1701,50.109,57.5872,114.52506621369,"SQ","Fyke_Net",7,23.85,"high",-1.96499999999999,7.4782,7.73205666301017,1.96499999999999,0.254136782183771,14.7224414711208
"361","SQ FN 004.jpg",83.9517,81.55,55.9496,63.919,117.066429627669,"SQ","Fyke_Net",7,23.85,"high",-2.40170000000001,7.9694,8.32343073798299,2.40170000000001,0.288546883563304,16.7709800466054
"362","SQ FN 005.jpg",72.1614,71.6155,51.3645,58.6789,111.668446097364,"SQ","Fyke_Net",7,23.85,"high",-0.545900000000003,7.3144,7.33474295186955,0.545900000000003,0.0744266027565232,4.26827698182366
"363","SQ FN 006.jpg",86.3535,81.8775,53.1658,59.0064,116.430521235671,"SQ","Fyke_Net",7,23.85,"high",-4.476,5.8406,7.35847704080131,4.476,0.608278041119305,37.4650980025103
"364","SQ FN 007.jpg",82.6417,80.3491,56.9867,64.0282,103.22,"SQ","Fyke_Net",7,23.85,"high",-2.29259999999999,7.0415,7.40531815724348,2.29259999999999,0.30958831900524,18.0344224415338
"365","SQ FN 008.jpg",87.336,85.8622,54.6942,62.8819,123.508231534663,"SQ","Fyke_Net",7,23.85,"high",-1.4738,8.1877,8.31928589062787,1.4738,0.177154628338992,10.2040686161397
"366","SQ FN 009.jpg",76.8011,75.2727,55.7313,63.264,111.462934077522,"SQ","Fyke_Net",7,23.85,"high",-1.5284,7.53270000000001,7.68619384676187,1.5284,0.198850046000844,11.4697209115602
"367","SQ FN 010.jpg",84.5522,82.5325,53.93,61.5173,113.723793703033,"SQ","Fyke_Net",7,23.85,"high",-2.0197,7.5873,7.85151637456103,2.0197,0.257236934070958,14.9061745325285
"368","SQ FN 011.jpg",82.6417,80.1308,48.6898,57.6418,128.768412911319,"SQ","Fyke_Net",7,23.85,"high",-2.51090000000001,8.95200000000001,9.29746862377067,2.51090000000001,0.270062755961384,15.6680012295641
"369","SQ FN 012.jpg",86.681,82.8054,55.1854,62.4452,116.98318774294,"SQ","Fyke_Net",7,23.85,"high",-3.87559999999999,7.2598,8.22951829696003,3.87559999999999,0.470938864238461,28.0952575161686
"370","SQ FN 013.jpg",82.205,77.5653,52.7837,59.8252,117.440981313722,"SQ","Fyke_Net",7,23.85,"high",-4.6397,7.0415,8.43264717274475,4.6397,0.550206821767194,33.3812029626289
"371","SQ FN 014.jpg",90.0653,84.2792,54.5304,62.1177,122.619634064044,"SQ","Fyke_Net",7,23.85,"high",-5.78609999999999,7.5873,9.54180666855077,5.78609999999999,0.606394596011952,37.3292628628023
"372","SQ FN 015.jpg",81.2225,79.9124,60.4802,68.0129,112.528748728936,"SQ","Fyke_Net",7,23.85,"high",-1.31009999999999,7.5327,7.64577865884175,1.31009999999999,0.171349454183448,9.86628844045404
"373","SQ FN 016.jpg",79.2574,79.1483,58.6789,65.1745,109.120461114724,"SQ","Fyke_Net",7,23.85,"high",-0.109099999999998,6.4956,6.49651615637181,0.109099999999998,0.0167936163589761,0.962248573526493
"374","SQ FN 017.jpg",80.622,77.7836,53.4933,61.7356,111.943876579382,"SQ","Fyke_Net",7,23.85,"high",-2.83839999999999,8.2423,8.71734041150166,2.83839999999999,0.325603895914746,19.0021658463982
"375","SQ FN 018.jpg",85.3164,82.205,59.8252,68.1221,111.414601033482,"SQ","Fyke_Net",7,23.85,"high",-3.1114,8.2969,8.86111502972397,3.1114,0.351129625285648,20.5564236123558
"376","SQ FN 019.jpg",87.2814,86.1351,58.0784,63.8099,89.7719443804689,"SQ","Fyke_Net",7,23.85,"high",-1.14630000000001,5.7315,5.84500606843141,1.14630000000001,0.196116135138186,11.3099324740203
"377","SQ FN 020.jpg",88.3731,85.4255,57.0959,64.5741,112.160549709869,"SQ","Fyke_Net",7,23.85,"high",-2.94759999999999,7.4782,8.03814785880429,2.94759999999999,0.366701390889625,21.5123267749341
"378","SQ FN 021.jpg",83.4605,81.8229,61.4081,67.9037,94.4381102104971,"SQ","Fyke_Net",7,23.85,"high",-1.63759999999999,6.4956,6.69884714857714,1.63759999999999,0.244459974034163,14.1499221282212
"379","SQ FN 022.jpg",81.4408,79.5303,57.2051,63.7553,102.948772316381,"SQ","Fyke_Net",7,23.85,"high",-1.9105,6.5502,6.82313200004221,1.9105,0.280003376746658,16.2604062431362
"380","SQ FN 023.jpg",84.1701,81.7683,54.4212,61.1352,111.628521680438,"SQ","Fyke_Net",7,23.85,"high",-2.40180000000001,6.714,7.13066891953343,2.40180000000001,0.336826744742086,19.6836596954597
"381","SQ FN 024.jpg",80.1308,78.1657,54.0937,60.7531,103.494165663771,"SQ","Fyke_Net",7,23.85,"high",-1.96509999999999,6.65940000000001,6.94328642430946,1.96509999999999,0.283021595237652,16.440626041527
"382","SQ FN1 001.jpg",69.6817,63.2587,41.8306,51.5461,176.660474278091,"SQ","Fyke_Net",7,23.85,"high",-6.42300000000001,9.71550000000001,11.6467106622428,6.42300000000001,0.55148618234525,33.4690311448556
"383","SQ FN1 002.jpg",74.0537,68.8181,48.6855,59.1026,180.155263223393,"SQ","Fyke_Net",7,23.85,"high",-5.23560000000001,10.4171,11.6587940958746,5.23560000000001,0.449068742182573,26.6839511004415
"384","SQ FN9 025.jpg",94.3957,92.6843,59.365,64.6597,83.0799818895021,"SQ","Fyke_Net",7,23.85,"high",-1.71140000000001,5.2947,5.56441713479498,1.71140000000001,0.307561413629186,17.9123312459397
"385","SQ FN9 026.jpg",80.0091,77.4954,59.6859,64.018,80.9755027218109,"SQ","Fyke_Net",7,23.85,"high",-2.5137,4.3321,5.00857046471346,2.5137,0.501879731494165,30.1244401527422
"386","SQ FN9 027.jpg",87.9779,85.8386,58.6163,63.9645,80.1758389764024,"SQ","Fyke_Net",7,23.85,"high",-2.13930000000001,5.3482,5.76019511214681,2.13930000000001,0.371393669545804,21.8015941946638
"387","SQ FN9 028.jpg",83.6993,80.7043,60.4347,64.9271,76.4415365272049,"SQ","Fyke_Net",7,23.85,"high",-2.99499999999999,4.4924,5.39922983026282,2.99499999999999,0.554708744423684,33.6906561651216
"388","TW Electro 001.jpg",79.6347,77.8698,52.5728,59.2046,105.85811151499,"TW","Electrofishing",NA,NA,NA,-1.7649,6.6318,6.86262655621009,1.7649,0.257175585112221,14.9025371209621
"389","TW Electro 002.jpg",86.8013,82.7367,51.7171,58.4023,109.142494738576,"TW","Electrofishing",NA,NA,NA,-4.0646,6.68519999999999,7.82386555354832,4.0646,0.519513017213927,31.2995913227813
"390","TW Electro 003.jpg",85.7851,83.5924,61.2369,66.2642,79.0123583916465,"TW","Electrofishing",NA,NA,NA,-2.1927,5.0273,5.48467670697189,2.1927,0.399786553911689,23.5648356122142
"391","TW Electro 004.jpg",82.8436,80.5974,58.1349,64.2319,97.9605630212995,"TW","Electrofishing",NA,NA,NA,-2.2462,6.09699999999999,6.49760136050219,2.2462,0.345696800307613,20.224336843825
"392","TW Electro 005.jpg",80.1695,77.7093,61.8787,66.6386,78.1375183154674,"TW","Electrofishing",NA,NA,NA,-2.4602,4.75989999999999,5.35809966779267,2.4602,0.459155326054901,27.3326156579538
"393","TW Electro 006.jpg",83.6458,80.4904,63.0553,68.5639,92.12104351846,"TW","Electrofishing",NA,NA,NA,-3.1554,5.5086,6.34832443405345,3.1554,0.497044540300102,29.8046602323415
"394","TW Electro 007.jpg",82.5762,80.223,55.0865,61.5043,96.8262359655171,"TW","Electrofishing",NA,NA,NA,-2.3532,6.4178,6.83562046049954,2.3532,0.344255508859547,20.1363558922985
"395","TW Electro 008.jpg",77.2815,74.9818,57.921,65.3015,112.238347764033,"TW","Electrofishing",NA,NA,NA,-2.29969999999999,7.3805,7.73048512966683,2.29969999999999,0.297484564218947,17.3065826902503
"396","TW Electro 009.jpg",91.4542,87.0687,54.3912,59.5255,86.6157824843717,"TW","Electrofishing",NA,NA,NA,-4.38549999999999,5.1343,6.75230677176326,4.38549999999999,0.649481747236254,40.5025392247328
"397","TW Electro 010.jpg",92.6843,91.6147,56.3165,61.1299,81.9494786563039,"TW","Electrofishing",NA,NA,NA,-1.06959999999999,4.8134,4.93080761336315,1.06959999999999,0.216921868357069,12.5283035645709
"398","TW Electro 011.jpg",87.3361,84.662,57.2792,62.0926,78.6237851012656,"TW","Electrofishing",NA,NA,NA,-2.6741,4.81339999999999,5.50632639515675,2.6741,0.485641389212248,29.0545030324555
"399","TW Electro 012.jpg",90.8659,87.4966,61.1299,67.9756,103.449682813675,"TW","Electrofishing",NA,NA,NA,-3.3693,6.8457,7.62992732468665,3.3693,0.441590051467282,26.2053767569113
"400","TW Electro 013.jpg",82.5227,80.9717,60.8625,66.4781,86.3166348075503,"TW","Electrofishing",NA,NA,NA,-1.551,5.6156,5.82585310147793,1.551,0.266227104079665,15.4398802737942
"401","TW Electro 014.jpg",79.2068,76.2653,59.6859,64.7667,86.4393186860008,"TW","Electrofishing",NA,NA,NA,-2.9415,5.0808,5.87085606108684,2.9415,0.501034256229996,30.0684494639049
"402","TW Electro 015.jpg",100.76,98.9952,57.5466,62.253,69.3169823215062,"TW","Electrofishing",NA,NA,NA,-1.76480000000001,4.7064,5.02640229189826,1.76480000000001,0.351105999383412,20.554977901311
"403","TW FN 001.jpg",69.5801,64.3923,40.9137,51.5032,156.141066119903,"TW","Fyke_Net",NA,NA,NA,-5.1878,10.5895,11.7919794390085,5.1878,0.43994310088758,26.1002508071813
"404","TW FN 002.jpg",69.9545,67.8152,55.033,63.5901,136.906028839821,"TW","Fyke_Net",NA,NA,NA,-2.13929999999999,8.5571,8.82046285066719,2.13929999999999,0.242538292629187,14.0364010137143
"405","TW FN 003.jpg",69.4731,65.8898,44.4435,55.7282,156.45291211176,"TW","Fyke_Net",NA,NA,NA,-3.58330000000001,11.2847,11.8399532507523,3.58330000000001,0.302644776048616,17.6165239638337
"406","TW FN 004.jpg",76.9606,75.677,61.2904,69.2057,115.952157476651,"TW","Fyke_Net",NA,NA,NA,-1.28359999999999,7.91529999999999,8.01870332722192,1.28359999999999,0.1600757563436,9.21129341610401
"407","TW FN 005.jpg",76.1049,71.452,49.8452,57.5466,135.205307844219,"TW","Fyke_Net",NA,NA,NA,-4.6529,7.7014,8.99783531578568,4.6529,0.517113265213581,31.1388134716902
"408","TW FN 006.jpg",71.1845,69.4731,47.3316,58.8302,167.271041556212,"TW","Fyke_Net",NA,NA,NA,-1.7114,11.4986,11.6252609398671,1.7114,0.147213899873078,8.46550232417501
"409","TW FN 007.jpg",68.7244,66.2642,48.1338,58.2419,152.266143357281,"TW","Fyke_Net",NA,NA,NA,-2.4602,10.1081,10.4031855529929,2.4602,0.236485256123517,13.6791897195131
"410","TW FN 008.jpg",68.5639,65.7294,54.7121,63.2692,137.581095563489,"TW","Fyke_Net",NA,NA,NA,-2.83450000000001,8.5571,9.01434138803274,2.83450000000001,0.314443382825841,18.327214601726
"411","TW FN 009.jpg",79.6882,78.0302,55.6213,61.6113,109.155212577,"TW","Fyke_Net",NA,NA,NA,-1.658,5.99,6.21522839483796,1.658,0.266764130723989,15.4718041244682
"412","TW FN 010.jpg",86.6943,84.3411,50.0592,56.584,106.878997277903,"TW","Fyke_Net",NA,NA,NA,-2.3532,6.52480000000001,6.93617800232953,2.3532,0.33926464966869,19.832078896088
"413","TW FN 011.jpg",74.4469,72.0937,54.0703,63.4831,152.222188793159,"TW","Fyke_Net",NA,NA,NA,-2.3532,9.4128,9.70249215820348,2.3532,0.242535625036333,14.0362434679265
"414","TW FN 012.jpg",94.8771,92.6843,64.7132,69.4196,81.69643358703,"TW","Fyke_Net",NA,NA,NA,-2.19280000000001,4.7064,5.19216455825507,2.19280000000001,0.422328679185188,24.9816942732809
"415","TW FN 013.jpg",67.4943,62.7879,43.8018,54.1238,163.961815199759,"TW","Fyke_Net",NA,NA,NA,-4.7064,10.322,11.3443327243166,4.7064,0.414867944582745,24.511000601208
"416","TW FN 014.jpg",70.0614,65.5155,49.4174,57.8675,136.195300807113,"TW","Fyke_Net",NA,NA,NA,-4.5459,8.4501,9.5952799240043,4.5459,0.473764187809427,28.2789168787136
"417","TW FN 015.jpg",96.0002,94.1283,73.3238,78.2442,80.2162524570302,"TW","Fyke_Net",NA,NA,NA,-1.87190000000001,4.9204,5.2644416389585,1.87190000000001,0.355574271380914,20.828644244889
