"fishID","pecFinInsertionAngle","lakeID","DOC","basin","X1","X7","Y1","Y7","fishStdLength"
"BA AN 001 07-13.jpg",71.8728359460022,"Bay",7.4,4,16.2172,172.617,70.3797,63.0321,156.572298526272
"BA AN 002 07-13.jpg",78.5783535421769,"Bay",7.4,4,18.8414,171.672,68.5428,66.0236,152.851361344935
"BA AN 003 07-13.jpg",75.872577475868,"Bay",7.4,4,34.9537,152.726,74.6308,61.7725,118.472150846433
"BA AN 004 07-13.jpg",66.0010284335805,"Bay",7.4,4,41.2516,161.28,73.9485,70.2223,120.08622474289
"BA AN 005 07-13.jpg",86.1859690801795,"Bay",7.4,4,26.294,164.902,73.1088,69.5925,138.652594745609
"BA AN 006 07-13.jpg",80.4402446384473,"Bay",7.4,4,28.9181,172.879,70.5372,69.6449,143.963665305173
"BA AN 007 07-13.jpg",79.5085643556259,"Bay",7.4,4,23.9847,177.707,70.6946,64.4491,153.849120203984
"BA AN 008 07-13.jpg",66.2129442607037,"Bay",7.4,4,39.2573,164.744,72.5315,67.5981,125.58363871321
"BA AN 009 07-13.jpg",72.7257580760284,"Bay",7.4,4,18.2116,182.273,75.1032,68.3853,164.198882914501
"BA AN 010 07-13.jpg",68.034992899624,"Bay",7.4,4,25.3493,173.719,69.435,68.4903,148.372707517859
"BA AN 011 07-13.jpg",49.2745593054774,"Bay",7.4,4,19.5237,184.11,63.8193,63.9768,164.586375359384
"BA AN 012 07-13.jpg",43.9191379742683,"Bay",7.4,4,22.5677,168.103,75.2606,67.1782,145.759557957103
"BA AN 013 07-13.jpg",75.4655449194599,"Bay",7.4,4,37.9452,165.846,71.062,70.0648,127.904687359299
"BA AN 014 07-13.jpg",75.3487767505374,"Bay",7.4,4,32.0146,170.15,64.5541,65.2364,138.137085051227
"BA AN 015 07-13.jpg",65.0949829903627,"Bay",7.4,4,27.3436,173.561,73.9485,70.2747,146.263545934043
"BA FN4 001.jpg",73.1566964727061,"Bay",7.4,4,52.4305,147.215,72.479,64.5016,95.1196107593487
"BA FN4 002.jpg",67.3197095413566,"Bay",7.4,4,46.7099,162.225,78.1472,82.1884,115.585767400013
"BA FN4 003.jpg",59.8798692981944,"Bay",7.4,4,35.0586,157.606,72.3741,69.5925,122.578964530298
"BA FN5 001 07-26.jpg",56.4403378617136,"Bay",7.4,4,47.8645,131.103,70.5896,67.5456,83.2941403596316
"BA FN5 002 07-26.jpg",47.4197974567005,"Bay",7.4,4,47.1297,144.696,73.8961,70.6946,97.6188122133229
"BA FN5 003 07-26.jpg",48.2710060855993,"Bay",7.4,4,43.141,148.684,75.1032,63.7144,106.155685737694
"BA FN5 004 07-26.jpg",53.0039709085053,"Bay",7.4,4,61.615,125.487,70.2747,77.9897,64.3362542350734
"BA FN5 005 07-26.jpg",44.9993578218188,"Bay",7.4,4,49.1241,139.762,74.001,71.6393,90.6686635133661
"BA FN5 006 07-26.jpg",56.6115847047549,"Bay",7.4,4,58.8334,135.459,71.6393,64.5541,76.9524699694558
"BA FN5 007 07-26.jpg",56.802282743812,"Bay",7.4,4,51.2759,128.373,76.2053,69.33,77.4030527724844
"BA FN5 008 07-26.jpg",52.0284567770701,"Bay",7.4,4,48.4943,137.086,64.1342,65.0789,88.596736773879
"BA FN8 001 07-16.jpg",56.8677648382659,"Bay",7.4,4,29.7579,167.368,71.9017,67.3357,137.685830708937
"BA FN8 002 07-16.jpg",71.4308273569156,"Bay",7.4,4,32.9068,148.422,75.0507,68.018,115.729081480542
"BA FN8 003 07-16.jpg",53.5115173654209,"Bay",7.4,4,20.2584,167.526,79.5117,82.1884,147.291923514665
"BA FN8 004 07-16.jpg",56.9291286868499,"Bay",7.4,4,37.7353,155.507,69.0151,68.6478,117.772272756282
"BH Electro 003 06-06.jpg",77.9647113815549,"Birch",10.9,7,27.7635,169.1,69.435,73.2138,141.387006339656
"BH Electro 004 06-06.jpg",73.4189901321008,"Birch",10.9,7,34.1664,156.767,74.211,77.2025,122.637091422661
"BH Electro 005 06-06.jpg",74.6234791570363,"Birch",10.9,7,41.1467,175.503,73.2663,68.5428,134.43930527171
"BH Electro 006 06-06.jpg",81.4418965177618,"Birch",10.9,7,19.7861,168.838,76.0479,73.8436,149.068198594133
"BH Electro 007 06-06.jpg",80.7602540070227,"Birch",10.9,7,22.4627,167.158,72.1641,74.4209,144.712898486382
"BH Electro 008 06-06.jpg",82.101848782155,"Birch",10.9,7,36.7906,154.615,72.0592,70.5372,117.834229828857
"BH FN 001 06-06.jpg",77.9696284178777,"Birch",10.9,7,31.7522,166.738,77.8848,77.3599,134.986820547971
"BH FN 002 06-06.jpg",74.7030445867238,"Birch",10.9,7,63.137,153.88,69.8024,64.4491,90.9007693580753
"BH FN1 001 06-28.jpg",81.9272472866979,"Birch",10.9,7,47.707,150.679,71.2194,68.8052,103.000296823067
"BH FN1 002 06-28.jpg",69.8088319813952,"Birch",10.9,7,42.9836,155.717,67.4407,74.5259,112.955830015985
"BH FN1 003 06-28.jpg",76.5874467678832,"Birch",10.9,7,52.7454,151.833,70.957,76.4152,99.2378174941388
"BH FN1 004 06-28.jpg",57.4959380741083,"Birch",10.9,7,54.1625,147.32,63.5044,59.6207,93.2384198275582
"BH FN3 001 06-28.jpg",59.2496967861467,"Birch",10.9,7,71.5868,143.436,76.9401,78.5671,71.8676190619948
"BH FN3 002 06-28.jpg",68.6181841374543,"Birch",10.9,7,37.2629,168.733,68.9102,73.9485,131.5666054168
"BH FN3 003 06-28.jpg",74.8667237014421,"Birch",10.9,7,46.4475,164.114,68.7527,72.8989,117.739526908723
"BH FN3 004 06-28.jpg",52.431768717617,"Birch",10.9,7,51.5908,158.394,68.9102,75.8379,107.027643894136
"BH FN3 005 06-28.jpg",62.2818547363106,"Birch",10.9,7,53.9525,149.682,73.2138,75.9954,95.7699037736282
"BH FN3 006 06-28.jpg",65.4105311154428,"Birch",10.9,7,52.6404,143.069,70.2747,75.3656,90.5717889895634
"BH FN3 007 06-28.jpg",69.0264669185268,"Birch",10.9,7,43.4559,140.549,73.0563,71.4294,97.1067292787683
"BH FN3 008 06-28.jpg",61.9517628455305,"Birch",10.9,7,48.6517,150.941,72.0592,73.1088,102.294684879763
"BH FN3 009 06-28.jpg",88.3944734104758,"Birch",10.9,7,55.3696,151.991,70.1173,69.6974,96.6223124023121
"BH FN3 010 06-28.jpg",78.6894676895125,"Birch",10.9,7,61.1952,142.649,69.33,75.7855,81.7092100970876
"BH FN3 011 06-28.jpg",63.1129624432846,"Birch",10.9,7,66.391,127.166,70.1173,71.6918,60.7953918915735
"BH FN3 012 06-28.jpg",61.6206564296311,"Birch",10.9,7,62.6122,140.182,72.7414,70.3797,77.6057439815507
"BH FN3 013 06-28.jpg",76.4092010167777,"Birch",10.9,7,64.3966,133.307,69.3825,68.018,68.9239079595027
"BH FN4 001 06-28.jpg",72.3771812208466,"Birch",10.9,7,66.6009,135.354,65.2889,71.3244,69.0175051697756
"BH FN4 002 06-28.jpg",80.6557027859418,"Birch",10.9,7,48.2844,162.172,73.7911,68.7527,113.998995207502
"BH FN4 003 06-28.jpg",76.7595874654741,"Birch",10.9,7,49.0191,171.514,69.435,68.6478,122.497429400988
"BH FN4 004 06-28.jpg",80.3479848612259,"Birch",10.9,7,49.3865,160.336,64.2392,67.4407,110.995680783083
"CR FN1 001.jpg",59.2996074540201,"Crampton",5,4,68.4903,133.307,69.9598,65.4463,64.9736583635245
"CR FN1 002.jpg",57.8389150637225,"Crampton",5,4,39.3623,164.114,79.6692,75.3131,124.827730333047
"CR FN1 003.jpg",47.9770821047896,"Crampton",5,4,47.7595,156.347,68.5428,68.1754,108.588121537349
"CR FN1 004.jpg",62.3866069824897,"Crampton",5,4,65.6562,130.315,72.479,66.8633,64.9022072346542
"CR FN1 005.jpg",71.7542049262565,"Crampton",5,4,61.4051,144.643,71.6918,72.1641,83.2392399274525
"CR FN1 006.jpg",69.3698156674603,"Crampton",5,4,71.6918,148.737,65.7612,62.6122,77.1095262859266
"CR FN1 007.jpg",73.7056192731178,"Crampton",5,4,66.2335,127.796,71.1145,72.0067,61.568964804437
"CR FN1 008.jpg",66.9748932739392,"Crampton",5,4,50.1213,152.516,74.2634,65.9711,102.729921772481
"CR FN1 009.jpg",64.5162226647606,"Crampton",5,4,51.4333,158.656,70.1173,69.2251,107.226411933488
"CR FN1 010.jpg",62.6758693449164,"Crampton",5,4,77.4124,133.779,71.4294,69.8549,56.3885861306169
"CR FN1 011.jpg",64.5641543628677,"Crampton",5,4,61.9299,141.022,75.4181,67.5981,79.4777496058488
"CR FN1 012.jpg",53.3930113293605,"Crampton",5,4,60.4604,126.851,72.2691,71.5868,66.3941059255263
"CR FN1 013.jpg",54.2457676336928,"Crampton",5,4,67.7556,143.069,70.7471,67.0208,75.4055271929717
"CR FN1 014.jpg",56.1053392192014,"Crampton",5,4,77.8323,140.077,69.0151,64.2917,62.4236588614445
"CR FN1 015.jpg",70.5601331234676,"Crampton",5,4,67.2832,131.837,71.2194,69.1201,64.5879257673599
"CR FN7 001.jpg",66.0801656999046,"Crampton",5,4,48.5993,160.441,75.1032,70.9045,111.920484901469
"CR FN7 002.jpg",51.4827118330202,"Crampton",5,4,47.3397,148.999,69.8024,63.0321,101.884494593535
"CR FN7 003.jpg",71.7915837485682,"Crampton",5,4,69.3825,131.68,73.5812,68.8577,62.4763151802345
"CR FN7 004.jpg",39.4004320124946,"Crampton",5,4,40.9892,158.131,74.7358,71.062,117.199394681372
"CR FN9 001.jpg",50.35587788436,"Crampton",5,4,43.4034,147.635,68.9102,67.0208,104.248723114099
"CR FN9 002.jpg",59.6095209365241,"Crampton",5,4,32.8544,167.473,70.1173,71.4818,134.625515138142
"CR FN9 003.jpg",51.4009718396918,"Crampton",5,4,32.9593,152.516,68.9627,68.9627,119.5567
"CR FN9 004.jpg",57.9948621211315,"Crampton",5,4,59.7781,140.287,70.9045,66.8109,80.6129055435295
"CR FN9 005.jpg",80.8115090287378,"Crampton",5,4,77.9373,139.5,71.1669,66.496,61.7396415449588
"CR FN9 006.jpg",65.5554220912323,"Crampton",5,4,69.54,138.293,72.5315,67.8605,68.9114885196946
"CR FN9 007.jpg",69.4443286419766,"Crampton",5,4,71.3769,135.931,75.1032,71.2194,64.6708259515061
"CR FN9 008.jpg",75.9637565320735,"Crampton",5,4,68.2279,133.097,74.6308,68.9102,65.1208522607774
"CR FN9 009.jpg",63.1526131670823,"Crampton",5,4,68.5428,138.083,70.3797,70.6946,69.5409129796985
"CR FN9 010.jpg",47.2676019270301,"Crampton",5,4,41.4616,161.385,73.3712,69.1726,119.996875415654
"CR FN9 011.jpg",70.7344605854654,"Crampton",5,4,51.1709,139.29,71.4818,65.7612,88.3045924579803
"FD Electro 001.jpg",62.5709693818257,"Found",6.21,7,60.4079,132.572,66.3385,64.0293,72.2010369278032
"FD Electro 002.jpg",57.8286506059955,"Found",6.21,7,52.1681,155.087,73.0563,73.6861,102.920826975156
"FD Electro 003.jpg",70.2442579609186,"Found",6.21,7,43.4034,158.814,71.062,74.4734,115.461007454118
"FD Electro 004.jpg",73.0205044576368,"Found",6.21,7,44.768,150.416,76.5727,67.8605,106.006614571167
"FD Electro 005.jpg",68.1982893563436,"Found",6.21,7,43.5609,160.545,74.211,68.7002,117.113827405008
"FD Electro 006.jpg",76.8277277020072,"Found",6.21,7,56.4717,129.79,69.33,60.4604,73.8528463842119
"FD Electro 007.jpg",76.8038025823253,"Found",6.21,7,47.2872,157.921,71.1669,64.2392,110.850488179935
"FD Electro 008.jpg",80.2930354132244,"Found",6.21,7,46.8673,164.377,78.4621,68.8052,117.905832390514
"FD Electro 009.jpg",73.7570273130498,"Found",6.21,7,45.7652,141.862,77.045,73.6861,96.1554843961071
"FD Electro 010.jpg",84.726078421901,"Found",6.21,7,45.2928,144.958,75.0507,71.2719,99.7368107595185
"FD Electro 011.jpg",75.7789938900152,"Found",6.21,7,41.0942,146.113,71.5343,70.2223,105.026995089072
"FD Electro 012.jpg",77.005996519116,"Found",6.21,7,62.8222,132.677,73.1088,71.2719,69.8789473636373
"FD Electro 013.jpg",70.9535692409782,"Found",6.21,7,70.4847,139.132,69.2251,62.1924,69.0065987176589
"FD Electro 014.jpg",75.7684770511039,"Found",6.21,7,48.1794,151.308,71.6393,57.7838,104.05519217324
"FD Electro 015.jpg",65.9929241372916,"Found",6.21,7,46.9723,149.052,78.672,78.1997,102.080792607522
"FD Electro 016.jpg",68.1983552368613,"Found",6.21,7,60.3555,128.636,70.2223,69.435,68.2850387825913
"FD Electro 017.jpg",85.2363583092738,"Found",6.21,7,46.3425,161.123,70.5372,65.1314,114.907727563859
"FD Electro 018.jpg",77.471106667155,"Found",6.21,7,48.1794,157.606,72.584,64.5016,109.724682625743
"FD Electro 019.jpg",82.3674672831604,"Found",6.21,7,63.242,137.453,74.106,69.9598,74.3267347287637
"FD Electro 020.jpg",65.8723863704007,"Found",6.21,7,60.6179,138.293,69.1726,65.7087,77.7522974787241
"FD Electro 021.jpg",73.6434228733465,"Found",6.21,7,70.4322,147.53,70.1698,63.2945,77.4037500056037
"FD Electro 022.jpg",79.6398970935262,"Found",6.21,7,65.6038,142.701,62.2973,61.5101,77.1012187431561
"FD Electro 023.jpg",77.3994084391559,"Found",6.21,7,59.5682,137.243,72.3216,68.1229,77.7881972842282
"FD Electro 024.jpg",86.2914040762701,"Found",6.21,7,52.7979,135.301,74.2634,66.3385,82.8828423114217
"FD Electro 025.jpg",66.5282276659041,"Found",6.21,7,64.3966,135.878,71.6393,67.2832,71.6140080792159
"FD Electro 026.jpg",54.6687385161099,"Found",6.21,7,61.8775,145.063,74.0535,68.9102,83.3443516090923
"FD Electro 027.jpg",79.742921278964,"Found",6.21,7,59.3058,138.135,72.4265,66.9158,79.0215830462159
"FD Electro 028.jpg",64.798876354525,"Found",6.21,7,62.4023,140.287,74.8408,62.6647,78.8307294479761
"FD Electro 029.jpg",77.5594473586923,"Found",6.21,7,74.106,130.21,69.4875,68.5428,56.1119530411302
"FD Electro 030.jpg",57.3397486080917,"Found",6.21,7,65.6562,132.73,70.6421,66.2335,67.2185272108814
"HB AN 001 07-24.jpg",49.3990799582349,"Hummingbird",24.5,4,14.013,175.713,68.4378,65.4463,161.727669470162
"HB AN 001.jpg",68.5827123571759,"Hummingbird",24.5,4,10.9165,191.091,67.7031,62.9271,180.237789118292
"HB AN 002 07-24.jpg",81.4424147348,"Hummingbird",24.5,4,18.579,170.675,77.8323,57.7838,153.411653951876
"HB AN 002.jpg",68.995153554898,"Hummingbird",24.5,4,11.8612,190.198,68.6478,64.3966,178.387462944233
"HB AN 003 07-24.jpg",74.180366264338,"Hummingbird",24.5,4,28.3408,165.374,78.2522,66.286,137.554672202292
"HB AN 003.jpg",69.6112070574145,"Hummingbird",24.5,4,15.8499,186.787,66.0761,66.496,170.937615732816
"HB AN 004 07-24.jpg",79.2657097870497,"Hummingbird",24.5,4,23.5649,181.434,74.7358,66.6009,158.078554310254
"HB AN 004.jpg",55.7133847847396,"Hummingbird",24.5,4,16.3747,190.618,77.3599,66.496,174.581648285551
"HB AN 005 07-24.jpg",80.9465966940083,"Hummingbird",24.5,4,26.5039,177.445,77.9897,81.2437,150.976170918493
"HB AN 005.jpg",77.6259179416851,"Hummingbird",24.5,4,14.1179,183.533,67.7556,59.5682,169.612822707394
"HB AN 006 07-24.jpg",58.7176465537563,"Hummingbird",24.5,4,32.3295,181.434,64.4491,74.106,149.416892076699
"HB AN 006.jpg",71.5653819974894,"Hummingbird",24.5,4,19.7861,189.044,69.5925,66.391,169.288175353921
"HB AN 007 07-24.jpg",74.5053004735881,"Hummingbird",24.5,4,26.8188,181.329,74.001,69.5925,154.573079080058
"HB AN 007.jpg",69.3817321901868,"Hummingbird",24.5,4,16.6896,175.136,76.9401,62.8222,159.0741235191
"HB AN 008 07-24.jpg",79.4003129625942,"Hummingbird",24.5,4,19.4187,172.931,73.8436,59.3058,154.199137092689
"HB AN 008.jpg",61.9427882101507,"Hummingbird",24.5,4,17.7917,182.011,71.0095,60.5654,164.551079356229
"HB AN 009 07-24.jpg",82.1170973113849,"Hummingbird",24.5,4,19.996,175.818,70.6421,57.9412,156.338762131501
"HB AN 009.jpg",75.0185425739358,"Hummingbird",24.5,4,21.8854,187.627,78.1997,57.3114,167.052683448815
"HB AN 010 07-24.jpg",66.3224048487003,"Hummingbird",24.5,4,26.1365,171.987,77.3599,75.1557,145.867154794662
"HB AN 010.jpg",61.9087793333657,"Hummingbird",24.5,4,22.4102,175.031,68.5428,60.4604,152.834661586958
"HB AN 011 07-24.jpg",79.1601831904327,"Hummingbird",24.5,4,20.6783,172.879,73.4762,57.9412,152.991468080707
"HB AN 011.jpg",79.846212546321,"Hummingbird",24.5,4,14.9052,181.486,66.5484,62.4023,166.632389030014
"HB AN 012 07-24.jpg",67.6380426196415,"Hummingbird",24.5,4,35.0062,163.432,66.8109,61.9299,128.518521103536
"HB AN 012.jpg",68.7226262644809,"Hummingbird",24.5,4,17.7917,177.76,71.9017,68.9102,159.99626894756
"HB AN 013 07-24.jpg",70.2830398581122,"Hummingbird",24.5,4,24.6145,168.26,69.5925,69.0151,143.646660458954
"HB AN 014 07-24.jpg",50.1534322728253,"Hummingbird",24.5,4,34.6913,164.954,67.7556,67.3357,130.263376769144
"HB AN 015 07-24.jpg",68.3139292512158,"Hummingbird",24.5,4,22.6202,170.57,74.211,80.7713,148.095174992739
"HB FN3 001.jpg",71.304604828366,"Hummingbird",24.5,4,19.1866,163.259,71.7156,60.5193,144.506794218992
"HB FN9 001.jpg",57.8410442194133,"Hummingbird",24.5,4,27.6399,161.653,62.0352,51.7119,134.410124226191
"HB FN9 002.jpg",71.5646353182662,"Hummingbird",24.5,4,32.1315,155.54,60.917,62.3932,123.417328761767
"LC Electro1 001.jpg",66.3999311070405,"Little_Crooked",4.07,7,56.6292,136.351,74.4734,72.0067,79.7599523829472
"LC Electro1 002.jpg",64.0575110602179,"Little_Crooked",4.07,7,50.961,139.92,74.5259,72.2691,88.9876217641532
"LC Electro1 003.jpg",74.7736362774625,"Little_Crooked",4.07,7,36.2133,156.977,73.2138,66.2335,120.965267022315
"LC Electro1 004.jpg",54.9751160242994,"Little_Crooked",4.07,7,43.246,144.171,70.6421,69.435,100.932218421127
"LC Electro1 005.jpg",27.84718326484,"Little_Crooked",4.07,7,50.8035,141.547,74.7358,70.8521,90.8265705503626
"LC Electro1 006.jpg",68.3625806280789,"Little_Crooked",4.07,7,45.6077,144.643,71.3769,63.5569,99.3435606674635
"LC Electro1 007.jpg",58.6711866678177,"Little_Crooked",4.07,7,48.9666,135.721,74.4209,65.3938,87.2227863219813
"LC Electro1 008.jpg",59.8683212918371,"Little_Crooked",4.07,7,45.3978,159.233,73.4762,68.0705,113.963478147738
"LC Electro1 009.jpg",57.5631501698498,"Little_Crooked",4.07,7,48.4943,141.967,74.1585,72.0067,93.4974646101701
"LC Electro1 010.jpg",50.02391173208,"Little_Crooked",4.07,7,51.5908,145.011,73.5812,78.0947,93.5291689810724
"LC Electro1 011.jpg",58.6711941991712,"Little_Crooked",4.07,7,57.4164,130.998,73.3712,72.689,73.5847623859723
"LC Electro1 012.jpg",54.6191790523328,"Little_Crooked",4.07,7,64.0293,124.017,72.3216,70.6946,60.0097598752903
"LC Electro1 013.jpg",64.3740869727171,"Little_Crooked",4.07,7,56.1043,147.53,71.1669,72.8989,91.4421043310466
"LC Electro1 014.jpg",64.1558499140088,"Little_Crooked",4.07,7,49.0716,155.822,72.3216,68.5953,106.815416545787
"LC Electro1 015.jpg",44.5754508232137,"Little_Crooked",4.07,7,72.5315,138.345,72.479,71.9017,65.8160319188266
"LC Electro1 016.jpg",75.8091474686323,"Little_Crooked",4.07,7,63.8193,133.307,71.4294,66.9683,69.6307537263528
"LC Electro1 017.jpg",51.8928648964199,"Little_Crooked",4.07,7,53.9,141.809,76.6252,71.1669,88.0782908547276
"LC Electro1 018.jpg",61.1276343228711,"Little_Crooked",4.07,7,56.1043,152.883,74.1585,66.8109,97.0572202334788
"LC Electro1 019.jpg",54.8111010659919,"Little_Crooked",4.07,7,65.4988,130.473,73.1088,73.3712,64.9747298524588
"LC Electro1 020.jpg",59.3002616845805,"Little_Crooked",4.07,7,43.2985,154.877,78.3046,67.808,112.071139343767
"LC Electro1 021.jpg",55.8643392402349,"Little_Crooked",4.07,7,43.5084,148.999,77.9897,62.8222,106.575418106663
"LC Electro1 022.jpg",47.2906100426385,"Little_Crooked",4.07,7,57.049,132.362,77.045,72.2166,75.4676183244178
"LC Electro1 023.jpg",63.6995739841124,"Little_Crooked",4.07,7,63.0846,130.525,71.4294,68.9627,67.4854959309776
"LC Electro1 024.jpg",67.5203439369155,"Little_Crooked",4.07,7,65.1839,126.694,71.4294,69.1201,61.5534342543127
"LC Electro1 025.jpg",73.6980410399914,"Little_Crooked",4.07,7,59.9881,135.774,74.5259,70.4322,75.8963834349174
"LC Electro1 026.jpg",61.7831483985557,"Little_Crooked",4.07,7,47.3397,143.751,75.8379,67.8605,96.7407756762887
"LC Electro1 027.jpg",62.4472533084163,"Little_Crooked",4.07,7,55.4745,149.209,75.3131,70.5896,93.8534386290668
"LC Electro1 028.jpg",84.4286385049279,"Little_Crooked",4.07,7,74.3684,133.727,69.5925,63.137,59.7085996671334
"LC Electro2 001.jpg",66.3706222693432,"Little_Crooked",4.07,7,58.2561,122.863,72.2691,65.1839,64.9942427192594
"LC Electro3 001.jpg",66.4876455497682,"Little_Crooked",4.07,7,47.4971,151.886,76.6777,69.33,104.64717453663
"LT Electro 1.jpg",73.7866334992666,"Lost",4.02,7,45.5028,161.595,75.733,72.584,116.134900447023
"LT Electro 10.jpg",56.178374401256,"Lost",4.02,7,51.5383,131.103,67.5981,66.9683,79.5671925741383
"LT Electro 11.jpg",61.2604084938173,"Lost",4.02,7,68.7002,138.555,69.5925,69.2251,69.8557661599957
"LT Electro 12.jpg",56.5344787895411,"Lost",4.02,7,46.9198,134.514,73.5812,74.5259,87.5992941280351
"LT Electro 13.jpg",71.8702069031228,"Lost",4.02,7,48.3893,133.149,68.4378,68.9102,84.7610164276597
"LT Electro 14.jpg",67.5891908137318,"Lost",4.02,7,56.9441,133.622,64.5016,63.3995,76.6858198940326
"LT Electro 15.jpg",68.0334925729537,"Lost",4.02,7,51.7482,133.464,73.9485,65.3938,82.1623688906911
"LT Electro 2.jpg",64.916892457886,"Lost",4.02,7,59.7257,134.304,68.4378,69.0676,74.5809592250596
"LT Electro 3.jpg",71.8704926021484,"Lost",4.02,7,53.2702,137.505,69.4875,71.3244,84.2548261682973
"LT Electro 4.jpg",77.5295575239577,"Lost",4.02,7,61.0902,139.605,74.5259,72.1116,78.5519106294048
"LT Electro 5.jpg",46.3441327726848,"Lost",4.02,7,53.4277,148.474,70.0123,72.7939,95.0869940751626
"LT Electro 6.jpg",65.1911680186048,"Lost",4.02,7,54.3199,133.412,70.0648,65.6562,79.2148725705596
"LT Electro 7.jpg",79.5921567324206,"Lost",4.02,7,60.8278,131.995,73.2138,64.2392,71.7308427456419
"LT Electro 8.jpg",59.1979880666608,"Lost",4.02,7,55.1072,135.721,66.1286,70.4322,80.7285929729981
"LT Electro 9.jpg",73.5230489064334,"Lost",4.02,7,39.7821,154.248,69.1201,70.7471,114.477462374958
"LT FN 001 06-05.jpg",71.300932190546,"Lost",4.02,7,28.4458,177.235,68.5953,67.1782,148.795948227934
"LT FN 002 06-05.jpg",74.5438932433879,"Lost",4.02,7,27.3436,175.346,77.3075,75.6805,148.011342588195
"LT FN 003 06-05.jpg",61.7577934987048,"Lost",4.02,7,28.4983,157.869,69.6449,71.7443,129.387733185376
"LT FN 004 06-05.jpg",69.6563712898907,"Lost",4.02,7,33.6416,151.938,82.8182,75.733,118.508389205153
"LT FN 005 06-05.jpg",69.274385328307,"Lost",4.02,7,25.7167,162.54,59.2008,75.8379,137.831086911843
"LT FN 006 06-05.jpg",68.6163854456485,"Lost",4.02,7,26.1365,153.67,65.6038,72.9514,127.744983651062
"LT FN 007 06-05.jpg",50.1556455358035,"Lost",4.02,7,33.0643,157.187,72.4265,70.3272,124.1404515691
"LT FN 008 06-05.jpg",57.8630855406746,"Lost",4.02,7,30.1777,156.242,72.4265,71.6393,126.066757784636
"LT FN 009 06-05.jpg",71.0535714557599,"Lost",4.02,7,47.3397,152.358,71.3769,69.6974,105.031728802015
"LT FN 010 06-05.jpg",72.8635870356545,"Lost",4.02,7,54.4249,150.521,71.7967,74.3159,96.1291152765383
"LT FN 011 06-05.jpg",51.9853520635954,"Lost",4.02,7,36.2133,172.564,67.1782,74.106,136.526582771744
"LT FN 012 06-05.jpg",64.8473563141259,"Lost",4.02,7,55.9994,144.643,62.2448,67.5981,88.8050991883349
"LT FN 013 06-05.jpg",67.70070050322,"Lost",4.02,7,37.3154,162.592,76.7826,71.3769,125.393174056844
"LT FN 014 06-05.jpg",70.5979718164168,"Lost",4.02,7,31.4898,156.347,69.7499,71.7967,124.873975599722
"LT FN 015 06-05.jpg",68.9624024000839,"Lost",4.02,7,37.7878,155.192,70.4847,67.9655,117.431224749979
"MC FN7 001.jpg",68.8386522370124,"McCullough",14.3,4,23.1903,173.092,73.7471,67.8513,150.017599369307
"MC FN7 002.jpg",39.528611246308,"McCullough",14.3,4,24.5169,161.448,65.9843,74.8772,137.219567910776
"MC FN7 003.jpg",65.3441443989012,"McCullough",14.3,4,26.9243,168.572,69.2761,54.2417,142.443336448744
"MC FN7 004.jpg",62.9280570042557,"McCullough",14.3,4,17.7027,162.904,70.2715,63.1119,145.37770597258
"MC FN7 005.jpg",57.1489112073934,"McCullough",14.3,4,24.47,161.58,66.1523,68.3099,137.126975237405
"MC FN7 006.jpg",60.4714233320647,"McCullough",14.3,4,28.8834,151.822,69.2907,69.8792,122.940008549739
"MC FN7 007.jpg",61.9279173520277,"McCullough",14.3,4,27.6084,165.307,71.4974,68.9965,137.721308964045
"MC FN7 008.jpg",53.9455137961812,"McCullough",14.3,4,31.1391,152.263,72.5762,74.3416,121.136764808913
"MC FN7 009.jpg",60.9747419519047,"McCullough",14.3,4,24.2738,172.565,69.2417,63.9946,148.384002021276
"MC FN7 010.jpg",64.4744662947828,"McCullough",14.3,4,27.069,157.216,71.8407,68.6532,130.18602753464
"MC FN7 011.jpg",62.7763809501578,"McCullough",14.3,4,24.4209,158.099,70.6147,76.4012,133.803280983166
"MC FN7 012.jpg",43.216046850037,"McCullough",14.3,4,23.9796,162.904,69.9772,65.7109,138.989892549962
"MC FN7 013.jpg",56.7097250809597,"McCullough",14.3,4,26.8238,154.617,66.4955,72.233,127.921932726527
"MC FN7 014.jpg",55.8688679037357,"McCullough",14.3,4,27.3632,160.354,65.5638,66.3484,132.993114414995
"MC FN7 015.jpg",54.5930328590969,"McCullough",14.3,4,24.47,164.081,71.2032,63.6513,139.815101167971
"MC FN8 001.jpg",67.7674494937809,"McCullough",14.3,4,31.8257,142.21,69.683,58.012,110.999576249146
"MC FN8 002.jpg",60.7858742781885,"McCullough",14.3,4,22.7046,144.515,70.4676,58.012,122.445561452917
"MC FN8 003.jpg",61.2685142178595,"McCullough",14.3,4,30.5507,152.361,69.5849,66.5446,121.848235974839
"MC FN8 004.jpg",66.118826447989,"McCullough",14.3,4,40.5544,155.058,69.4378,52.961,115.683012370875
"MC FN8 005.jpg",46.0514461843291,"McCullough",14.3,4,37.9554,143.24,67.2311,68.6042,105.293553462546
"MC FN8 006.jpg",58.9814719114114,"McCullough",14.3,4,30.2074,164.719,76.4012,66.7898,134.854549587769
"MC FN8 007.jpg",70.649288252344,"McCullough",14.3,4,23.5382,165.16,67.3782,55.0206,142.159925833548
"MC FN8 008.jpg",53.5193846956687,"McCullough",14.3,4,32.7083,161.678,65.0734,56.3447,129.264742763756
"MC FN8 009.jpg",50.5720715793366,"McCullough",14.3,4,31.6785,163.297,67.084,55.8543,132.096690739549
"MC FN8 010.jpg",59.1329175862224,"McCullough",14.3,4,69.2907,134.511,61.6898,58.061,65.321173608027
"MC FN8 011.jpg",59.0883487593274,"McCullough",14.3,4,27.3142,165.945,67.3292,58.11,138.93700859483
"MC FN8 012.jpg",54.5197412781642,"McCullough",14.3,4,57.3745,140.151,69.0945,65.76,82.8436348942995
"MC FN8 013.jpg",59.5111731714603,"McCullough",14.3,4,48.6947,143.436,60.3658,63.5532,94.7949019960989
"MC FN8 014.jpg",66.8642537501101,"McCullough",14.3,4,48.0572,136.08,66.6426,67.2801,88.0251084980303
"MC FN8 015.jpg",69.0067472972175,"McCullough",14.3,4,56.8841,134.609,67.8686,68.8003,77.7304840130306
"MK Electro 001.jpg",78.4724824143769,"Muskellunge",6.66,7,39.1575,153.442,74.7022,69.336,114.410414922288
"MK Electro 002.jpg",65.1483157574406,"Muskellunge",6.66,7,54.7781,143.56,69.7079,69.1766,88.7834897224704
"MK Electro 003.jpg",69.7430804837937,"Muskellunge",6.66,7,66.8919,130.224,67.0513,65.8293,63.3438882167017
"MK Electro 004.jpg",80.2997458306175,"Muskellunge",6.66,7,57.594,137.025,72.205,68.7515,79.5060401683419
"MK Electro 005.jpg",80.6137145830615,"Muskellunge",6.66,7,54.0874,139.788,73.0551,71.0361,85.7243792707769
"MK Electro 006.jpg",71.2115834645408,"Muskellunge",6.66,7,59.5067,134.581,71.9925,65.0323,75.3962525894358
"MK Electro 007.jpg",59.9313053136119,"Muskellunge",6.66,7,65.6168,129.161,70.3454,70.2923,63.5442221862067
"MK Electro 008.jpg",80.837288389647,"Muskellunge",6.66,7,66.3075,129.958,68.7515,64.1822,63.8142981841844
"MK Electro 009.jpg",72.2353863818434,"Muskellunge",6.66,7,61.4194,143.879,66.52,63.0665,82.5318865312674
"MK Electro 010.jpg",71.4170868001664,"Muskellunge",6.66,7,49.5712,138.831,68.3265,65.4043,89.3076208891492
"MK Electro 011.jpg",81.7530912997637,"Muskellunge",6.66,7,50.7932,151.423,69.5485,63.9697,100.784322478647
"MK Electro 012.jpg",60.7808476988342,"Muskellunge",6.66,7,48.0304,142.922,69.1766,63.8103,95.0432160979941
"MK Electro 013.jpg",61.2601184377203,"Muskellunge",6.66,7,71.5143,135.218,67.1576,66.4669,63.7074443073963
"MK Electro 014.jpg",75.18657718521,"Muskellunge",6.66,7,60.5693,145.366,68.1139,67.6889,84.7977650406542
"MK Electro 015.jpg",68.3293519204946,"Muskellunge",6.66,7,47.3397,160.881,69.6016,72.8426,113.587547234237
"MK Electro2 001.jpg",66.3334773644093,"Muskellunge",6.66,7,43.8331,159.234,76.6149,69.2828,115.633591188806
"MK Electro2 002.jpg",59.3936088154774,"Muskellunge",6.66,7,72.6832,135.112,71.4081,67.1576,62.573331537405
"MK Electro2 003.jpg",77.6995833330402,"Muskellunge",6.66,7,55.9469,142.71,71.3018,66.7857,86.8805541005581
"MK Electro2 004.jpg",85.2374338722872,"Muskellunge",6.66,7,77.9373,139.92,64.1342,66.9683,62.0474594330823
"MK Electro2 005.jpg",77.3470106287146,"Muskellunge",6.66,7,45.5028,140.969,79.3018,68.1229,96.1184849425437
"MK Electro2 006.jpg",84.9203260941803,"Muskellunge",6.66,7,41.2297,160.881,76.1899,65.8824,120.094455109052
"MK Electro2 007.jpg",65.5922737970879,"Muskellunge",6.66,7,50.6461,142.806,70.3272,66.7059,92.2310196284309
"MK Electro2 008.jpg",61.9817669119337,"Muskellunge",6.66,7,50.5807,143.401,68.2733,60.7287,93.1264145194585
"MK Electro2 009.jpg",71.7034402036003,"Muskellunge",6.66,7,50.8464,144.569,75.1804,66.7325,94.1025651359728
"MK Electro2 010.jpg",68.6633120276774,"Muskellunge",6.66,7,54.9375,150.626,67.317,68.6984,95.6984707203307
"MK Electro2 011.jpg",70.0618506171957,"Muskellunge",6.66,7,58.0462,134.356,70.3797,68.4378,76.3345043322481
"MK Electro2 012.jpg",73.4342852444531,"Muskellunge",6.66,7,44.8426,162.209,69.0703,65.8824,117.409686803815
"MK Electro2 013.jpg",71.7791181677666,"Muskellunge",6.66,7,37.0323,155.302,79.4308,67.1576,118.90480804547
"MK Electro2 014.jpg",81.7138545962865,"Muskellunge",6.66,7,61.7914,147.173,73.002,72.0456,85.386956378126
"MK Electro2 015.jpg",59.9317304001546,"Muskellunge",6.66,7,51.909,134.9,69.8141,66.6794,83.0501801628991
"OB Electro 001.jpg",71.131456965246,"Oxbow",11.12,4,43.3018,159.393,75.7117,64.1291,116.667576216359
"OB Electro 002.jpg",73.4957762857396,"Oxbow",11.12,4,43.2985,146.69,76.5202,68.2279,103.723500285808
"OB Electro 003.jpg",49.8988011549134,"Oxbow",11.12,4,47.3929,158.384,70.983,58.4441,111.697127502994
"OB Electro 004.jpg",53.1302255992457,"Oxbow",11.12,4,37.0854,167.097,72.205,66.7325,130.126724352878
"OB Electro 005.jpg",73.8211913128109,"Oxbow",11.12,4,36.1822,164.175,70.1861,66.5731,128.043783999224
"OB Electro 006.jpg",57.1715572514818,"Oxbow",11.12,4,44.63,155.939,71.0893,62.1101,111.670584818205
"OB Electro 007.jpg",67.6936128870831,"Oxbow",11.12,4,49.2524,139.15,67.9014,69.9735,89.9214773242188
"OB Electro 008.jpg",62.2411920576674,"Oxbow",11.12,4,46.3834,147.12,69.761,64.873,100.855119471249
"OB Electro 009.jpg",67.9721435243734,"Oxbow",11.12,4,47.1803,149.564,67.9014,66.9982,102.387683809773
"OB Electro 010.jpg",62.9986776072036,"Oxbow",11.12,4,42.6642,168.903,69.0703,57.7003,126.749798916764
"OB Electro 011.jpg",45.5027600560305,"Oxbow",11.12,4,36.1291,159.818,69.1766,63.279,123.829421661292
"OB Electro 012.jpg",71.1053366378752,"Oxbow",11.12,4,37.5636,153.549,63.7041,60.0912,116.041656570259
"OB Electro 013.jpg",66.8009632575395,"Oxbow",11.12,4,42.2923,169.275,65.1386,63.1728,126.997915214896
"OB Electro 014.jpg",63.3056873799692,"Oxbow",11.12,4,41.1765,171.985,70.983,63.4915,131.022846269267
"OB Electro 015.jpg",75.3115936773763,"Oxbow",11.12,4,51.4308,131.977,75.9242,66.2012,81.1309254442472
"OB FN 001.jpg",70.0172083367852,"Oxbow",11.12,4,23.4308,151.423,84.0532,75.6585,128.267198647706
"OB FN 002.jpg",80.1809214923001,"Oxbow",11.12,4,43.351,164.639,71.8492,65.6038,121.448688610293
"OB FN 003.jpg",87.556048005338,"Oxbow",11.12,4,48.7743,161.837,80.0684,65.1917,114.037232227812
"OB FN 004.jpg",84.1737246477934,"Oxbow",11.12,4,21.7306,175.439,73.002,56.1063,154.634203554873
"OB FN 005.jpg",53.2198287159546,"Oxbow",11.12,4,54.7781,152.645,74.8616,75.8179,97.8715720998698
"OB FN 006.jpg",67.4069147835016,"Oxbow",11.12,4,45.7458,162.368,74.1709,69.2828,116.72459489949
"OB FN 007.jpg",70.4268268927627,"Oxbow",11.12,4,42.5579,171.029,74.3834,64.4479,128.854715456828
"OB FN 008.jpg",71.4494013499293,"Oxbow",11.12,4,26.9905,151.317,77.465,71.4612,124.471379106564
"OB FN 009.jpg",57.9176403838122,"Oxbow",11.12,4,30.4972,152.752,81.8217,85.2221,122.302080289748
"OB FN 010.jpg",67.3290808479622,"Oxbow",11.12,4,32.6969,147.582,77.0975,70.7996,115.057593171507
"OB FN 011.jpg",79.019465745564,"Oxbow",11.12,4,58.9223,161.784,69.1766,70.6111,102.871702217568
"OB FN 012.jpg",75.2414271082085,"Oxbow",11.12,4,26.2467,183.196,74.5428,69.2297,157.039204665905
"OB FN 013.jpg",78.7489497600607,"Oxbow",11.12,4,22.6338,188.774,77.0399,71.3018,166.239260849085
"OB FN 014.jpg",76.2005250383024,"Oxbow",11.12,4,29.2221,148.501,85.4346,78.5276,119.478712054533
"OB FN 015.jpg",66.5716602611524,"Oxbow",11.12,4,44.63,140.425,69.2828,69.0703,95.795235691813
"PP FN 001.jpg",65.0953900485504,"Papoose",6.49,7,40.7455,159.538,72.0596,69.3574,118.823229804151
"PP FN 002.jpg",65.5237686501794,"Papoose",6.49,7,49.9119,151.272,69.1984,68.2977,101.364101793978
"PP FN 003.jpg",71.3182538825834,"Papoose",6.49,7,49.7529,151.961,72.7484,68.0857,102.314400144359
"PP FN 004.jpg",64.9085429136136,"Papoose",6.49,7,47.1567,150.795,72.9603,70.1521,103.676338738065
"PP FN 005.jpg",65.0945220130494,"Papoose",6.49,7,47.2626,141.947,71.0529,70.9469,94.6844593339372
"PP FN 006.jpg",74.4754758790649,"Papoose",6.49,7,52.5611,136.489,70.788,70.4171,83.9287195495082
"PP FN 007.jpg",46.3638764762661,"Papoose",6.49,7,39.7387,166.744,71.4768,69.0924,127.027680414349
"PP FN 008.jpg",82.3549245285414,"Papoose",6.49,7,50.0708,156.995,73.5962,77.1991,106.984884138134
"PP FN 009.jpg",68.9628605730635,"Papoose",6.49,7,51.8723,140.092,71.6357,68.5626,88.2732089124441
"PP FN 010.jpg",70.4194007547993,"Papoose",6.49,7,55.0514,161.127,71.5297,70.4171,106.081434728797
"PP FN 011.jpg",71.2588605517256,"Papoose",6.49,7,60.4559,142.901,79.7954,69.2514,83.1166075463262
"PP FN 012.jpg",63.5954874482511,"Papoose",6.49,7,46.9447,160.227,76.2984,67.9268,113.591210838911
"PP FN 013.jpg",74.8940236214645,"Papoose",6.49,7,42.441,165.048,73.7021,66.0193,122.847473986403
"PP FN 014.jpg",78.8662717693159,"Papoose",6.49,7,31.738,159.273,70.682,66.0193,127.62020606585
"PP FN 015.jpg",72.8668810314436,"Papoose",6.49,7,46.4678,144.755,72.8014,68.5096,98.3808580521638
"PP FN 016.jpg",76.9669252542803,"Papoose",6.49,7,49.2231,135.801,72.6424,69.7812,86.6251651302899
"PP FN 017.jpg",84.0936553358088,"Papoose",6.49,7,49.2761,149.842,78.5238,67.6089,101.156489089035
"PP FN 018.jpg",82.6476427763462,"Papoose",6.49,7,45.6731,154.716,75.7156,69.7283,109.20715087255
"PP FN 019.jpg",74.227555905853,"Papoose",6.49,7,49.2231,157.524,71.2118,73.3312,108.321635868233
"PP FN 020.jpg",75.7065325179825,"Papoose",6.49,7,44.0835,156.041,72.1126,70.8409,111.964722243839
"PP FN 021.jpg",64.8551774626859,"Papoose",6.49,7,49.594,132.463,72.1656,69.8872,82.9003152440327
"PP FN 022.jpg",59.3654502537185,"Papoose",6.49,7,55.5283,138.927,70.3641,69.7283,83.4011235135954
"PP FN 023.jpg",77.8634025911514,"Papoose",6.49,7,55.9522,133.946,69.3574,70.0462,77.9968414993838
"PP FN 024.jpg",79.3802540434393,"Papoose",6.49,7,49.488,149.895,70.9469,62.9992,100.721058296118
"PP FN 025.jpg",65.4628353888867,"Papoose",6.49,7,51.3425,151.537,70.3111,68.4566,100.211661000604
"PP FN 026.jpg",66.5845225126075,"Papoose",6.49,7,46.4678,150.371,72.5365,65.3835,104.149125676791
"PP FN 027.jpg",78.6899189878029,"Papoose",6.49,7,45.0902,143.165,70.1521,67.3439,98.1149957054476
"PP FN 028.jpg",63.2393441646931,"Papoose",6.49,7,52.2432,145.179,73.8081,68.6156,93.0807443990968
"PP FN 029.jpg",57.0674050004269,"Papoose",6.49,7,58.3895,135.483,75.8745,69.1454,77.3866172478162
"PP FN 030.jpg",71.4082980187438,"Papoose",6.49,7,53.7798,137.019,71.4768,65.3305,83.4658098884208
"RB FN4 001.jpg",66.333320627687,"Red_Bass",18.9,4,30.6615,179.198,80.1916,72.0974,148.756875155033
"RB FN4 002.jpg",72.1704082196966,"Red_Bass",18.9,4,24.8723,167.459,77.2434,69.578,142.792595655552
"RB FN4(2) 001.jpg",67.9246300426303,"Red_Bass",18.9,4,24.765,176.25,76.3321,70.6501,151.591524660846
"RB FN4(2) 002.jpg",62.6024320832741,"Red_Bass",18.9,4,25.1939,167.781,67.273,78.369,143.018188711821
"RB FN4(2) 003.jpg",59.9706196539108,"Red_Bass",18.9,4,29.911,187.56,68.2379,76.8145,157.882124601109
"RB FN4(2) 004.jpg",81.1294999261665,"Red_Bass",18.9,4,25.9443,174.588,69.578,70.2748,148.645333192569
"RB FN4(2) 005.jpg",49.8035944379498,"Red_Bass",18.9,4,35.2178,168.585,72.419,73.3839,133.37069043778
"RB FN4(2) 006.jpg",58.6470605585326,"Red_Bass",18.9,4,32.216,165.1,72.2046,67.9699,132.951457833639
"RB FN4(2) 007.jpg",67.6718199722477,"Red_Bass",18.9,4,37.4156,175.499,77.5114,72.3118,138.181262100619
"RB FN4(2) 008.jpg",43.2511784096657,"Red_Bass",18.9,4,27.2844,178.019,72.3118,79.2803,150.895591815699
"RB FN4(2) 009.jpg",64.9036441948839,"Red_Bass",18.9,4,27.9277,178.287,68.7203,76.0105,150.535929639837
"RB FN4(2) 010.jpg",63.8635576448951,"Red_Bass",18.9,4,29.5894,172.283,71.0253,68.8811,142.709709111188
"RB FN4(2) 011.jpg",66.2621156552288,"Red_Bass",18.9,4,28.1421,166.869,70.9717,65.6649,138.828364932567
"RB FN4(2) 012.jpg",50.687950935262,"Red_Bass",18.9,4,23.7466,172.927,75.4208,66.0937,149.471691428745
"RB FN4(2) 013.jpg",67.9961612762053,"Red_Bass",18.9,4,36.1827,162.635,73.0623,79.1195,126.597290046549
"RB FN5 001.jpg",75.3483593476424,"Red_Bass",18.9,4,35.7539,165.636,70.0068,62.2342,130.114461960114
"RB FN5 002.jpg",69.3626108992893,"Red_Bass",18.9,4,44.9738,169.228,70.0604,66.8442,124.295817146355
"RB FN5 003.jpg",53.0014533822929,"Red_Bass",18.9,4,34.1994,178.769,72.419,81.3709,144.846490319131
"RB FN5 004.jpg",57.9293541313103,"Red_Bass",18.9,4,38.4877,171.747,73.3839,76.6001,133.298105683952
"RB FN5 005.jpg",48.5139592007347,"Red_Bass",18.9,4,30.5007,164.993,74.9384,68.0771,134.667205350746
"RB FN5 006.jpg",59.1492560815708,"Red_Bass",18.9,4,32.8056,179.466,77.4042,72.7942,146.732835548694
"RB FN5 007.jpg",63.8802115626723,"Red_Bass",18.9,4,30.8759,159.794,67.541,75.9569,129.192507059891
"RB FN5 008.jpg",73.8458889203056,"Red_Bass",18.9,4,30.3935,152.557,72.9014,68.5059,122.242550498998
"RB FN5 009.jpg",56.4024869814384,"Red_Bass",18.9,4,34.4674,171.265,72.7942,67.1122,136.915552402786
"RB FN5 010.jpg",59.0360266593734,"Red_Bass",18.9,4,39.9886,160.544,73.1159,72.0438,120.560167002082
"RB FN5 011.jpg",67.8904620616811,"Red_Bass",18.9,4,32.0016,164.457,74.3487,73.2767,132.459737932551
"RB FN5 012.jpg",79.6953138620851,"Red_Bass",18.9,4,35.9683,171.158,79.4411,67.541,135.712443667115
"RB FN5 013.jpg",57.0303213212364,"Red_Bass",18.9,4,37.5228,152.932,70.5965,71.6149,115.413693222252
"RB FN8 001.jpg",67.8469452959507,"Red_Bass",18.9,4,34.5746,168.049,69.0956,79.4411,133.874735576247
"RB FN8 002.jpg",73.6860011521842,"Red_Bass",18.9,4,32.5376,170.085,81.3173,70.3284,137.985662914558
"SQ FN 003.jpg",75.2775585288792,"Squaw",23.85,7,53.6571,168.122,68.4496,72.1614,114.52506621369
"SQ FN 004.jpg",73.2290199533946,"Squaw",23.85,7,51.0916,167.794,74.0718,83.2967,117.066429627669
"SQ FN 005.jpg",85.7317230181763,"Squaw",23.85,7,38.7554,150.382,70.4692,73.526,111.668446097364
"SQ FN 006.jpg",52.5349019974897,"Squaw",23.85,7,48.4715,164.574,69.4321,78.1657,116.430521235671
"SQ FN 007.jpg",71.9655775584662,"Squaw",23.85,7,49.454,152.674,75.109,75.109,103.22
"SQ FN 008.jpg",79.7959313838603,"Squaw",23.85,7,48.2531,171.67,74.3994,79.1483,123.508231534663
"SQ FN 009.jpg",78.5302790884398,"Squaw",23.85,7,45.1964,156.659,73.4714,73.1985,111.462934077522
"SQ FN 010.jpg",75.0938254674715,"Squaw",23.85,7,51.9649,165.611,73.3622,69.1592,113.723793703033
"SQ FN 011.jpg",74.3319987704359,"Squaw",23.85,7,43.3951,171.943,72.1068,64.5741,128.768412911319
"SQ FN 012.jpg",61.9047424838314,"Squaw",23.85,7,51.2553,168.067,77.2924,70.9605,116.98318774294
"SQ FN 013.jpg",56.6187970373711,"Squaw",23.85,7,46.7793,164.083,72.6526,66.9758,117.440981313722
"SQ FN 014.jpg",52.6707371371977,"Squaw",23.85,7,48.6898,171.288,74.5631,76.8557,122.619634064044
"SQ FN 015.jpg",80.133711559546,"Squaw",23.85,7,49.7815,162.281,78.8753,81.4408,112.528748728936
"SQ FN 016.jpg",89.0377514264737,"Squaw",23.85,7,47.216,156.331,77.2924,76.2007,109.120461114724
"SQ FN 017.jpg",70.9978341536019,"Squaw",23.85,7,43.9409,155.84,72.1614,75.3273,111.943876579382
"SQ FN 018.jpg",69.4435763876442,"Squaw",23.85,7,48.5807,159.661,76.0369,84.6613,111.414601033482
"SQ FN 019.jpg",78.6900675259797,"Squaw",23.85,7,57.2597,146.888,70.3055,75.3819,89.7719443804689
"SQ FN 020.jpg",68.4876732250659,"Squaw",23.85,7,50.6549,162.5,72.4889,80.895,112.160549709869
"SQ FN 021.jpg",75.8500778717789,"Squaw",23.85,7,51.8012,146.233,77.3469,76.2552,94.4381102104971
"SQ FN 022.jpg",73.7395937568638,"Squaw",23.85,7,52.2924,155.24,74.0718,74.5631,102.948772316381
"SQ FN 023.jpg",70.3163403045403,"Squaw",23.85,7,49.6724,161.299,72.4343,71.7793,111.628521680438
"SQ FN 024.jpg",73.5593739584731,"Squaw",23.85,7,49.454,152.947,72.2705,71.7793,103.494165663771
"SQ FN1 001.jpg",56.5309688551444,"Squaw",23.85,7,15.9766,192.637,68.1704,68.3324,176.660474278091
"SQ FN1 002.jpg",63.3160488995585,"Squaw",23.85,7,18.3515,198.466,75.3491,79.1813,180.155263223393
"SQ FN9 025.jpg",72.0876687540603,"Squaw",23.85,7,68.457,151.301,74.0726,67.8152,83.0799818895021
"SQ FN9 026.jpg",59.8755598472578,"Squaw",23.85,7,54.1238,134.989,74.34,70.1149,80.9755027218109
"SQ FN9 027.jpg",68.1984058053363,"Squaw",23.85,7,60.5416,140.711,70.2219,71.238,80.1758389764024
"SQ FN9 028.jpg",56.3093438348784,"Squaw",23.85,7,57.2792,133.705,72.0403,70.4893,76.4415365272049
"TW Electro 001.jpg",75.0974628790379,"Towanda",5.29,7,44.8714,150.712,68.9918,67.0664,105.85811151499
"TW Electro 002.jpg",58.7004086772187,"Towanda",5.29,7,53.589,162.639,70.2753,65.7829,109.142494738576
"TW Electro 003.jpg",66.4351643877858,"Towanda",5.29,7,60.4881,139.16,74.0191,66.6921,79.0123583916465
"TW Electro 004.jpg",69.775663156175,"Towanda",5.29,7,53.9633,151.835,74.1795,70.0079,97.9605630212995
"TW Electro 005.jpg",62.6673843420462,"Towanda",5.29,7,55.0865,133.224,72.2007,72.2542,78.1375183154674
"TW Electro 006.jpg",60.1953397676585,"Towanda",5.29,7,55.5678,147.664,76.5327,78.672,92.12104351846
"TW Electro 007.jpg",69.8636441077015,"Towanda",5.29,7,50.8614,147.664,68.9383,71.0776,96.8262359655171
"TW Electro 008.jpg",72.6934173097497,"Towanda",5.29,7,40.5928,152.798,75.4096,72.682,112.238347764033
"TW Electro 009.jpg",49.4974607752672,"Towanda",5.29,7,63.0553,149.429,68.35,61.8787,86.6157824843717
"TW Electro 010.jpg",77.4716964354292,"Towanda",5.29,7,66.2642,148.199,66.9595,65.4085,81.9494786563039
"TW Electro 011.jpg",60.9454969675444,"Towanda",5.29,7,61.8252,139.909,71.6124,62.4135,78.6237851012656
"TW Electro 012.jpg",63.7946232430887,"Towanda",5.29,7,58.5093,161.943,75.2492,77.0676,103.449682813675
"TW Electro 013.jpg",74.5601197262058,"Towanda",5.29,7,56.4235,142.69,75.677,72.7355,86.3166348075503
"TW Electro 014.jpg",59.9315505360951,"Towanda",5.29,7,52.7333,139.053,74.1795,69.6336,86.4393186860008
"TW Electro 015.jpg",69.445022098689,"Towanda",5.29,7,77.121,146.38,68.1361,65.3015,69.3169823215062
"TW FN 001.jpg",63.8997491928187,"Towanda",5.29,7,19.3605,175.261,68.8848,77.5489,156.141066119903
"TW FN 002.jpg",75.9635989862857,"Towanda",5.29,7,29.736,166.489,80.116,73.6447,136.906028839821
"TW FN 003.jpg",72.3834760361663,"Towanda",5.29,7,21.9276,178.362,69.7405,72.1472,156.45291211176
"TW FN 004.jpg",80.788706583896,"Towanda",5.29,7,38.721,154.67,80.116,79.2603,115.952157476651
"TW FN 005.jpg",58.8611865283098,"Towanda",5.29,7,32.9984,168.201,71.3985,72.2542,135.205307844219
"TW FN 006.jpg",81.534497675825,"Towanda",5.29,7,21.9811,189.112,81.0787,74.233,167.271041556212
"TW FN 007.jpg",76.3208102804869,"Towanda",5.29,7,24.0669,176.33,73.8052,72.8425,152.266143357281
"TW FN 008.jpg",71.672785398274,"Towanda",5.29,7,27.7037,165.152,78.0837,72.0403,137.581095563489
"TW FN 009.jpg",74.5281958755318,"Towanda",5.29,7,45.0318,154.135,73.2703,69.901,109.155212577
"TW FN 010.jpg",70.167921103912,"Towanda",5.29,7,52.7333,159.537,69.3662,65.355,106.878997277903
"TW FN 011.jpg",75.9637565320735,"Towanda",5.29,7,30.2173,181.946,81.8809,69.6336,152.222188793159
"TW FN 012.jpg",65.018305726719,"Towanda",5.29,7,66.799,148.466,75.677,77.8698,81.69643358703
"TW FN 013.jpg",65.488999398792,"Towanda",5.29,7,13.5844,176.811,73.1634,57.6536,163.961815199759
"TW FN 014.jpg",61.7210831212864,"Towanda",5.29,7,26.0457,161.837,65.355,75.8375,136.195300807113
"TW FN 015.jpg",69.171355755111,"Towanda",5.29,7,71.0241,151.14,85.6782,81.667,80.2162524570302
