"fishID","imageFile","pecFinBaseWidth","pecFinLength","lakeID","DOC","stdLength","finLengthSS","finBaseSS","finRatioSS"
"BA_WholeShoreline_20180713_1550_AN_blgMorphologyDOC.20180626_1","BA AN 07-13 001.jpg",8.161539641,39.2176158949011,"Bay",7.4,156.572298526272,32.0448993983306,6.50277870292756,4.92787789070908
"BA_WholeShoreline_20180713_1550_AN_blgMorphologyDOC.20180626_2","BA AN 07-13 002.jpg",7.055650605,38.1207603299042,"Bay",7.4,152.851361344935,31.7289011186825,5.73958311885671,5.52808461200623
"BA_WholeShoreline_20180713_1550_AN_blgMorphologyDOC.20180626_3","BA AN 07-13 003.jpg",5.45529333,32.0522331952081,"Bay",7.4,118.472150846433,32.4387910123949,5.52935421549131,5.86665092308841
"BA_WholeShoreline_20180713_1550_AN_blgMorphologyDOC.20180626_5","BA AN 07-13 005.jpg",7.061666376,37.1958231753244,"Bay",7.4,138.652594745609,33.3641074112738,6.24882657201809,5.33925962366703
"BA_WholeShoreline_20180713_1550_AN_blgMorphologyDOC.20180626_6","BA AN 07-13 006.jpg",7.698490745,39.7654173412024,"Bay",7.4,143.963665305173,34.6548074179401,6.59486052353337,5.25482037023777
"BA_WholeShoreline_20180713_1550_AN_blgMorphologyDOC.20180626_7","BA AN 07-13 007.jpg",8.017999415,42.9093503900956,"Bay",7.4,153.849120203984,35.5366943982573,6.48589961168897,5.47906944692955
"BA_WholeShoreline_20180713_1550_AN_blgMorphologyDOC.20180626_8","BA AN 07-13 008.jpg",7.125594999,37.7210647596273,"Bay",7.4,125.58363871321,36.5058714705893,6.86791007427213,5.31542653817555
"BA_WholeShoreline_20180713_1550_AN_blgMorphologyDOC.20180626_11","BA AN 07-13 011.jpg",8.423482019,43.0636237566,"Bay",7.4,164.586375359384,33.8650957938414,6.42844282792291,5.26800917428141
"BA_WholeShoreline_20180713_1550_AN_blgMorphologyDOC.20180626_12","BA AN 07-13 012.jpg",7.971695507,39.1656376220278,"Bay",7.4,145.759557957103,33.808932724288,6.75621185224052,5.00412560524966
"BA_WholeShoreline_20180713_1550_AN_blgMorphologyDOC.20180626_14","BA AN 07-13 014.jpg",7.81248835,37.7051827526403,"Bay",7.4,138.137085051227,33.9178087592443,6.93548808740278,4.89047177816521
"BA_WholeShoreline_20180713_1550_AN_blgMorphologyDOC.20180626_15","BA AN 07-13 015.jpg",7.28763229,40.7867283831395,"Bay",7.4,146.263545934043,35.1151708693699,6.15807622787452,5.70229558225036
"BA_FN4_20180715_1340_FN_blgMorphologyDOC.20180626_2","BA FN4 07-15 002.jpg",6.673719726,30.4309457076181,"Bay",7.4,115.585767400013,31.3864298793087,6.909880419552,4.54225369667738
"BA_FN4_20180715_1340_FN_blgMorphologyDOC.20180626_3","BA FN4 07-15 003.jpg",5.864561182,33.3977103677782,"Bay",7.4,122.578964530298,32.9280559118558,5.77187749585124,5.70491247181253
"BA_FN5_20180726_1045_FN_blgMorphologyDOC.20180626_1","BA FN5 07-26 001.jpg",5.415631054,24.6507457479485,"Bay",7.4,83.2941403596316,32.6924081771318,7.43999838063143,4.39414184043912
"BA_FN5_20180726_1045_FN_blgMorphologyDOC.20180626_2","BA FN5 07-26 002.jpg",5.437701367,24.1401297214824,"Bay",7.4,97.6188122133229,28.3445364859326,6.51403149061739,4.3513047989957
"BA_FN5_20180726_1045_FN_blgMorphologyDOC.20180626_8","BA FN5 07-26 008.jpg",4.750307531,22.2834903208631,"Bay",7.4,88.596736773879,28.1858916821706,6.18741946647777,4.55535491570861
"BA_FN8_20180716_1020_FN_blgMorphologyDOC.20180626_1","BA FN8 07-16 001.jpg",7.505711475,40.8084519961245,"Bay",7.4,137.685830708937,36.8016536384863,6.68199457801083,5.50758507940033
"BA_FN8_20180716_1020_FN_blgMorphologyDOC.20180626_2","BA FN8 07-16 002.jpg",5.83776523,33.3371603544753,"Bay",7.4,115.729081480542,34.351215711681,6.03788280670479,5.68928162592616
"BA_FN8_20180716_1020_FN_blgMorphologyDOC.20180626_3","BA FN8 07-16 003.jpg",7.620021151,37.056890202633,"Bay",7.4,147.291923514665,31.7329082316945,6.40012245939234,4.9581720401499
"BA_FN8_20180716_1020_FN_blgMorphologyDOC.20180626_4","BA FN8 07-16 004.jpg",6.25282267,33.589417505518,"Bay",7.4,117.772272756282,34.1494310810927,6.37020715414456,5.3608038568847
"BH_FN9_20180607_1540_FN_blgMorphologyDOC.20180626_1","BH FN 06-06 001.jpg",6.970806615,37.7437458449741,"Birch",10.9,134.986820547971,34.558911160741,6.31275261285972,5.47445991948758
"BH_FN1_20180628_1150_FN_blgMorphologyDOC.20180626_1","BH FN1 06-28 001.jpg",5.481178143,32.2401436195622,"Birch",10.9,103.000296823067,36.3281245533242,6.26891156948295,5.79496522652664
"BH_FN1_20180628_1150_FN_blgMorphologyDOC.20180626_4","BH FN1 06-28 004.jpg",5.077679743,25.0617355604116,"Birch",10.9,93.2384198275582,30.4818547953412,6.32863917877078,4.81649434172067
"BH_FN3_20180628_1305_FN_blgMorphologyDOC.20180626_8","BH FN3  06-28 008.jpg",4.871948665,31.0641788817925,"Birch",10.9,102.294684879763,35.1881819881356,5.60528709286474,6.27767702263252
"BH_FN3_20180628_1305_FN_blgMorphologyDOC.20180626_2","BH FN3 06-28 002.jpg",6.42179608,37.8664954196979,"Birch",10.9,131.5666054168,35.3608866874738,5.94583623644592,5.94716794766795
"BH_FN3_20180628_1305_FN_blgMorphologyDOC.20180626_3","BH FN3 06-28 003.jpg",5.582737456,34.0982224177449,"Birch",10.9,117.739526908723,34.6741174395416,5.68890777180524,6.09503947513262
"BH_FN3_20180628_1305_FN_blgMorphologyDOC.20180626_4","BH FN3 06-28 004.jpg",5.081645132,29.5872634925909,"Birch",10.9,107.027643894136,32.371900118566,5.6226910275093,5.7573677728662
"BH_FN4_20180628_1225_FN_blgMorphologyDOC.20180626_2","BH FN4 06-28 002.jpg",5.744985231,32.8336584010981,"Birch",10.9,113.998995207502,34.2257192700462,6.01968020092589,5.68563746372804
"BH_FN4_20180628_1225_FN_blgMorphologyDOC.20180626_3","BH FN4 06-28 003.jpg",6.829741347,37.2533578074514,"Birch",10.9,122.497429400988,36.7482423892491,6.72566566760587,5.46388182306575
"BH_FN4_20180628_1225_FN_blgMorphologyDOC.20180626_4","BH FN4 06-28 004.jpg",5.841960199,30.8778501701462,"Birch",10.9,110.995680783083,32.8532310504776,6.26399744500898,5.24477082548211
"BH_WholeShoreline_20180606_2300_BE_blgMorphologyDOC.20180626_1","BH shock 06-06 003.jpg",7.841423076,41.6108760918344,"Birch",10.9,141.387006339656,36.7691565150518,6.8228392462578,5.38912836547029
"BH_WholeShoreline_20180607_0005_BE_blgMorphologyDOC.20180626_5","BH shock 06-06 007.jpg",8.525814385,39.5383331484776,"Birch",10.9,144.712898486382,34.3199274770545,7.27093058850721,4.72015611472103
"CR_FN1_20180715_1100_FN_blgMorphologyDOC.20180626_2","CR FN1 07-15 002.jpg",6.380718888,34.1424193719484,"Crampton",5,124.827730333047,33.1959521698098,6.18210410003135,5.36968508337501
"CR_FN1_20180715_1100_FN_blgMorphologyDOC.20180626_8","CR FN1 07-15 008.jpg",4.722722642,27.5080603725526,"Crampton",5,102.729921772481,31.0586058448358,5.41372260013888,5.73701464571513
"CR_FN1_20180715_1100_FN_blgMorphologyDOC.20180626_9","CR FN1 07-15 009.jpg",5.656267164,28.1270431328997,"Crampton",5,107.226411933488,30.7304634778831,6.24847800749546,4.91807179940778
"CR_FN1_20180715_1100_FN_blgMorphologyDOC.20180626_11","CR FN1 07-15 011.jpg",3.987315756,18.0124679033718,"Crampton",5,79.4777496058488,24.7639968915853,5.70408950086333,4.34144606038127
"CR_FN7_20180715_1155_FN_blgMorphologyDOC.20180626_4","CR FN7 07-15 004.jpg",5.711150653,28.9443936557669,"Crampton",5,117.199394681372,29.5372818227469,5.84290730122102,5.05523711056897
"CR_FN9_20180715_1230_FN_blgMorphologyDOC.20180626_2","CR FN9 07-15 002.jpg",6.731711492,37.4014033068279,"Crampton",5,134.625515138142,34.3159614484235,6.11034818642886,5.61604026504406
"CR_FN9_20180715_1230_FN_blgMorphologyDOC.20180626_3","CR FN9 07-15 003.jpg",5.590825348,31.7836558660265,"Crampton",5,119.5567,31.9428159216722,5.62232680569494,5.68142283890663
"CR_FN9_20180715_1230_FN_blgMorphologyDOC.20180626_4","CR FN9 07-15 004.jpg",3.598035004,19.6761925036324,"Crampton",5,80.6129055435295,26.7585319095261,5.08457637976713,5.26268658604587
"FD_WholeShoreline_20180724_2145_BE_blgMorphologyDOC.20180626_3","FD shock 07-31 003.jpg",5.548600329,32.8207631820163,"Found",6.21,115.461007454118,33.8793492552634,5.75030467796916,5.89174855117913
"FD_WholeShoreline_20180724_2145_BE_blgMorphologyDOC.20180626_5","FD shock 07-31 005.jpg",4.967555609,30.8587275993357,"Found",6.21,117.113827405008,31.5084829653173,5.08536244615021,6.19591686904642
"FD_WholeShoreline_20180724_2145_BE_blgMorphologyDOC.20180626_7","FD shock 07-31 007.jpg",6.96049014,29.7714774470465,"Found",6.21,110.850488179935,31.7079125498379,7.47176991003387,4.24369499216742
"FD_WholeShoreline_20180724_2145_BE_blgMorphologyDOC.20180626_8","FD shock 07-31 008.jpg",4.223744893,23.5928553848406,"Found",6.21,117.905832390514,23.9653500406985,4.29882968982022,5.57485449992339
"FD_WholeShoreline_20180724_2145_BE_blgMorphologyDOC.20180626_9","FD shock 07-31 009.jpg",3.059482125,22.0117354620212,"Found",6.21,96.1554843961071,26.1467455198799,3.71316618785051,7.04163083393146
"FD_WholeShoreline_20180724_2145_BE_blgMorphologyDOC.20180626_11","FD shock 07-31 011.jpg",5.084215622,35.3762632967361,"Found",6.21,105.026995089072,39.2702842816673,5.71791366084016,6.86793935882851
"FD_WholeShoreline_20180724_2145_BE_blgMorphologyDOC.20180626_12","FD shock 07-31 012.jpg",6.525902373,37.6915925613392,"Found",6.21,69.8789473636373,57.1989323613577,10.4327095441982,5.48265358285251
"FD_WholeShoreline_20180724_2145_BE_blgMorphologyDOC.20180626_14","FD shock 07-31 014.jpg",4.519143645,24.2718830686867,"Found",6.21,104.05519217324,27.1364862110949,5.12335652195803,5.29662265251139
"FD_WholeShoreline_20180724_2145_BE_blgMorphologyDOC.20180626_15","FD shock 07-31 015.jpg",4.014258304,30.8362537912763,"Found",6.21,102.080792607522,34.9861486952457,4.62684690340406,7.56155313232986
"FD_WholeShoreline_20180724_2145_BE_blgMorphologyDOC.20180626_16","FD shock 07-31 016.jpg",6.207734652,29.4039281678486,"Found",6.21,68.2850387825913,45.4191017677639,10.1237029887494,4.48641192044442
"FD_WholeShoreline_20180724_2145_BE_blgMorphologyDOC.20180626_19","FD shock 07-31 019.jpg",4.883556,32.0425166006043,"Found",6.21,74.3267347287637,46.3772802225729,7.40219850944714,6.26533862384039
"FD_WholeShoreline_20180724_2145_BE_blgMorphologyDOC.20180626_22","FD shock 07-31 022.jpg",5.939643314,33.7415684616172,"Found",6.21,77.1012187431561,47.4821270053181,8.72260994878817,5.44356875798566
"FD_WholeShoreline_20180724_2145_BE_blgMorphologyDOC.20180626_24","FD shock 07-31 024.jpg",4.28961,22.4041608782833,"Found",6.21,82.8828423114217,29.8260166990321,5.91830370760329,5.03962252912339
"FD_WholeShoreline_20180724_2145_BE_blgMorphologyDOC.20180626_26","FD shock 07-31 026.jpg",3.386334709,21.8563493026626,"Found",6.21,83.3443516090923,28.9730111191558,4.64973006563049,6.23111679822367
"FD_WholeShoreline_20180724_2145_BE_blgMorphologyDOC.20180626_27","FD shock 07-31 027.jpg",3.541763395,23.0648931246169,"Found",6.21,79.0215830462159,31.850575997653,5.09193727708027,6.25509983027839
"FD_WholeShoreline_20180724_2145_BE_blgMorphologyDOC.20180626_29","FD shock 07-31 029.jpg",4.551194285,25.9303684485971,"Found",6.21,56.1119530411302,46.5668083310651,8.79295347554776,5.29592343011507
"HB_WholeShoreline_20180710_0850_AN_blgMorphologyDOC.20180626_1","HB AN 07-10 001.jpg",10.43169769,45.6062088669953,"Hummingbird",24.5,180.237789118292,33.4496107898804,7.36063259126525,4.54439348454568
"HB_WholeShoreline_20180710_0850_AN_blgMorphologyDOC.20180626_2","HB AN 07-10 002.jpg",10.18667146,46.4736541623316,"Hummingbird",24.5,178.387462944233,34.356819077965,7.25204998450078,4.73753202906668
"HB_WholeShoreline_20180710_0850_AN_blgMorphologyDOC.20180626_3","HB AN 07-10 003.jpg",10.24358902,46.4525265448501,"Hummingbird",24.5,170.937615732816,35.4839916729235,7.56610601843801,4.68986181087758
"HB_WholeShoreline_20180710_0850_AN_blgMorphologyDOC.20180626_4","HB AN 07-10 004.jpg",9.709083393,46.2076009266874,"Hummingbird",24.5,174.581648285551,34.7301472507929,7.04191858953407,4.93191547292381
"HB_WholeShoreline_20180710_0850_AN_blgMorphologyDOC.20180626_7","HB AN 07-10 007.jpg",8.950402036,37.4541250824258,"Hummingbird",24.5,159.0741235191,30.233906762175,7.03439568464141,4.29801053531668
"HB_WholeShoreline_20180710_0850_AN_blgMorphologyDOC.20180626_8","HB AN 07-10 008.jpg",8.251625442,43.7197001550788,"Hummingbird",24.5,164.551079356229,34.3866912172384,6.29845513238992,5.45954372849371
"HB_WholeShoreline_20180710_0850_AN_blgMorphologyDOC.20180626_9","HB AN 07-10 009.jpg",9.00872489,43.7481899590143,"Hummingbird",24.5,167.052683448815,34.0129952620958,6.7873728720559,5.01121654920856
"HB_WholeShoreline_20180710_0850_AN_blgMorphologyDOC.20180626_10","HB AN 07-10 010.jpg",8.183322526,41.3348565750506,"Hummingbird",24.5,152.834661586958,34.4069618029964,6.6575419277802,5.16811792944556
"HB_WholeShoreline_20180710_0850_AN_blgMorphologyDOC.20180626_11","HB AN 07-10 011.jpg",8.815202742,40.1624921637092,"Hummingbird",24.5,166.632389030014,31.2856356843448,6.65602636806467,4.70034731750042
"HB_WholeShoreline_20180724_1945_AN_blgMorphologyDOC.20180626_1","HB AN 07-24 001.jpg",8.757891157,43.4028742211849,"Hummingbird",24.5,161.727669470162,34.5939092738212,6.78550316894538,5.0982084028999
"HB_WholeShoreline_20180724_1945_AN_blgMorphologyDOC.20180626_2","HB AN 07-24 002.jpg",7.585866053,37.0259089795241,"Hummingbird",24.5,153.411653951876,30.7312204790873,6.15144055142967,4.99577622869899
"HB_WholeShoreline_20180724_1945_AN_blgMorphologyDOC.20180626_3","HB AN 07-24 003.jpg",7.094431737,37.9259205142077,"Hummingbird",24.5,137.554672202292,34.2271677973637,6.32104872880202,5.41479258677547
"HB_WholeShoreline_20180724_1945_AN_blgMorphologyDOC.20180626_4","HB AN 07-24 004.jpg",6.498985116,42.9363936643496,"Hummingbird",24.5,158.078554310254,34.8267141826355,5.13550685700783,6.78155343812101
"HB_WholeShoreline_20180724_1945_AN_blgMorphologyDOC.20180626_5","HB AN 07-24 005.jpg",8.505612823,41.1862998702238,"Hummingbird",24.5,150.976170918493,34.6066932362379,6.99320558447124,4.94861659910068
"HB_WholeShoreline_20180724_1945_AN_blgMorphologyDOC.20180626_6","HB AN 07-24 006.jpg",8.045653848,38.0932968309386,"Hummingbird",24.5,149.416892076699,32.2638193641697,6.67457837717296,4.83383631758852
"HB_WholeShoreline_20180724_1945_AN_blgMorphologyDOC.20180626_7","HB AN 07-24 007.jpg",8.101485907,40.6212721881036,"Hummingbird",24.5,154.573079080058,33.5207744087327,6.52693074884171,5.13576376073569
"HB_WholeShoreline_20180724_1945_AN_blgMorphologyDOC.20180626_8","HB AN 07-24 008.jpg",8.872757703,39.1735786775985,"Hummingbird",24.5,154.199137092689,32.3862742104001,7.16326360430553,4.5211618613245
"HB_WholeShoreline_20180724_1945_AN_blgMorphologyDOC.20180626_9","HB AN 07-24 009.jpg",9.8930487,39.5977835187779,"Hummingbird",24.5,156.338762131501,32.3926188628019,7.89253630209528,4.10420904294129
"HB_WholeShoreline_20180724_1945_AN_blgMorphologyDOC.20180626_10","HB AN 07-24 010.jpg",8.202459542,41.9670320761428,"Hummingbird",24.5,145.867154794662,36.2066709472806,6.9473636655665,5.21156984004353
"HB_WholeShoreline_20180724_1945_AN_blgMorphologyDOC.20180626_11","HB AN 07-24 011.jpg",6.46816954,40.1251684917335,"Hummingbird",24.5,152.991468080707,33.3737497423237,5.25752346272358,6.34780804668724
"HB_WholeShoreline_20180724_1945_AN_blgMorphologyDOC.20180626_12","HB AN 07-24 012.jpg",6.981809647,34.0396085983667,"Hummingbird",24.5,128.518521103536,32.3641703336967,6.59646895769103,4.90628706680448
"HB_WholeShoreline_20180724_1945_AN_blgMorphologyDOC.20180626_13","HB AN 07-24 013.jpg",5.708862455,38.4124783267104,"Hummingbird",24.5,143.646660458954,33.5324227571808,4.89977315216399,6.84366841398998
"HB_WholeShoreline_20180724_1945_AN_blgMorphologyDOC.20180626_14","HB AN 07-24 014.jpg",7.787571631,34.05675168333,"Hummingbird",24.5,130.263376769144,32.0471119824505,7.27260980724561,4.40654906998068
"HB_WholeShoreline_20180724_1945_AN_blgMorphologyDOC.20180626_15","HB AN 07-24 015.jpg",8.041525286,36.7968071886679,"Hummingbird",24.5,148.095174992739,31.3789574514022,6.72251436417791,4.66774122768862
"HB_FN3_20180708_1427_FN_blgMorphologyDOC.20180626_1","HB FN3 07-08 001.jpg",7.039506079,39.7295693675378,"Hummingbird",24.5,144.506794218992,34.5236616769834,6.01077675598956,5.74362733445085
"HB_FN9_20180708_1445_FN_blgMorphologyDOC.20180626_2","HB FN9 07-08 002.jpg",6.872966984,32.984665674219,"Hummingbird",24.5,123.417328761767,32.3511624424401,6.7246652994317,4.81082120848068
"LC_WholeShoreline_20180717_2205_BE_blgMorphologyDOC.20180626_1","LC shock 07-17 001.jpg",4.701001423,21.6852858125043,"Little_Crooked",NA,79.7599523829472,29.7324998407044,6.70451516668429,4.43469797614144
"LC_WholeShoreline_20180717_2205_BE_blgMorphologyDOC.20180626_4","LC shock 07-17 004.jpg",4.886787745,28.9542429348446,"Little_Crooked",NA,100.932218421127,33.137352561945,5.68781054577976,5.82602959350188
"LC_WholeShoreline_20180717_2205_BE_blgMorphologyDOC.20180626_6","LC shock 07-17 006.jpg",5.296506751,29.2177111391361,"Little_Crooked",NA,99.3435606674635,33.8484749129636,6.24969093783308,5.41602380816286
"LC_WholeShoreline_20180717_2205_BE_blgMorphologyDOC.20180626_8","LC shock 07-17 008.jpg",6.169733141,36.5945402859498,"Little_Crooked",NA,113.963478147738,38.155175200876,6.46647637185873,5.90045845785851
"LC_WholeShoreline_20180717_2205_BE_blgMorphologyDOC.20180626_12","LC shock 07-17 012.jpg",5.418444996,28.5757607611766,"Little_Crooked",NA,60.0097598752903,48.739806953327,9.87889226959877,4.93373200387239
"LC_WholeShoreline_20180717_2205_BE_blgMorphologyDOC.20180626_13","LC shock 07-17 013.jpg",6.686758804,29.9294643602254,"Little_Crooked",NA,91.4421043310466,36.9498386330186,8.47526711724018,4.35972555459121
"LC_WholeShoreline_20180717_2205_BE_blgMorphologyDOC.20180626_17","LC shock 07-17 017.jpg",5.276425624,28.9129339424418,"Little_Crooked",NA,88.0782908547276,36.7364054623714,6.90760916508081,5.31825188490403
"LC_WholeShoreline_20180717_2205_BE_blgMorphologyDOC.20180626_19","LC shock 07-17 019.jpg",6.640928051,32.1586754767668,"Little_Crooked",NA,64.9747298524588,51.6050521188188,11.3048105593968,4.56487544374845
"LC_WholeShoreline_20180717_2205_BE_blgMorphologyDOC.20180626_21","LC shock 07-17 021.jpg",4.521672713,23.0854532314183,"Little_Crooked",NA,106.575418106663,25.3403697417411,5.02141737383419,5.04645757466523
"LC_WholeShoreline_20180717_2205_BE_blgMorphologyDOC.20180626_26","LC shock 07-17 026.jpg",5.365438017,28.2624332280503,"Little_Crooked",NA,96.7407756762887,33.4156929352461,6.47778821085856,5.15850346561689
"LC_WholeShoreline_20180718_0013_BE_blgMorphologyDOC.20180626_1","LC shock 07-17 029.jpg",5.882449885,31.3579674362035,"Little_Crooked",NA,64.9942427192594,50.3085618148134,10.0110628318223,5.02529678016773
"LC_WholeShoreline_20180718_0040_BE_blgMorphologyDOC.20180626_1","LC shock 07-18 001.jpg",5.793675615,28.6970643315653,"Little_Crooked",NA,104.64717453663,31.9445650690299,6.53620940641525,4.88732277115792
"LT_FN8_20180606_1700_FN_blgMorphologyDOC.20180626_1","LT FN 06-05 001.jpg",8.588859861,41.6367519171465,"Lost",4.02,148.795948227934,35.3778908132271,7.15087430137427,4.94735179535013
"LT_FN8_20180606_1700_FN_blgMorphologyDOC.20180626_3","LT FN 06-05 003.jpg",6.876134615,39.4677993308469,"Lost",4.02,129.387733185376,37.3315838808849,6.45893689839014,5.77983412257668
"LT_FN8_20180606_1700_FN_blgMorphologyDOC.20180626_4","LT FN 06-05 004.jpg",7.412069331,34.8590542671484,"Lost",4.02,118.508389205153,35.2711842422255,7.51071234035218,4.69611704508066
"LT_FN8_20180606_1700_FN_blgMorphologyDOC.20180626_5","LT FN 06-05 005.jpg",6.796500955,37.8437432235502,"Lost",4.02,137.831086911843,34.1004329014461,6.04511211351268,5.64099263357269
"LT_FN8_20180606_1700_FN_blgMorphologyDOC.20180626_7","LT FN 06-05 007.jpg",6.998165071,32.1144945235014,"Lost",4.02,124.1404515691,31.3568129535632,6.81272042530754,4.60268600441618
"LT_FN8_20180606_1700_FN_blgMorphologyDOC.20180626_8","LT FN 06-05 008.jpg",7.787571631,33.3857009206037,"Lost",4.02,126.066757784636,32.2151126133342,7.48111198719002,4.30619307243314
"LT_FN8_20180606_1700_FN_blgMorphologyDOC.20180626_9","LT FN 06-05 009.jpg",6.634448735,32.6963852407265,"Lost",4.02,105.031728802015,36.2941649594651,7.46107798818329,4.86446663832586
"LT_FN8_20180606_1700_FN_blgMorphologyDOC.20180626_11","LT FN 06-05 011.jpg",7.920379824,40.0929424225761,"Lost",4.02,136.526582771744,36.3917536146853,7.10280461923336,5.12357520241254
"LT_FN8_20180606_1700_FN_blgMorphologyDOC.20180626_12","LT FN 06-05 012.jpg",5.687078659,26.290978250533,"Lost",4.02,88.8050991883349,33.1949825355888,7.39258753131823,4.49030632305135
"LT_FN8_20180606_1700_FN_blgMorphologyDOC.20180626_13","LT FN 06-05 013.jpg",6.717463097,35.4185221600224,"Lost",4.02,125.393174056844,34.3174527621651,6.48302552401989,5.29343169096242
"LT_FN8_20180606_1700_FN_blgMorphologyDOC.20180626_15","LT FN 06-05 015.jpg",7.688301,35.957480171586,"Lost",4.02,117.431224749979,36.6384201256211,7.85226524333109,4.66596822575982
"LT_WholeShoreline_20180725_2200_BE_blgMorphologyDOC.20180626_1","LT shock 07-25 001.jpg",6.176082964,33.7231583397819,"Lost",4.02,116.134900447023,34.6557373576384,6.36852613957114,5.4417202030943
"LT_WholeShoreline_20180725_2200_BE_blgMorphologyDOC.20180626_2","LT shock 07-25 002.jpg",3.665044391,21.8443018402969,"Lost",4.02,74.5809592250596,31.5339860729531,5.53890328694952,5.69318228524622
"LT_WholeShoreline_20180725_2200_BE_blgMorphologyDOC.20180626_3","LT shock 07-25 003.jpg",4.978612029,26.0903309174108,"Lost",4.02,84.2548261682973,34.2984606534073,6.77225261266763,5.06455718873383
"LT_WholeShoreline_20180725_2200_BE_blgMorphologyDOC.20180626_4","LT shock 07-25 004.jpg",2.20191629,22.2578272490825,"Lost",4.02,78.5519106294048,30.8770169717798,3.18199170564242,9.70367613373335
"LT_WholeShoreline_20180725_2200_BE_blgMorphologyDOC.20180626_5","LT shock 07-25 005.jpg",5.47789954,28.6121285850948,"Lost",4.02,95.0869940751626,34.2797441496287,6.71273452167906,5.10667359761075
"LT_WholeShoreline_20180725_2200_BE_blgMorphologyDOC.20180626_12","LT shock 07-25 012.jpg",4.19100871,25.5845153673076,"Lost",4.02,87.5992941280351,32.6436756690116,5.51252706461582,5.92172614961784
"LT_WholeShoreline_20180725_2200_BE_blgMorphologyDOC.20180626_14","LT shock 07-25 014.jpg",3.017376741,20.8731212237174,"Lost",4.02,76.6858198940326,29.4952922077525,4.45185272796482,6.62539711218983
"MC_FN7_20180629_1442_FN_blgMorphologyDOC.20180626_11","MC FN7  06-29 011.jpg",5.845034597,38.1779565555832,"McCullough",14.3,133.803280983166,35.1935158583604,5.3336452719473,6.5983982930892
"MC_FN7_20180629_1442_FN_blgMorphologyDOC.20180626_1","MC FN7 06-29 001.jpg",8.648047248,40.6287432236096,"McCullough",14.3,150.017599369307,34.3054749407504,7.1495128702572,4.79829543121254
"MC_FN7_20180629_1442_FN_blgMorphologyDOC.20180626_3","MC FN7 06-29 003.jpg",7.544849013,39.988425275947,"McCullough",14.3,142.443336448744,35.1342307042495,6.52274604850999,5.3864170769419
"MC_FN7_20180629_1442_FN_blgMorphologyDOC.20180626_5","MC FN7 06-29 005.jpg",8.028516608,36.8729173818671,"McCullough",14.3,137.126975237405,33.3564770481727,7.17256076346101,4.65056737031769
"MC_FN7_20180629_1442_FN_blgMorphologyDOC.20180626_6","MC FN7 06-29 006.jpg",6.932197737,35.3487714779453,"McCullough",14.3,122.940008549739,34.7731116030341,6.80534268975087,5.109678261376
"MC_FN7_20180629_1442_FN_blgMorphologyDOC.20180626_7","MC FN7 06-29 007.jpg",7.237784955,42.4165013438166,"McCullough",14.3,137.721308964045,38.2442538570279,6.44203893864836,5.93666915416877
"MC_FN7_20180629_1442_FN_blgMorphologyDOC.20180626_9","MC FN7 06-29 009.jpg",7.46782692,43.4930821910795,"McCullough",14.3,148.384002021276,37.0338808025394,6.23242637253683,5.94212888991823
"MC_FN7_20180629_1442_FN_blgMorphologyDOC.20180626_10","MC FN7 06-29 010.jpg",7.924571501,39.2539679804475,"McCullough",14.3,130.18602753464,36.954488020234,7.4043456313242,4.99091882797819
"MC_FN7_20180629_1442_FN_blgMorphologyDOC.20180626_14","MC FN7 06-29 014.jpg",6.867895735,37.3231098811447,"McCullough",14.3,132.993114414995,34.566216427694,6.29995509111638,5.48674013191556
"MC_FN8_20180629_1429_FN_blgMorphologyDOC.20180626_2","MC FN8 06-29 002.jpg",6.533489325,35.839089999608,"McCullough",14.3,122.445561452917,35.3646419321836,6.43628055270034,5.49457744152348
"MC_FN8_20180629_1429_FN_blgMorphologyDOC.20180626_3","MC FN8 06-29 003.jpg",6.338173154,35.3314071190209,"McCullough",14.3,121.848235974839,34.994757385789,6.27028229278512,5.58104974413283
"MC_FN8_20180629_1429_FN_blgMorphologyDOC.20180626_4","MC FN8 06-29 004.jpg",5.82619013,33.1674961570813,"McCullough",14.3,115.683012370875,34.1868343930378,6.02798224931408,5.67135618173525
"MC_FN8_20180629_1429_FN_blgMorphologyDOC.20180626_5","MC FN8 06-29 005.jpg",5.842798832,30.0595682026539,"McCullough",14.3,105.293553462546,33.3035140803563,6.55668539705191,5.07932164860779
"MC_FN8_20180629_1429_FN_blgMorphologyDOC.20180626_6","MC FN8 06-29 006.jpg",7.115502949,38.9474996112716,"McCullough",14.3,134.854549587769,35.6879298845269,6.44924460422457,5.53366046329667
"MC_FN8_20180629_1429_FN_blgMorphologyDOC.20180626_7","MC FN8 06-29 007.jpg",7.457614003,41.2339078314195,"McCullough",14.3,142.159925833548,36.2839355550068,6.45842204137192,5.61808059655688
"MC_FN8_20180629_1429_FN_blgMorphologyDOC.20180626_8","MC FN8 06-29 008.jpg",7.297113282,32.2978425553473,"McCullough",14.3,129.264742763756,30.5720076510867,6.86000238733144,4.45655933116654
"MC_FN8_20180629_1429_FN_blgMorphologyDOC.20180626_15","MC FN8 06-29 015.jpg",4.394675191,20.8975248871726,"McCullough",14.3,77.7304840130306,29.2247497248176,6.408638095428,4.5602122150831
"MS_WholeShoreline_20180726_0030_BE_blgMorphologyDOC.20180626_1","MK shock 07-26 001.jpg",5.798465835,36.6148010472541,"Muskellunge",NA,114.410414922288,38.0618061453974,6.05685441901093,6.284087995566
"MS_WholeShoreline_20180726_0030_BE_blgMorphologyDOC.20180626_5","MK shock 07-26 005.jpg",5.198467646,25.4831435305772,"Muskellunge",NA,85.7243792707769,33.0586684282716,6.96655609744824,4.74533872488022
"MS_WholeShoreline_20180726_0030_BE_blgMorphologyDOC.20180626_15","MK shock 07-26 015.jpg",6.543147851,32.3055190903969,"Muskellunge",NA,113.587547234237,33.7687550391416,6.87743799327697,4.91007771675326
"MS_WholeShoreline_20180731_2150_BE_blgMorphologyDOC.20180626_11","MK shock 07-31  011.jpg",4.049096276,23.1828113743782,"Muskellunge",NA,76.3345043322481,32.8746924713756,5.99778201596779,5.48114159265106
"MS_WholeShoreline_20180731_2150_BE_blgMorphologyDOC.20180626_1","MK shock 07-31 001.jpg",6.553041373,32.3926033712945,"Muskellunge",NA,115.633591188806,33.3990766830061,6.7825094230265,4.92429491798667
"MS_WholeShoreline_20180731_2150_BE_blgMorphologyDOC.20180626_3","MK shock 07-31 003.jpg",4.883778948,27.2689263692211,"Muskellunge",NA,86.8805541005581,35.013506154206,6.46958813930605,5.41201470638928
"MS_WholeShoreline_20180731_2150_BE_blgMorphologyDOC.20180626_5","MK shock 07-31 005.jpg",5.325719889,29.3811253188165,"Muskellunge",NA,96.1184849425437,34.9108194678726,6.46575227995011,5.39934379733799
"MS_WholeShoreline_20180731_2150_BE_blgMorphologyDOC.20180626_6","MK shock 07-31 006.jpg",5.322447808,35.0502445243967,"Muskellunge",NA,120.094455109052,35.1046582827739,5.33174303740398,6.58408667418945
"MS_WholeShoreline_20180731_2150_BE_blgMorphologyDOC.20180626_7","MK shock 07-31 007.jpg",4.704127127,26.5484528394782,"Muskellunge",NA,92.2310196284309,32.5604111321092,5.91829286146691,5.50165594948926
"MS_WholeShoreline_20180731_2150_BE_blgMorphologyDOC.20180626_9","MK shock 07-31 009.jpg",5.151126572,29.2084405910346,"Muskellunge",NA,94.1025651359728,35.2747599677325,6.36925868348687,5.53828345191677
"MS_WholeShoreline_20180731_2150_BE_blgMorphologyDOC.20180626_13","MK shock 07-31 013.jpg",5.183785642,34.9118121765399,"Muskellunge",NA,118.90480804547,35.2341571206807,5.23765403468662,6.72708752570154
"MS_WholeShoreline_20180731_2150_BE_blgMorphologyDOC.20180626_14","MK shock 07-31 014.jpg",2.685761216,24.6051007476092,"Muskellunge",NA,85.386956378126,32.0163547780203,3.6115085908148,8.86509168480116
"OB_FN4_20180608_1320_FN_blgMorphologyDOC.20180626_1","OB FN 06-07 001.jpg",5.507336703,35.1299750506601,"Oxbow",11.12,128.267198647706,33.4510780447497,5.21217443582938,6.41787385602471
"OB_FN4_20180608_1320_FN_blgMorphologyDOC.20180626_2","OB FN 06-07 002.jpg",5.891604879,33.2967637616631,"Oxbow",11.12,121.448688610293,33.0627277231591,5.84504494824898,5.65653951610138
"OB_FN4_20180608_1320_FN_blgMorphologyDOC.20180626_4","OB FN 06-07 004.jpg",8.164140652,41.1550499332706,"Oxbow",11.12,154.634203554873,33.9509470800866,6.57516403015885,5.16351332443738
"OB_FN7_20180608_1420_FN_blgMorphologyDOC.20180626_1","OB FN 06-07 005.jpg",5.022160744,26.1591442805379,"Oxbow",11.12,97.8715720998698,30.65430618538,6.00282557695043,5.10664616061575
"OB_FN7_20180608_1420_FN_blgMorphologyDOC.20180626_2","OB FN 06-07 006.jpg",5.928634451,32.7926193165474,"Oxbow",11.12,116.72459489949,33.5687417620244,6.08669900909475,5.51509803784712
"OB_FN7_20180608_1420_FN_blgMorphologyDOC.20180626_3","OB FN 06-07 007.jpg",6.626155825,36.4977372193127,"Oxbow",11.12,128.854715456828,34.6318102987354,6.24634269441631,5.54433401960051
"OB_FN7_20180608_1420_FN_blgMorphologyDOC.20180626_4","OB FN 06-07 008.jpg",8.706769773,33.7004760969337,"Oxbow",11.12,124.471379106564,32.838221775306,8.4565935697849,3.88315005378002
"OB_FN7_20180608_1420_FN_blgMorphologyDOC.20180626_7","OB FN 06-07 011.jpg",5.082502107,27.1565605158312,"Oxbow",11.12,102.871702217568,30.6293031335235,5.81921106932571,5.26348035302879
"OB_FN7_20180608_1420_FN_blgMorphologyDOC.20180626_8","OB FN 06-07 012.jpg",8.227443157,41.289435083687,"Oxbow",11.12,157.039204665905,33.6607912266521,6.53846113370976,5.14812132982029
"OB_FN7_20180608_1420_FN_blgMorphologyDOC.20180626_10","OB FN 06-07 014.jpg",5.165479845,34.689540061667,"Oxbow",11.12,119.478712054533,34.8807131673085,5.19751132582025,6.71104130048312
"OB_FN7_20180608_1420_FN_blgMorphologyDOC.20180626_11","OB FN 06-07 015.jpg",5.283643015,27.4566055165237,"Oxbow",11.12,95.795235691813,32.7085387850522,6.43334793310339,5.08421728859828
"OB_WholeShoreline_20180710_2310_BE_blgMorphologyDOC.20180626_1","OB shock 07-11 001.jpg",7.026811674,30.6075755728872,"Oxbow",11.12,116.667576216359,31.3437333580116,7.21719821076941,4.34292261936785
"OB_WholeShoreline_20180711_0045_BE_blgMorphologyDOC.20180626_2","OB shock 07-11 002.jpg",4.612503795,29.4685358423183,"Oxbow",11.12,103.723500285808,33.0272748879878,5.2436300190231,6.29855172240792
"OB_WholeShoreline_20180711_0045_BE_blgMorphologyDOC.20180626_3","OB shock 07-11 003.jpg",5.78944566,30.2516312791558,"Oxbow",11.12,111.697127502994,32.0317257482978,6.17402488489307,5.18814328505133
"OB_WholeShoreline_20180711_0045_BE_blgMorphologyDOC.20180626_5","OB shock 07-11 005.jpg",6.971821805,28.9228759712792,"Oxbow",11.12,128.043783999224,27.577490461031,6.60810766239511,4.17328104654934
"OB_WholeShoreline_20180711_0045_BE_blgMorphologyDOC.20180626_6","OB shock 07-11 006.jpg",6.348557629,30.059607391315,"Oxbow",11.12,111.670584818205,31.8342078397701,6.77166635157315,4.70108924258719
"OB_WholeShoreline_20180711_0135_BE_blgMorphologyDOC.20180626_8","OB shock 07-11 008.jpg",5.553307852,28.1120108626189,"Oxbow",11.12,100.855119471249,32.1923126765648,6.46784879382522,4.97728281887146
"OB_WholeShoreline_20180711_0135_BE_blgMorphologyDOC.20180626_10","OB shock 07-11 010.jpg",7.364543059,34.1617594681539,"Oxbow",11.12,126.749798916764,32.8275581719272,7.04180989968402,4.66180692742078
"OB_WholeShoreline_20180711_0135_BE_blgMorphologyDOC.20180626_12","OB shock 07-11 012.jpg",5.708576366,32.3080449563263,"Oxbow",11.12,116.041656570259,33.2219612256208,5.8905348927847,5.63988870795321
"OB_WholeShoreline_20180711_0135_BE_blgMorphologyDOC.20180626_14","OB shock 07-11 014.jpg",7.325408317,34.2922983834563,"Oxbow",11.12,131.022846269267,32.1251280601918,6.80676586626282,4.71958764138156
"PS_FN3_20180614_1445_FN_blgMorphologyDOC.20180626_1","PS FN 06-14 001.jpg",6.195444877,24.2679721410752,"Papoose",6.485,118.823229804151,24.5049437262579,6.26353562736798,3.91231808743702
"PS_FN3_20180614_1445_FN_blgMorphologyDOC.20180626_2","PS FN 06-14 002.jpg",6.294475062,27.7741921419868,"Papoose",6.485,101.364101793978,31.682834877187,7.29928845965503,4.34053744447912
"PS_FN3_20180614_1445_FN_blgMorphologyDOC.20180626_3","PS FN 06-14 003.jpg",5.474022295,25.7419342701748,"Papoose",6.485,102.314400144359,29.1550575692717,6.29693887231374,4.63003661945331
"PS_FN4_20180614_1520_FN_blgMorphologyDOC.20180626_2","PS FN 06-14 005.jpg",4.614391844,25.7021384145366,"Papoose",6.485,94.6844593339372,30.8937404476709,5.67531808460243,5.44352580545008
"PS_FN4_20180614_1520_FN_blgMorphologyDOC.20180626_4","PS FN 06-14 007.jpg",7.513613256,34.5837060519835,"Papoose",6.485,127.027680414349,33.1772231740258,7.17077955084815,4.62672474293281
"PS_FN4_20180614_1520_FN_blgMorphologyDOC.20180626_5","PS FN 06-14 008.jpg",5.825816357,25.9141929934158,"Papoose",6.485,106.984884138134,28.361830389261,6.44831842813657,4.39832968941283
"PS_FN4_20180614_1520_FN_blgMorphologyDOC.20180626_7","PS FN 06-14 010.jpg",5.637081393,28.1528841353777,"Papoose",6.485,106.081434728797,31.013140481839,6.28525783081636,4.93426702875782
"PS_FN4_20180614_1520_FN_blgMorphologyDOC.20180626_9","PS FN 06-14 012.jpg",4.397523449,30.729856180106,"Papoose",6.485,113.591210838911,32.1209295383536,4.6220647246091,6.94947636006332
"PS_FN4_20180614_1520_FN_blgMorphologyDOC.20180626_10","PS FN 06-14 013.jpg",5.620349089,28.2138912016758,"Papoose",6.485,122.847473986403,27.7704652853565,5.5210872939797,5.02989063687473
"PS_FN4_20180614_1520_FN_blgMorphologyDOC.20180626_11","PS FN 06-14 014.jpg",6.531489226,33.7618225959441,"Papoose",6.485,127.62020606585,32.2733059862489,6.20847886569695,5.1982630019996
"PS_FN4_20180614_1520_FN_blgMorphologyDOC.20180626_15","PS FN 06-14 018.jpg",5.359041947,28.7256572243352,"Papoose",6.485,109.20715087255,30.9467375309827,5.82733307131419,5.31061759337596
"PS_FN4_20180614_1520_FN_blgMorphologyDOC.20180626_16","PS FN 06-14 019.jpg",5.084215622,29.7387062358133,"Papoose",6.485,108.321635868233,32.2389078408468,5.56748070378914,5.7905737902074
"PS_FN4_20180614_1520_FN_blgMorphologyDOC.20180626_21","PS FN 06-14 024.jpg",5.077358089,27.022465421386,"Papoose",6.485,100.721058296118,30.976227526424,5.9203111391103,5.23219587595512
"PS_FN4_20180614_1520_FN_blgMorphologyDOC.20180626_24","PS FN 06-14 027.jpg",5.54595059,24.1397732021243,"Papoose",6.485,98.1149957054476,28.2340562147065,6.61469609676783,4.26838297658189
"RS_FN4_20180720_1323_FN_blgMorphologyDOC.20180626_2","RS FN4 002.jpg",6.602863776,37.9916526854255,"Red_Bass",NA,143.018188711821,33.2768402300835,5.68856130657954,5.84978141865054
"RS_FN4_20180720_1323_FN_blgMorphologyDOC.20180626_1","RS FN4 07-19 001.jpg",8.35528087,44.8081454609539,"Red_Bass",NA,151.591524660846,37.5326050093352,6.84552762246826,5.48279213513746
"RS_FN4_20180720_1323_FN_blgMorphologyDOC.20180626_7","RS FN4 07-19 007.jpg",7.130177572,41.6315350629784,"Red_Bass",NA,138.181262100619,37.440582557192,6.32802412081424,5.91663082225648
"RS_FN4_20180720_1323_FN_blgMorphologyDOC.20180626_8","RS FN4 07-19 008.jpg",6.82719014,38.7825443607043,"Red_Bass",NA,150.895591815699,32.6002960414106,5.61581528968919,5.80508694815261
"RS_FN4_20180720_1323_FN_blgMorphologyDOC.20180626_9","RS FN4 07-19 009.jpg",6.940674037,40.2147094512692,"Red_Bass",NA,150.535929639837,33.8661229779316,5.72093543720449,5.91968277734666
"RS_FN4_20180720_1323_FN_blgMorphologyDOC.20180626_10","RS FN4 07-19 010.jpg",6.716247347,38.9316947821438,"Red_Bass",NA,142.709709111188,34.1567717361563,5.79703914314467,5.89210645171313
"RS_FN4_20180720_1323_FN_blgMorphologyDOC.20180626_11","RS FN4 07-19 011.jpg",7.371636146,42.2282600248933,"Red_Bass",NA,138.828364932567,37.8413224507234,6.51598747814659,5.80745782241542
"RS_FN4_20180720_1323_FN_blgMorphologyDOC.20180626_12","RS FN4 07-19 012.jpg",6.987655264,42.9694064940395,"Red_Bass",NA,149.471691428745,36.3834909157794,5.79504087100202,6.27838383294929
"RS_FN4_20180720_1323_FN_blgMorphologyDOC.20180626_13","RS FN4 07-19 013.jpg",6.001917566,35.3091352726175,"Red_Bass",NA,126.597290046549,33.9614848832352,5.74486524073283,5.91162428710043
"RS_FN4_20180721_0940_FN_blgMorphologyDOC.20180626_2","RS FN4(2) 07-20 002.jpg",7.169087113,39.5734224994503,"Red_Bass",NA,142.792595655552,34.7043257542968,6.18480118904123,5.61122737716921
"RS_FN5_20180721_0930_FN_blgMorphologyDOC.20180626_2","RS FN5 07-21 002.jpg",5.757007309,35.911340754976,"Red_Bass",NA,124.295817146355,35.0304413728747,5.59840476240132,6.25721841481307
"RS_FN8_20180720_1312_FN_blgMorphologyDOC.20180626_1","RS FN8 07-20 001.jpg",6.536405039,41.8336267283868,"Red_Bass",NA,133.874735576247,38.5476197112587,5.96177881932376,6.46579165035698
"RS_FN8_20180720_1312_FN_blgMorphologyDOC.20180626_2","RS FN8 07-20 002.jpg",7.107924509,39.8373434080386,"Red_Bass",NA,137.985662914558,35.8659738056229,6.31599248343593,5.67859665756152
"SQ_FN3_20180613_1420_FN_blgMorphologyDOC.20180626_1","SQ FN3 06-13 001.jpg",9.66744527,43.9592577941211,"Squaw",21.57,176.660474278091,32.7415027003466,6.94044112512793,4.71749592137677
"SQ_FN3_20180613_1420_FN_blgMorphologyDOC.20180626_2","SQ FN3 06-13 002.jpg",9.359638457,43.8652447064872,"Squaw",21.57,180.155263223393,32.1840195105852,6.6067961005294,4.87135050346208
"SQ_FN9_20180620_1315_FN_blgMorphologyDOC.20180626_3","SQ FN9 06-20 003.jpg",5.211123766,28.1955987079544,"Squaw",21.57,114.52506621369,29.2873604344467,5.43863542160696,5.38505675855601
"SQ_FN9_20180620_1315_FN_blgMorphologyDOC.20180626_4","SQ FN9 06-20 004.jpg",5.61734555,30.3970782419956,"Squaw",21.57,117.066429627669,31.0467558665958,5.75257198239435,5.39702170813574
"SQ_FN9_20180620_1315_FN_blgMorphologyDOC.20180626_5","SQ FN9 06-20 005.jpg",6.235036145,31.6154252541382,"Squaw",21.57,111.668446097364,33.4823671297697,6.65068901215121,5.0344208049114
"SQ_FN9_20180620_1315_FN_blgMorphologyDOC.20180626_8","SQ FN9 06-20 008.jpg",6.347785815,32.4983916500494,"Squaw",21.57,123.508231534663,31.8562238200033,6.20687030044374,5.13241332233507
"SQ_FN9_20180620_1315_FN_blgMorphologyDOC.20180626_11","SQ FN9 06-20 011.jpg",6.995675286,35.0837557037441,"Squaw",21.57,128.768412911319,33.3072379065935,6.59849613241928,5.04770136076169
"SQ_FN9_20180620_1315_FN_blgMorphologyDOC.20180626_12","SQ FN9 06-20 012.jpg",6.135845163,33.3810238524824,"Squaw",21.57,116.98318774294,34.1130930232984,6.28741268406647,5.42561698069345
"SQ_FN9_20180620_1315_FN_blgMorphologyDOC.20180626_14","SQ FN9 06-20 014.jpg",7.090056414,30.4463148234725,"Squaw",21.57,122.619634064044,30.0105238179791,6.97600717882603,4.3019628633796
"SQ_FN9_20180620_1315_FN_blgMorphologyDOC.20180626_17","SQ FN9 06-20 017.jpg",6.216060303,30.6215238342248,"Squaw",21.57,111.943876579382,32.3685264614072,6.61636413307031,4.892192420248
"SQ_FN9_20180620_1315_FN_blgMorphologyDOC.20180626_20","SQ FN9 06-20 020.jpg",5.95355865,30.5980788143635,"Squaw",21.57,112.160549709869,32.2957856395278,6.32638958104715,5.10493152939566
"SQ_FN9_20180620_1315_FN_blgMorphologyDOC.20180626_21","SQ FN9 06-20 021.jpg",4.989534842,28.1479111100629,"Squaw",21.57,94.4381102104971,33.9012437554847,6.15052809537094,5.51192405429377
"SQ_FN9_20180620_1315_FN_blgMorphologyDOC.20180626_22","SQ FN9 06-20 022.jpg",4.905356705,25.9255775345507,"Squaw",21.57,102.948772316381,29.224104004967,5.61275896014924,5.20672706817788
"SQ_FN9_20180620_1315_FN_blgMorphologyDOC.20180626_24","SQ FN9 06-20 024.jpg",5.164847454,26.6112987704471,"Squaw",21.57,103.494165663771,29.8756892203936,5.88277951353868,5.07849888843147
"TO_FN1_20180605_1510_FN_blgMorphologyDOC.20180626_1","TO FN1 06-05 001.jpg",9.242071162,43.1823811507656,"Towanda",5.2925,156.141066119903,35.3592844239289,7.38125295962558,4.79041764553244
"TO_FN1_20180605_1510_FN_blgMorphologyDOC.20180626_3","TO FN1 06-05 003.jpg",9.002437933,44.2597345704874,"Towanda",5.2925,156.45291211176,36.1860137089175,7.17749610627201,5.04159294176371
"TO_FN1_20180605_1510_FN_blgMorphologyDOC.20180626_4","TO FN1 06-05 004.jpg",6.08729815,34.317988254704,"Towanda",5.2925,115.952157476651,35.3096610061981,6.28551300969872,5.6176259522038
"TO_FN1_20180605_1510_FN_blgMorphologyDOC.20180626_6","TO FN1 06-05 006.jpg",9.346076245,44.3567412970114,"Towanda",5.2925,167.271041556212,34.4515752382706,7.03360572032826,4.89813853777729
"TO_FN1_20180605_1510_FN_blgMorphologyDOC.20180626_7","TO FN1 06-05 007.jpg",8.027770681,45.0187845728869,"Towanda",5.2925,152.266143357281,37.5807695399692,6.55203577702749,5.73573936695119
"TO_FN1_20180605_1510_FN_blgMorphologyDOC.20180626_8","TO FN1 06-05 008.jpg",6.656076453,36.8731681531436,"Towanda",5.2925,137.581095563489,33.2721813706224,5.92949656886686,5.61129954022064
"TO_FN1_20180605_1510_FN_blgMorphologyDOC.20180626_10","TO FN1 06-05 010.jpg",5.182630294,28.2887110805706,"Towanda",5.2925,106.878997277903,30.984160842652,5.74131166418449,5.39670421237323
"TO_FN1_20180605_1510_FN_blgMorphologyDOC.20180626_12","TO FN1 06-05 012.jpg",3.92996902,21.294279466561,"Towanda",5.2925,81.69643358703,28.6638485374559,5.490013008808,5.22108936562964
"TO_FN1_20180605_1510_FN_blgMorphologyDOC.20180626_13","TO FN1 06-05 013.jpg",8.290393647,47.0596286433499,"Towanda",5.2925,163.961815199759,37.1156696716001,6.34767275393292,5.84713029647028
"TO_FN1_20180605_1510_FN_blgMorphologyDOC.20180626_14","TO FN1 06-05 014.jpg",7.059276107,34.5199092734903,"Towanda",5.2925,136.195300807113,31.3916655460987,6.34387712237776,4.94834072926254
"TO_WholeShoreline_20180718_2200_BE_blgMorphologyDOC.20180626_2","TO shock 07-18 002.jpg",5.601429058,27.9203910354064,"Towanda",5.2925,109.142494738576,30.0928807722271,6.09401521721364,4.93810397572102
"TO_WholeShoreline_20180718_2200_BE_blgMorphologyDOC.20180626_6","TO shock 07-18 006.jpg",4.534416957,24.7234199616477,"Towanda",5.2925,92.12104351846,30.3498700130602,5.71065756548368,5.31460163125533
"TO_WholeShoreline_20180718_2200_BE_blgMorphologyDOC.20180626_8","TO shock 07-18 008.jpg",6.039262347,33.4360055233875,"Towanda",5.2925,112.238347764033,35.2723989307405,6.41362050154962,5.49960804856137
"TO_WholeShoreline_20180718_2200_BE_blgMorphologyDOC.20180626_10","TO shock 07-18 010.jpg",3.281999128,22.633846651641,"Towanda",5.2925,81.9494786563039,30.3947975274407,4.57260176083367,6.6471560650187
"TO_WholeShoreline_20180718_2200_BE_blgMorphologyDOC.20180626_12","TO shock 07-18 012.jpg",4.34571868,28.7521885483523,"Towanda",5.2925,103.449682813675,32.2898511508796,4.95162605948019,6.52106010490408
"TO_WholeShoreline_20180718_2200_BE_blgMorphologyDOC.20180626_13","TO shock 07-18 013.jpg",4.67510551,22.0874871332164,"Towanda",5.2925,86.3166348075503,28.5025741772859,6.22806567783696,4.57647296153514
