imageID,fishID,lakeID,basin,DOC,DOCbin,PecFinLengths,baseWidth,fishStdLength,finLengthSS,finBaseSS,lakeSlope,bylake_finlengthSS,bylake_finwidthSS,ss_ratio,fitted_PL,fitted_PW,fitted_PR
C:\Users\Chelsea\Documents\MCGILL\Pectoral Fin Photos\BA AN 07-13 001,BA AN 07-13 001.jpg,Bay,4,7.4,low,39.21761123,8.161539641,158.8182549,32.79170796,6.742583315,0.96212,30.13447425,14.72297483,4.86337453,32.59052,1.832801,1.642896
C:\Users\Chelsea\Documents\MCGILL\Pectoral Fin Photos\BA AN 07-13 002,BA AN 07-13 002.jpg,Bay,4,7.4,low,38.1207759,7.055650605,153.4727033,32.59513492,5.969941133,0.96212,30.2726362,18.08605426,5.459875431,32.59052,1.832801,1.642896
C:\Users\Chelsea\Documents\MCGILL\Pectoral Fin Photos\BA AN 07-13 003,BA AN 07-13 003.jpg,Bay,4,7.4,low,32.05218248,5.45529333,120.8254323,32.04348969,5.454491809,0.96212,32.03938721,17.55003105,5.874697554,32.59052,1.832801,1.642896
C:\Users\Chelsea\Documents\MCGILL\Pectoral Fin Photos\BA AN 07-13 005,BA AN 07-13 005.jpg,Bay,4,7.4,low,37.19580147,7.061666376,140.6415123,33.67192055,6.350481769,0.96212,32.12652316,15.76707369,5.302262375,32.59052,1.832801,1.642896
C:\Users\Chelsea\Documents\MCGILL\Pectoral Fin Photos\BA AN 07-13 006,BA AN 07-13 006.jpg,Bay,4,7.4,low,39.76542385,7.698490745,146.0291524,35.12439896,6.743874756,0.96212,33.12590985,15.01798735,5.208340936,32.59052,1.832801,1.642896
C:\Users\Chelsea\Documents\MCGILL\Pectoral Fin Photos\BA AN 07-13 007,BA AN 07-13 007.jpg,Bay,4,7.4,low,42.90936021,8.017999415,155.9910458,36.30137778,6.70756934,0.96212,33.54592553,16.40397033,5.412001865,32.59052,1.832801,1.642896
C:\Users\Chelsea\Documents\MCGILL\Pectoral Fin Photos\BA AN 07-13 008,BA AN 07-13 008.jpg,Bay,4,7.4,low,37.72112783,7.125594999,127.3856055,36.42997979,6.866411807,0.96212,35.8359619,12.80442987,5.30553378,32.59052,1.832801,1.642896
C:\Users\Chelsea\Documents\MCGILL\Pectoral Fin Photos\BA AN 07-13 011,BA AN 07-13 011.jpg,Bay,4,7.4,low,43.06361343,8.423482019,166.9481724,34.8507503,6.72066686,0.96212,31.53791558,14.39265903,5.185608962,32.59052,1.832801,1.642896
C:\Users\Chelsea\Documents\MCGILL\Pectoral Fin Photos\BA AN 07-13 012,BA AN 07-13 012.jpg,Bay,4,7.4,low,39.16564595,7.971695507,147.8509024,34.31542096,6.923031124,0.96212,32.23940663,14.00746243,4.956704707,32.59052,1.832801,1.642896
C:\Users\Chelsea\Documents\MCGILL\Pectoral Fin Photos\BA AN 07-13 014,BA AN 07-13 014.jpg,Bay,4,7.4,low,37.70519125,7.81248835,140.1188611,34.21621278,7.043969665,0.96212,32.68335521,16.97067174,4.857518474,32.59052,1.832801,1.642896
C:\Users\Chelsea\Documents\MCGILL\Pectoral Fin Photos\BA AN 07-13 015,BA AN 07-13 015.jpg,Bay,4,7.4,low,40.78670797,7.28763229,148.3734517,35.65342309,6.313388923,0.96212,33.46002181,13.12373739,5.647271778,32.59052,1.832801,1.642896
C:\Users\Chelsea\Documents\MCGILL\Pectoral Fin Photos\BA FN4 07-15 002,BA FN4 07-15 002.jpg,Bay,4,7.4,low,30.43090967,6.673719726,117.244117,31.02686582,6.814360792,0.96212,31.31221841,12.59235081,4.553158656,32.59052,1.832801,1.642896
C:\Users\Chelsea\Documents\MCGILL\Pectoral Fin Photos\BA FN4 07-15 003,BA FN4 07-15 003.jpg,Bay,4,7.4,low,33.3976752,5.864561182,124.3380773,32.76905227,5.747573672,0.96212,32.47644534,17.45726609,5.701371421,32.59052,1.832801,1.642896
C:\Users\Chelsea\Documents\MCGILL\Pectoral Fin Photos\BA FN5 07-26 001,BA FN5 07-26 001.jpg,Bay,4,7.4,low,24.65072461,5.415631054,84.48873549,31.13542045,6.950662809,0.96212,34.76408572,19.58612893,4.479489411,32.59052,1.832801,1.642896
C:\Users\Chelsea\Documents\MCGILL\Pectoral Fin Photos\BA FN5 07-26 002,BA FN5 07-26 002.jpg,Bay,4,7.4,low,24.14011899,5.437701367,99.01898862,27.48644796,6.247216685,0.96212,29.22345299,14.64007793,4.399791034,32.59052,1.832801,1.642896
C:\Users\Chelsea\Documents\MCGILL\Pectoral Fin Photos\BA FN5 07-26 008,BA FN5 07-26 008.jpg,Bay,4,7.4,low,22.28343382,4.750307531,89.867477,27.0326277,5.839690995,0.96212,29.61384673,16.86521207,4.629119541,32.59052,1.832801,1.642896
C:\Users\Chelsea\Documents\MCGILL\Pectoral Fin Photos\BA FN8 07-16 001,BA FN8 07-16 001.jpg,Bay,4,7.4,low,40.80841859,7.505711475,139.6616098,37.11148862,6.782828081,0.96212,35.48469148,15.65381251,5.471388656,32.59052,1.832801,1.642896
C:\Users\Chelsea\Documents\MCGILL\Pectoral Fin Photos\BA FN8 07-16 002,BA FN8 07-16 002.jpg,Bay,4,7.4,low,33.33711258,5.83776523,117.2519365,33.98850196,5.96051203,0.96212,34.30038681,13.25181223,5.702278897,32.59052,1.832801,1.642896
C:\Users\Chelsea\Documents\MCGILL\Pectoral Fin Photos\BA FN8 07-16 003,BA FN8 07-16 003.jpg,Bay,4,7.4,low,37.05682099,7.620021151,149.4543979,32.23964631,6.567980048,0.96212,30.18857709,14.46848932,4.908609051,32.59052,1.832801,1.642896
C:\Users\Chelsea\Documents\MCGILL\Pectoral Fin Photos\BA FN8 07-16 004,BA FN8 07-16 004.jpg,Bay,4,7.4,low,33.58939011,6.25282267,119.4621652,33.83025244,6.301617316,0.96212,33.94454697,15.34273502,5.368503155,32.59052,1.832801,1.642896
C:\Users\Chelsea\Documents\MCGILL\Pectoral Fin Photos\BH FN 06-06 001,BH FN 06-06 001.jpg,Birch,7,10.9,high,37.74375082,6.970806615,136.9240269,34.77145833,6.387088736,0.94822,33.50931946,15.57838472,5.444023054,33.48454,1.825786,1.701335
C:\Users\Chelsea\Documents\MCGILL\Pectoral Fin Photos\BH FN1 06-28 001,BH FN1 06-28 001.jpg,Birch,7,10.9,high,32.24011225,5.481178143,104.4777353,35.44405988,6.065659955,0.94822,36.99058013,19.06563985,5.843397115,33.48454,1.825786,1.701335
C:\Users\Chelsea\Documents\MCGILL\Pectoral Fin Photos\BH FN1 06-28 004,BH FN1 06-28 004.jpg,Birch,7,10.9,high,25.06175913,5.077679743,94.57598275,29.40505365,6.023556436,0.94822,31.6016617,14.6068806,4.881676459,33.48454,1.825786,1.701335
C:\Users\Chelsea\Documents\MCGILL\Pectoral Fin Photos\BH FN3  06-28 008,BH FN3  06-28 008.jpg,Birch,7,10.9,high,31.06418266,4.871948665,103.6027272,34.33951514,5.423208913,0.94822,35.92675242,13.44655696,6.331955064,33.48454,1.825786,1.701335
C:\Users\Chelsea\Documents\MCGILL\Pectoral Fin Photos\BH FN3 06-28 002,BH FN3 06-28 002.jpg,Birch,7,10.9,high,37.86654118,6.42179608,133.4540728,35.47477893,5.990424679,0.94822,34.44663356,14.84792372,5.921913859,33.48454,1.825786,1.701335
C:\Users\Chelsea\Documents\MCGILL\Pectoral Fin Photos\BH FN3 06-28 003,BH FN3 06-28 003.jpg,Birch,7,10.9,high,34.09822872,5.582737456,119.4291849,34.34893808,5.62738745,0.94822,34.46255157,14.86840535,6.103887174,33.48454,1.825786,1.701335
C:\Users\Chelsea\Documents\MCGILL\Pectoral Fin Photos\BH FN3 06-28 004,BH FN3 06-28 004.jpg,Birch,7,10.9,high,29.58728956,5.081645132,108.5629284,31.72229338,5.47496481,0.94822,32.73441023,15.24262835,5.794063429,33.48454,1.825786,1.701335
C:\Users\Chelsea\Documents\MCGILL\Pectoral Fin Photos\BH FN4 06-28 002,BH FN4 06-28 002.jpg,Birch,7,10.9,high,32.8336731,5.744985231,115.7234563,33.76355201,5.919751853,0.94822,34.19127777,17.18071332,5.703541779,33.48454,1.825786,1.701335
C:\Users\Chelsea\Documents\MCGILL\Pectoral Fin Photos\BH FN4 06-28 003,BH FN4 06-28 003.jpg,Birch,7,10.9,high,37.25327689,6.829741347,124.1472765,36.58878963,6.700679003,0.94822,36.29314881,14.78357757,5.460459994,33.48454,1.825786,1.701335
C:\Users\Chelsea\Documents\MCGILL\Pectoral Fin Photos\BH FN4 06-28 004,BH FN4 06-28 004.jpg,Birch,7,10.9,high,30.87785846,5.841960199,112.4844431,32.34700013,6.140147092,0.94822,33.03190151,17.36449915,5.268114858,33.48454,1.825786,1.701335
C:\Users\Chelsea\Documents\MCGILL\Pectoral Fin Photos\BH shock 06-06 003,BH shock 06-06 003.jpg,Birch,7,10.9,high,41.61090476,7.841423076,140.5547633,37.68393655,7.054746292,0.94822,36.03714124,20.30751902,5.341643057,33.48454,1.825786,1.701335
C:\Users\Chelsea\Documents\MCGILL\Pectoral Fin Photos\BH shock 06-06 007,BH shock 06-06 007.jpg,Birch,7,10.9,high,39.53833771,8.525814385,151.2067722,34.13749443,7.289166426,0.94822,31.95057368,16.29964875,4.683319386,33.48454,1.825786,1.701335
C:\Users\Chelsea\Documents\MCGILL\Pectoral Fin Photos\CR FN1 07-15 002,CR FN1 07-15 002.jpg,Crampton,4,5,low,34.86327856,6.380718888,126.6190925,33.80303337,6.174586691,1.30529,32.77798683,13.18254554,5.47454187,31.70447,1.772536,1.663664
C:\Users\Chelsea\Documents\MCGILL\Pectoral Fin Photos\CR FN1 07-15 008,CR FN1 07-15 008.jpg,Crampton,4,5,low,27.50806141,4.722722642,104.2034697,30.29374956,5.235924787,1.30529,33.35214583,16.5798388,5.785749565,31.70447,1.772536,1.663664
C:\Users\Chelsea\Documents\MCGILL\Pectoral Fin Photos\CR FN1 07-15 009,CR FN1 07-15 009.jpg,Crampton,4,5,low,29.13506173,5.656267164,108.7649133,31.19950532,6.08616104,1.30529,33.40355428,15.68046662,5.126302954,31.70447,1.772536,1.663664
C:\Users\Chelsea\Documents\MCGILL\Pectoral Fin Photos\CR FN1 07-15 011,CR FN1 07-15 011.jpg,Crampton,4,5,low,18.01243336,3.987315756,80.6178325,23.45901298,5.287792797,1.30529,30.52896918,17.29860875,4.436447092,31.70447,1.772536,1.663664
C:\Users\Chelsea\Documents\MCGILL\Pectoral Fin Photos\CR FN7 07-15 004,CR FN7 07-15 004.jpg,Crampton,4,5,low,28.94446359,5.711150653,118.8811732,29.24505823,5.775337985,1.30529,29.54788342,10.94152919,5.063782987,31.70447,1.772536,1.663664
C:\Users\Chelsea\Documents\MCGILL\Pectoral Fin Photos\CR FN9 07-15 002,CR FN9 07-15 002.jpg,Crampton,4,5,low,37.40142631,6.731711492,136.5573549,34.51653354,6.179570309,1.30529,31.86162703,11.51607713,5.585587964,31.70447,1.772536,1.663664
C:\Users\Chelsea\Documents\MCGILL\Pectoral Fin Photos\CR FN9 07-15 003,CR FN9 07-15 003.jpg,Crampton,4,5,low,31.78366549,5.590825348,121.271608,31.69858778,5.575640559,1.30529,31.61398517,14.48027883,5.685192121,31.70447,1.772536,1.663664
C:\Users\Chelsea\Documents\MCGILL\Pectoral Fin Photos\CR FN9 07-15 004,CR FN9 07-15 004.jpg,Crampton,4,5,low,19.67620268,3.598035004,81.76952555,25.38938789,4.72453698,1.30529,32.73708334,13.71942461,5.373942039,31.70447,1.772536,1.663664
C:\Users\Chelsea\Documents\MCGILL\Pectoral Fin Photos\FD shock 07-31 003,FD shock 07-31 003.jpg,Found,7,6.21,low,32.82078747,5.548600329,117.1170947,33.48726386,5.669819075,0.02092,32.84191273,17.79079568,5.906231472,33.91736,1.801288,1.745079
C:\Users\Chelsea\Documents\MCGILL\Pectoral Fin Photos\FD shock 07-31 005,FD shock 07-31 005.jpg,Found,7,6.21,low,30.85868784,4.967555609,118.794628,31.19400668,5.025939887,0.02092,30.86936448,12.12361886,6.206601626,33.91736,1.801288,1.745079
C:\Users\Chelsea\Documents\MCGILL\Pectoral Fin Photos\FD shock 07-31 007,FD shock 07-31 007.jpg,Found,7,6.21,low,29.77148725,6.96049014,112.4412879,31.1958118,7.317729073,0.02092,29.81605254,14.32510658,4.263045473,33.91736,1.801288,1.745079
C:\Users\Chelsea\Documents\MCGILL\Pectoral Fin Photos\FD shock 07-31 008,FD shock 07-31 008.jpg,Found,7,6.21,low,23.592855,4.223744893,119.5972185,23.74449292,4.253349657,0.02092,23.5976935,9.54242731,5.582539606,33.91736,1.801288,1.745079
C:\Users\Chelsea\Documents\MCGILL\Pectoral Fin Photos\FD shock 07-31 009,FD shock 07-31 009.jpg,Found,7,6.21,low,22.01174446,3.059482125,97.53464306,25.31168258,3.552202608,0.02092,22.11038173,10.78186668,7.125630313,33.91736,1.801288,1.745079
C:\Users\Chelsea\Documents\MCGILL\Pectoral Fin Photos\FD shock 07-31 011,FD shock 07-31 011.jpg,Found,7,6.21,low,35.37624667,5.084215622,106.5335496,38.39966999,5.550360291,0.02092,35.46922673,18.13290053,6.918410333,33.91736,1.801288,1.745079
C:\Users\Chelsea\Documents\MCGILL\Pectoral Fin Photos\FD shock 07-31 012,FD shock 07-31 012.jpg,Found,7,6.21,low,37.69160231,6.525902373,71.55364,53.06864213,9.405683137,0.02092,38.10664259,17.30270281,5.642189021,33.91736,1.801288,1.745079
C:\Users\Chelsea\Documents\MCGILL\Pectoral Fin Photos\FD shock 07-31 014,FD shock 07-31 014.jpg,Found,7,6.21,low,24.27188983,4.519143645,105.5486236,26.50671042,4.965568407,0.02092,24.34041321,11.37310145,5.338101954,33.91736,1.801288,1.745079
C:\Users\Chelsea\Documents\MCGILL\Pectoral Fin Photos\FD shock 07-31 015,FD shock 07-31 015.jpg,Found,7,6.21,low,30.83625704,4.014258304,103.5451285,34.09994979,4.470205864,0.02092,30.93571277,13.95386906,7.628272797,33.91736,1.801288,1.745079
C:\Users\Chelsea\Documents\MCGILL\Pectoral Fin Photos\FD shock 07-31 016,FD shock 07-31 016.jpg,Found,7,6.21,low,29.40395608,6.207734652,69.26463927,42.28906272,9.152479912,0.02092,29.74796389,14.77364724,4.6205032,33.91736,1.801288,1.745079
C:\Users\Chelsea\Documents\MCGILL\Pectoral Fin Photos\FD shock 07-31 019,FD shock 07-31 019.jpg,Found,7,6.21,low,32.0424487,4.883556,75.39309686,43.59959679,6.786431151,0.02092,32.35988007,16.13385582,6.42452503,33.91736,1.801288,1.745079
C:\Users\Chelsea\Documents\MCGILL\Pectoral Fin Photos\FD shock 07-31 022,FD shock 07-31 022.jpg,Found,7,6.21,low,33.74154214,5.939643314,78.20776085,44.82471516,8.045530566,0.02092,34.04968695,17.26640414,5.571380879,33.91736,1.801288,1.745079
C:\Users\Chelsea\Documents\MCGILL\Pectoral Fin Photos\FD shock 07-31 024,FD shock 07-31 024.jpg,Found,7,6.21,low,22.40408825,4.28961,84.07218505,28.38933722,5.524502818,0.02092,22.57452029,9.294351413,5.138804008,33.91736,1.801288,1.745079
C:\Users\Chelsea\Documents\MCGILL\Pectoral Fin Photos\FD shock 07-31 026,FD shock 07-31 026.jpg,Found,7,6.21,low,21.85637192,3.386334709,84.54019275,27.59499313,4.344326576,0.02092,22.02007997,11.09478481,6.351961034,33.91736,1.801288,1.745079
C:\Users\Chelsea\Documents\MCGILL\Pectoral Fin Photos\FD shock 07-31 027,FD shock 07-31 027.jpg,Found,7,6.21,low,23.06480859,3.541763395,80.15561567,30.15222371,4.715810718,0.02092,23.26347235,10.91075711,6.393857921,33.91736,1.801288,1.745079
C:\Users\Chelsea\Documents\MCGILL\Pectoral Fin Photos\FD shock 07-31 029,FD shock 07-31 029.jpg,Found,7,6.21,low,25.15306574,4.551194285,56.917351,41.12856711,7.69568547,0.02092,25.55207594,13.9643517,5.344366953,33.91736,1.801288,1.745079
C:\Users\Chelsea\Documents\MCGILL\Pectoral Fin Photos\HB AN 07-10 001,HB AN 07-10 001.jpg,Hummingbird,4,24.5,high,45.60616346,10.43169769,166.9119846,36.91362864,8.324179247,-0.00158,45.62948261,19.73923115,4.4345067,34.71678,1.898827,1.618025
C:\Users\Chelsea\Documents\MCGILL\Pectoral Fin Photos\HB AN 07-10 002,HB AN 07-10 002.jpg,Hummingbird,4,24.5,high,46.4736711,10.18667146,158.4864242,38.91107109,8.42792296,-0.00158,46.49362861,19.09872367,4.616922968,34.71678,1.898827,1.618025
C:\Users\Chelsea\Documents\MCGILL\Pectoral Fin Photos\HB AN 07-10 003,HB AN 07-10 003.jpg,Hummingbird,4,24.5,high,46.45252219,10.24358902,169.4491761,37.22975317,8.088450312,-0.00158,46.47738194,16.92158279,4.602828939,34.71678,1.898827,1.618025
C:\Users\Chelsea\Documents\MCGILL\Pectoral Fin Photos\HB AN 07-10 004,HB AN 07-10 004.jpg,Hummingbird,4,24.5,high,46.20764205,9.709083393,147.9597391,40.46587812,8.42753857,-0.00158,46.22246568,21.46186111,4.801624791,34.71678,1.898827,1.618025
C:\Users\Chelsea\Documents\MCGILL\Pectoral Fin Photos\HB AN 07-10 007,HB AN 07-10 007.jpg,Hummingbird,4,24.5,high,37.45416781,8.950402036,169.0233946,30.06735041,7.079757521,-0.00158,37.47406299,18.27183356,4.246946357,34.71678,1.898827,1.618025
C:\Users\Chelsea\Documents\MCGILL\Pectoral Fin Photos\HB AN 07-10 008,HB AN 07-10 008.jpg,Hummingbird,4,24.5,high,43.71963039,8.251625442,130.3625402,41.59044219,7.824301226,-0.00158,43.72490733,18.10045991,5.315547163,34.71678,1.898827,1.618025
C:\Users\Chelsea\Documents\MCGILL\Pectoral Fin Photos\HB AN 07-10 009,HB AN 07-10 009.jpg,Hummingbird,4,24.5,high,43.7482235,9.00872489,162.2328122,36.07404152,7.332789779,-0.00158,43.76862626,19.29813439,4.919552122,34.71678,1.898827,1.618025
C:\Users\Chelsea\Documents\MCGILL\Pectoral Fin Photos\HB AN 07-10 010,HB AN 07-10 010.jpg,Hummingbird,4,24.5,high,41.33490346,8.183322526,145.7081088,36.56326342,7.179608298,-0.00158,41.34716208,19.5303135,5.092654349,34.71678,1.898827,1.618025
C:\Users\Chelsea\Documents\MCGILL\Pectoral Fin Photos\HB AN 07-10 011,HB AN 07-10 011.jpg,Hummingbird,4,24.5,high,40.16244599,8.815202742,132.1324384,37.87122208,8.280383083,-0.00158,40.16814943,22.13999948,4.573607489,34.71678,1.898827,1.618025
C:\Users\Chelsea\Documents\MCGILL\Pectoral Fin Photos\HB AN 07-24 001,HB AN 07-24 001.jpg,Hummingbird,4,24.5,high,43.40290972,8.757891157,164.048183,35.52994685,7.073465006,-0.00158,43.4239149,20.14343064,5.022990404,34.71678,1.898827,1.618025
C:\Users\Chelsea\Documents\MCGILL\Pectoral Fin Photos\HB AN 07-24 002,HB AN 07-24 002.jpg,Hummingbird,4,24.5,high,37.02594237,7.585866053,182.823384,28.23730572,5.680541451,-0.00158,37.05020417,18.34341204,4.970882787,34.71678,1.898827,1.618025
C:\Users\Chelsea\Documents\MCGILL\Pectoral Fin Photos\HB AN 07-24 003,HB AN 07-24 003.jpg,Hummingbird,4,24.5,high,37.92588538,7.094431737,155.6124614,32.13634929,5.945020583,-0.00158,37.94107509,17.58936572,5.405590921,34.71678,1.898827,1.618025
C:\Users\Chelsea\Documents\MCGILL\Pectoral Fin Photos\HB AN 07-24 004,HB AN 07-24 004.jpg,Hummingbird,4,24.5,high,42.93640086,6.498985116,181.2004314,32.93622681,4.897034028,-0.00158,42.96393027,22.36811357,6.72575004,34.71678,1.898827,1.618025
C:\Users\Chelsea\Documents\MCGILL\Pectoral Fin Photos\HB AN 07-24 005,HB AN 07-24 005.jpg,Hummingbird,4,24.5,high,41.18634995,8.505612823,139.5281437,37.47859548,7.69155911,-0.00158,41.19574351,20.97265572,4.872691602,34.71678,1.898827,1.618025
C:\Users\Chelsea\Documents\MCGILL\Pectoral Fin Photos\HB AN 07-24 006,HB AN 07-24 006.jpg,Hummingbird,4,24.5,high,38.09324656,8.045653848,173.390175,30.07479279,6.251798521,-0.00158,38.11501728,15.9709415,4.810582537,34.71678,1.898827,1.618025
C:\Users\Chelsea\Documents\MCGILL\Pectoral Fin Photos\HB AN 07-24 007,HB AN 07-24 007.jpg,Hummingbird,4,24.5,high,40.62129052,8.101485907,160.3463459,33.75267019,6.648385169,-0.00158,40.63948395,17.87145012,5.076822316,34.71678,1.898827,1.618025
C:\Users\Chelsea\Documents\MCGILL\Pectoral Fin Photos\HB AN 07-24 008,HB AN 07-24 008.jpg,Hummingbird,4,24.5,high,39.17356812,8.872757703,177.0867273,30.50421283,6.793717844,-0.00158,39.19726269,15.48157408,4.490061779,34.71678,1.898827,1.618025
C:\Users\Chelsea\Documents\MCGILL\Pectoral Fin Photos\HB AN 07-24 009,HB AN 07-24 009.jpg,Hummingbird,4,24.5,high,39.5977886,9.8930487,153.1423089,33.9057786,8.383327338,-0.00158,39.61264644,16.52975864,4.044429763,34.71678,1.898827,1.618025
C:\Users\Chelsea\Documents\MCGILL\Pectoral Fin Photos\HB AN 07-24 010,HB AN 07-24 010.jpg,Hummingbird,4,24.5,high,41.96702142,8.202459542,172.046365,33.30207565,6.408350501,-0.00158,41.99048985,18.57479392,5.196668885,34.71678,1.898827,1.618025
C:\Users\Chelsea\Documents\MCGILL\Pectoral Fin Photos\HB AN 07-24 011,HB AN 07-24 011.jpg,Hummingbird,4,24.5,high,40.12522033,6.46816954,151.5603489,34.59136385,5.520969764,-0.00158,40.13961753,17.43244914,6.265450696,34.71678,1.898827,1.618025
C:\Users\Chelsea\Documents\MCGILL\Pectoral Fin Photos\HB AN 07-24 012,HB AN 07-24 012.jpg,Hummingbird,4,24.5,high,34.03960028,6.981809647,171.7168091,27.0453032,5.461996065,-0.00158,34.05853243,17.9799135,4.951542051,34.71678,1.898827,1.618025
C:\Users\Chelsea\Documents\MCGILL\Pectoral Fin Photos\HB AN 07-24 013,HB AN 07-24 013.jpg,Hummingbird,4,24.5,high,38.41239147,5.708862455,156.7905674,32.38853129,4.758816814,-0.00158,38.42823397,16.46259956,6.806005055,34.71678,1.898827,1.618025
C:\Users\Chelsea\Documents\MCGILL\Pectoral Fin Photos\HB AN 07-24 014,HB AN 07-24 014.jpg,Hummingbird,4,24.5,high,34.05675663,7.787571631,161.3562171,28.18224449,6.362830489,-0.00158,34.07234793,14.99091335,4.429199323,34.71678,1.898827,1.618025
C:\Users\Chelsea\Documents\MCGILL\Pectoral Fin Photos\HB AN 07-24 015,HB AN 07-24 015.jpg,Hummingbird,4,24.5,high,36.79675956,8.041525286,156.1939976,31.10366576,6.721147749,-0.00158,36.811714,17.36601725,4.627731293,34.71678,1.898827,1.618025
C:\Users\Chelsea\Documents\MCGILL\Pectoral Fin Photos\HB FN3 07-08 001,HB FN3 07-08 001.jpg,Hummingbird,4,24.5,high,39.72966237,7.039506079,155.971214,33.61414226,5.889519724,-0.00158,39.74571913,15.22277637,5.707450494,34.71678,1.898827,1.618025
C:\Users\Chelsea\Documents\MCGILL\Pectoral Fin Photos\HB FN9 07-08 002,HB FN9 07-08 002.jpg,Hummingbird,4,24.5,high,32.98467332,6.872966984,133.266722,30.92965097,6.417578955,-0.00158,32.98980299,15.87536316,4.819520132,34.71678,1.898827,1.618025
C:\Users\Chelsea\Documents\MCGILL\Pectoral Fin Photos\LC shock 07-17 001,LC shock 07-17 001.jpg,Little_Crooked,7,4.07,low,21.68525585,4.701001423,80.90418387,28.177045,6.218839635,-0.01456,21.55911884,8.585907366,4.530916803,34.25642,1.855048,1.653639
C:\Users\Chelsea\Documents\MCGILL\Pectoral Fin Photos\LC shock 07-17 004,LC shock 07-17 004.jpg,Little_Crooked,7,4.07,low,28.95431754,4.886787745,102.0650888,32.3215376,5.496799528,-0.01456,28.88344449,11.85098619,5.880064834,34.25642,1.855048,1.653639
C:\Users\Chelsea\Documents\MCGILL\Pectoral Fin Photos\LC shock 07-17 006,LC shock 07-17 006.jpg,Little_Crooked,7,4.07,low,29.21770228,5.296506751,100.7690124,32.88912766,6.011045326,-0.01456,29.14076168,12.40606282,5.471448954,34.25642,1.855048,1.653639
C:\Users\Chelsea\Documents\MCGILL\Pectoral Fin Photos\LC shock 07-17 008,LC shock 07-17 008.jpg,Little_Crooked,7,4.07,low,36.59455073,6.169733141,115.5990045,37.65741524,6.362197438,-0.01456,36.57121843,10.68034326,5.918932194,34.25642,1.855048,1.653639
C:\Users\Chelsea\Documents\MCGILL\Pectoral Fin Photos\LC shock 07-17 012,LC shock 07-17 012.jpg,Little_Crooked,7,4.07,low,28.57566872,5.418444996,60.8711235,44.71834993,8.742553316,-0.01456,28.29201175,10.81911522,5.115021701,34.25642,1.855048,1.653639
C:\Users\Chelsea\Documents\MCGILL\Pectoral Fin Photos\LC shock 07-17 013,LC shock 07-17 013.jpg,Little_Crooked,7,4.07,low,29.92944315,6.686758804,92.75375058,35.56571707,8.040832317,-0.01456,29.81462708,14.01533024,4.423138758,34.25642,1.855048,1.653639
C:\Users\Chelsea\Documents\MCGILL\Pectoral Fin Photos\LC shock 07-17 017,LC shock 07-17 017.jpg,Little_Crooked,7,4.07,low,28.91290458,5.276425624,89.34201543,35.20971091,6.513068273,-0.01456,28.78627653,11.37535976,5.4060098,34.25642,1.855048,1.653639
C:\Users\Chelsea\Documents\MCGILL\Pectoral Fin Photos\LC shock 07-17 019,LC shock 07-17 019.jpg,Little_Crooked,7,4.07,low,32.15865342,6.640928051,65.90670552,47.77779537,10.13674758,-0.01456,31.8762973,14.52475905,4.713325944,34.25642,1.855048,1.653639
C:\Users\Chelsea\Documents\MCGILL\Pectoral Fin Photos\LC shock 07-17 021,LC shock 07-17 021.jpg,Little_Crooked,7,4.07,low,23.08547564,4.521672713,108.1047527,24.81982575,4.886053101,-0.01456,23.04825263,10.54870419,5.079729024,34.25642,1.855048,1.653639
C:\Users\Chelsea\Documents\MCGILL\Pectoral Fin Photos\LC shock 07-17 026,LC shock 07-17 026.jpg,Little_Crooked,7,4.07,low,28.26242651,5.365438017,98.32794403,32.32783339,6.194401983,-0.01456,28.17793877,11.93852383,5.218878832,34.25642,1.855048,1.653639
C:\Users\Chelsea\Documents\MCGILL\Pectoral Fin Photos\LC shock 07-17 029,LC shock 07-17 029.jpg,Little_Crooked,7,4.07,low,31.3580024,5.882449885,65.92641865,46.57917046,8.977128385,-0.01456,31.08281142,11.62660421,5.18864925,34.25642,1.855048,1.653639
C:\Users\Chelsea\Documents\MCGILL\Pectoral Fin Photos\LC shock 07-18 001,LC shock 07-18 001.jpg,Little_Crooked,7,4.07,low,28.69707184,5.793675615,106.148379,31.22349075,6.340877543,-0.01456,28.64318329,13.08826928,4.924159241,34.25642,1.855048,1.653639
C:\Users\Chelsea\Documents\MCGILL\Pectoral Fin Photos\LT FN 06-05 001,LT FN 06-05 001.jpg,Lost,7,4.02,low,41.63673593,8.588859861,150.8776709,36.00048851,7.354243527,0.83764,34.5558366,19.62930084,4.895199401,34.1233,1.825715,1.685116
C:\Users\Chelsea\Documents\MCGILL\Pectoral Fin Photos\LT FN 06-05 003,LT FN 06-05 003.jpg,Lost,7,4.02,low,39.46784674,6.876134615,131.0951498,37.40845343,6.494588315,0.83764,36.84820441,13.55407062,5.759942219,34.1233,1.825715,1.685116
C:\Users\Chelsea\Documents\MCGILL\Pectoral Fin Photos\LT FN 06-05 004,LT FN 06-05 004.jpg,Lost,7,4.02,low,34.85910903,7.412069331,120.2314759,34.96208319,7.436515794,0.83764,34.99113359,17.8124164,4.701406433,34.1233,1.825715,1.685116
C:\Users\Chelsea\Documents\MCGILL\Pectoral Fin Photos\LT FN 06-05 005,LT FN 06-05 005.jpg,Lost,7,4.02,low,37.84370388,6.796500955,139.8671425,34.38229155,6.13562124,0.83764,33.46605275,18.69839389,5.60371806,34.1233,1.825715,1.685116
C:\Users\Chelsea\Documents\MCGILL\Pectoral Fin Photos\LT FN 06-05 007,LT FN 06-05 007.jpg,Lost,7,4.02,low,32.11449023,6.998165071,126.1248927,31.2175305,6.790596687,0.83764,30.96951463,14.60577585,4.597170461,34.1233,1.825715,1.685116
C:\Users\Chelsea\Documents\MCGILL\Pectoral Fin Photos\LT FN 06-05 008,LT FN 06-05 008.jpg,Lost,7,4.02,low,33.38569213,7.787571631,127.8753653,32.16217435,7.484236922,0.83764,31.82581782,18.1119638,4.297321783,34.1233,1.825715,1.685116
C:\Users\Chelsea\Documents\MCGILL\Pectoral Fin Photos\LT FN 06-05 009,LT FN 06-05 009.jpg,Lost,7,4.02,low,32.69641411,6.634448735,106.427765,35.51385872,7.247750144,0.83764,36.35013099,17.11306181,4.899983859,34.1233,1.825715,1.685116
C:\Users\Chelsea\Documents\MCGILL\Pectoral Fin Photos\LT FN 06-05 011,LT FN 06-05 011.jpg,Lost,7,4.02,low,40.09299803,7.920379824,138.6532208,36.63397727,7.193853928,0.83764,35.71498529,14.17563698,5.092399378,34.1233,1.825715,1.685116
C:\Users\Chelsea\Documents\MCGILL\Pectoral Fin Photos\LT FN 06-05 012,LT FN 06-05 012.jpg,Lost,7,4.02,low,26.29099002,5.687078659,90.08918627,31.84297693,6.979277005,0.83764,33.60803234,17.51101044,4.562503667,34.1233,1.825715,1.685116
C:\Users\Chelsea\Documents\MCGILL\Pectoral Fin Photos\LT FN 06-05 013,LT FN 06-05 013.jpg,Lost,7,4.02,low,35.41846397,6.717463097,127.1925804,34.2400531,6.479980341,0.83764,33.91536658,16.68031623,5.283974842,34.1233,1.825715,1.685116
C:\Users\Chelsea\Documents\MCGILL\Pectoral Fin Photos\LT FN 06-05 015,LT FN 06-05 015.jpg,Lost,7,4.02,low,35.95748057,7.688301,119.1163441,36.28400957,7.763992223,0.83764,36.37648777,16.55359387,4.673370159,34.1233,1.825715,1.685116
C:\Users\Chelsea\Documents\MCGILL\Pectoral Fin Photos\LT shock 07-25 001,LT shock 07-25 001.jpg,Lost,7,4.02,low,33.72319229,6.176082964,117.8013445,34.27723398,6.28540069,0.83764,34.4348775,16.50417566,5.45346839,34.1233,1.825715,1.685116
C:\Users\Chelsea\Documents\MCGILL\Pectoral Fin Photos\LT shock 07-25 002,LT shock 07-25 002.jpg,Lost,7,4.02,low,21.84433799,3.665044391,80.70830432,28.42875655,4.856607875,0.83764,30.61794679,15.15490121,5.853624028,34.1233,1.825715,1.685116
C:\Users\Chelsea\Documents\MCGILL\Pectoral Fin Photos\LT shock 07-25 003,LT shock 07-25 003.jpg,Lost,7,4.02,low,26.35669327,4.978612029,70.85809592,37.34711256,7.224688864,0.83764,41.19825646,23.66789252,5.16937314,34.1233,1.825715,1.685116
C:\Users\Chelsea\Documents\MCGILL\Pectoral Fin Photos\LT shock 07-25 004,LT shock 07-25 004.jpg,Lost,7,4.02,low,22.25781566,2.20191629,88.75360886,27.22255767,2.73054716,0.83764,28.81059046,13.87122205,9.969634685,34.1233,1.825715,1.685116
C:\Users\Chelsea\Documents\MCGILL\Pectoral Fin Photos\LT shock 07-25 005,LT shock 07-25 005.jpg,Lost,7,4.02,low,28.61212852,5.47789954,85.97747501,35.72868983,6.945384161,0.83764,38.03472975,18.32996199,5.144235222,34.1233,1.825715,1.685116
C:\Users\Chelsea\Documents\MCGILL\Pectoral Fin Photos\LT shock 07-25 012,LT shock 07-25 012.jpg,Lost,7,4.02,low,25.58450861,4.19100871,80.35118481,33.39295468,5.570788478,0.83764,35.99378342,14.11629117,5.994295927,34.1233,1.825715,1.685116
C:\Users\Chelsea\Documents\MCGILL\Pectoral Fin Photos\LT shock 07-25 014,LT shock 07-25 014.jpg,Lost,7,4.02,low,20.87312603,3.017376741,81.88693616,26.90860305,3.958115402,0.83764,28.90350799,15.7074554,6.798337167,34.1233,1.825715,1.685116
C:\Users\Chelsea\Documents\MCGILL\Pectoral Fin Photos\MC FN7  06-29 011,MC FN7  06-29 011.jpg,McCullough,4,14.3,high,38.17788549,5.845034597,145.2572331,33.83916273,5.13922515,1.95132,26.6314466,11.75543249,6.584487299,33.7419,1.843796,1.670399
C:\Users\Chelsea\Documents\MCGILL\Pectoral Fin Photos\MC FN7 06-29 001,MC FN7 06-29 001.jpg,McCullough,4,14.3,high,40.62875468,8.648047248,162.4933391,33.46666358,7.031331128,1.95132,22.77148821,11.70032784,4.759648347,33.7419,1.843796,1.670399
C:\Users\Chelsea\Documents\MCGILL\Pectoral Fin Photos\MC FN7 06-29 003,MC FN7 06-29 003.jpg,McCullough,4,14.3,high,39.98845699,7.544849013,154.3283268,34.06807386,6.359137436,1.95132,24.78463001,10.07407637,5.357341967,33.7419,1.843796,1.670399
C:\Users\Chelsea\Documents\MCGILL\Pectoral Fin Photos\MC FN7 06-29 005,MC FN7 06-29 005.jpg,McCullough,4,14.3,high,36.87288887,8.028516608,148.6616897,32.19132469,6.945812941,1.95132,24.58426566,11.46145768,4.634637437,33.7419,1.843796,1.670399
C:\Users\Chelsea\Documents\MCGILL\Pectoral Fin Photos\MC FN7 06-29 006,MC FN7 06-29 006.jpg,McCullough,4,14.3,high,35.34878224,6.932197737,133.4641809,33.11440974,6.466199267,1.95132,29.08796344,12.31862905,5.12115516,33.7419,1.843796,1.670399
C:\Users\Chelsea\Documents\MCGILL\Pectoral Fin Photos\MC FN7 06-29 007,MC FN7 06-29 007.jpg,McCullough,4,14.3,high,42.41654936,7.237784955,149.5113417,36.89345375,6.236857864,1.95132,27.9676354,10.89563575,5.91539114,33.7419,1.843796,1.670399
C:\Users\Chelsea\Documents\MCGILL\Pectoral Fin Photos\MC FN7 06-29 009,MC FN7 06-29 009.jpg,McCullough,4,14.3,high,43.49311276,7.46782692,160.9762717,36.04640545,6.111631807,1.95132,24.82718519,12.11052607,5.898000172,33.7419,1.843796,1.670399
C:\Users\Chelsea\Documents\MCGILL\Pectoral Fin Photos\MC FN7 06-29 010,MC FN7 06-29 010.jpg,McCullough,4,14.3,high,39.25395016,7.924571501,141.1115557,35.45767333,7.109905488,1.95132,28.97373397,12.14771408,4.987080826,33.7419,1.843796,1.670399
C:\Users\Chelsea\Documents\MCGILL\Pectoral Fin Photos\MC FN7 06-29 014,MC FN7 06-29 014.jpg,McCullough,4,14.3,high,37.32312243,6.867895735,144.3785446,33.21299278,6.064200572,1.95132,26.34527853,12.54053021,5.476895493,33.7419,1.843796,1.670399
C:\Users\Chelsea\Documents\MCGILL\Pectoral Fin Photos\MC FN8 06-29 002,MC FN8 06-29 002.jpg,McCullough,4,14.3,high,35.83905627,6.533489325,132.8056822,33.68240563,6.115369168,1.95132,29.77741493,14.98080811,5.507828669,33.7419,1.843796,1.670399
C:\Users\Chelsea\Documents\MCGILL\Pectoral Fin Photos\MC FN8 06-29 003,MC FN8 06-29 003.jpg,McCullough,4,14.3,high,35.33145204,6.338173154,132.279409,33.29163284,5.949017303,1.95132,29.58399305,14.26873069,5.596156667,33.7419,1.843796,1.670399
C:\Users\Chelsea\Documents\MCGILL\Pectoral Fin Photos\MC FN8 06-29 004,MC FN8 06-29 004.jpg,McCullough,4,14.3,high,33.1674348,5.82619013,125.586432,32.33135011,5.670291076,1.95132,30.73325267,14.40279617,5.701885437,33.7419,1.843796,1.670399
C:\Users\Chelsea\Documents\MCGILL\Pectoral Fin Photos\MC FN8 06-29 005,MC FN8 06-29 005.jpg,McCullough,4,14.3,high,30.05954258,5.842798832,114.147717,31.18908716,6.078431509,1.95132,33.55915116,17.73727655,5.131107773,33.7419,1.843796,1.670399
C:\Users\Chelsea\Documents\MCGILL\Pectoral Fin Photos\MC FN8 06-29 006,MC FN8 06-29 006.jpg,McCullough,4,14.3,high,38.947532,7.115502949,146.3986612,34.34518633,6.222192223,1.95132,26.75652036,9.894772908,5.519788701,33.7419,1.843796,1.670399
C:\Users\Chelsea\Documents\MCGILL\Pectoral Fin Photos\MC FN8 06-29 007,MC FN8 06-29 007.jpg,McCullough,4,14.3,high,41.23390728,7.457614003,154.3297592,35.12891926,6.285571132,1.95132,25.55609053,12.78645037,5.588818983,33.7419,1.843796,1.670399
C:\Users\Chelsea\Documents\MCGILL\Pectoral Fin Photos\MC FN8 06-29 008,MC FN8 06-29 008.jpg,McCullough,4,14.3,high,32.29786072,7.297113282,140.3309846,29.28027492,6.572348971,1.95132,24.09881032,10.47177706,4.455070029,33.7419,1.843796,1.670399
C:\Users\Chelsea\Documents\MCGILL\Pectoral Fin Photos\MC FN8 06-29 015,MC FN8 06-29 015.jpg,McCullough,4,14.3,high,20.89752399,4.394675191,84.3851223,26.41606943,5.645155573,1.95132,42.06677728,22.19375183,4.679422752,33.7419,1.843796,1.670399
C:\Users\Chelsea\Documents\MCGILL\Pectoral Fin Photos\MK shock 07-26 001,MK shock 07-26 001.jpg,Muskellunge,7,6.66,low,36.61474752,5.798465835,114.6368009,37.88460115,6.014335215,0.94439,38.46363441,17.08488217,6.299050485,33.78634,1.802869,1.739814
C:\Users\Chelsea\Documents\MCGILL\Pectoral Fin Photos\MK shock 07-26 005,MK shock 07-26 005.jpg,Muskellunge,7,6.66,low,25.48310692,5.198467646,86.00120506,31.81566215,6.589825262,0.94439,35.11761056,17.67323405,4.827997843,33.78634,1.802869,1.739814
C:\Users\Chelsea\Documents\MCGILL\Pectoral Fin Photos\MK shock 07-26 015,MK shock 07-26 015.jpg,Muskellunge,7,6.66,low,32.30542802,6.543147851,114.1545942,33.51804616,6.806738473,0.94439,34.072079,15.01541282,4.924244745,33.78634,1.802869,1.739814
C:\Users\Chelsea\Documents\MCGILL\Pectoral Fin Photos\MK shock 07-31  011,MK shock 07-31  011.jpg,Muskellunge,7,6.66,low,23.1828055,4.049096276,77.47952516,30.98661316,5.520626069,0.94439,35.25624446,18.61980855,5.612880273,33.78634,1.802869,1.739814
C:\Users\Chelsea\Documents\MCGILL\Pectoral Fin Photos\MK shock 07-31 001,MK shock 07-31 001.jpg,Muskellunge,7,6.66,low,32.39258534,6.553041373,115.8617424,33.28398179,6.746763261,0.94439,33.68841544,13.63461023,4.933325878,33.78634,1.802869,1.739814
C:\Users\Chelsea\Documents\MCGILL\Pectoral Fin Photos\MK shock 07-31 003,MK shock 07-31 003.jpg,Muskellunge,7,6.66,low,27.26888131,4.883778948,87.1449905,33.75247561,6.134080973,0.94439,37.11257579,18.07586727,5.502450287,33.78634,1.802869,1.739814
C:\Users\Chelsea\Documents\MCGILL\Pectoral Fin Photos\MK shock 07-31 005,MK shock 07-31 005.jpg,Muskellunge,7,6.66,low,29.3811373,5.325719889,97.41443249,33.81311797,6.188736243,0.94439,35.99415324,16.08138303,5.463654717,33.78634,1.802869,1.739814
C:\Users\Chelsea\Documents\MCGILL\Pectoral Fin Photos\MK shock 07-31 006,MK shock 07-31 006.jpg,Muskellunge,7,6.66,low,35.05028569,5.322447808,120.2784571,35.14484927,5.338546297,0.94439,35.18700327,20.67980968,6.583224593,33.78634,1.802869,1.739814
C:\Users\Chelsea\Documents\MCGILL\Pectoral Fin Photos\MK shock 07-31 007,MK shock 07-31 007.jpg,Muskellunge,7,6.66,low,26.54839865,4.704127127,93.95731722,31.28323654,5.606040175,0.94439,33.65283956,14.52557376,5.580273341,33.78634,1.802869,1.739814
C:\Users\Chelsea\Documents\MCGILL\Pectoral Fin Photos\MK shock 07-31 009,MK shock 07-31 009.jpg,Muskellunge,7,6.66,low,29.2083845,5.151126572,94.31852333,34.3314177,6.122323032,0.94439,36.8907262,22.26612196,5.607580247,33.78634,1.802869,1.739814
C:\Users\Chelsea\Documents\MCGILL\Pectoral Fin Photos\MK shock 07-31 013,MK shock 07-31 013.jpg,Muskellunge,7,6.66,low,34.9118396,5.183785642,119.1547865,35.22144411,5.233641043,0.94439,35.3600705,21.52935629,6.729816551,33.78634,1.802869,1.739814
C:\Users\Chelsea\Documents\MCGILL\Pectoral Fin Photos\MK shock 07-31 014,MK shock 07-31 014.jpg,Muskellunge,7,6.66,low,24.60514405,2.685761216,85.87100467,30.7499607,3.408201243,0.94439,33.95626354,20.44812795,9.022343023,33.78634,1.802869,1.739814
C:\Users\Chelsea\Documents\MCGILL\Pectoral Fin Photos\OB FN 06-07 001,OB FN 06-07 001.jpg,Oxbow,4,11.12,high,35.12992097,5.507336703,116.6925955,35.92845646,5.641935617,-0.00558,35.12318057,13.89737554,6.368108199,33.34384,1.846028,1.651749
C:\Users\Chelsea\Documents\MCGILL\Pectoral Fin Photos\OB FN 06-07 002,OB FN 06-07 002.jpg,Oxbow,4,11.12,high,33.29673626,5.891604879,105.394871,36.3971769,6.480198937,-0.00558,33.27143718,17.2064824,5.616675854,33.34384,1.846028,1.651749
C:\Users\Chelsea\Documents\MCGILL\Pectoral Fin Photos\OB FN 06-07 004,OB FN 06-07 004.jpg,Oxbow,4,11.12,high,41.15507751,8.164140652,130.1601475,39.19056433,7.749747129,-0.00558,41.17226633,21.18307277,5.057012013,33.34384,1.846028,1.651749
C:\Users\Chelsea\Documents\MCGILL\Pectoral Fin Photos\OB FN 06-07 005,OB FN 06-07 005.jpg,Oxbow,4,11.12,high,26.15915088,5.022160744,128.185766,25.16057001,4.818381101,-0.00558,26.16784453,13.33595362,5.221789121,33.34384,1.846028,1.651749
C:\Users\Chelsea\Documents\MCGILL\Pectoral Fin Photos\OB FN 06-07 006,OB FN 06-07 006.jpg,Oxbow,4,11.12,high,33.21226321,5.928634451,112.2339124,34.84321561,6.24095096,-0.00558,33.19867307,16.81375664,5.582997821,33.34384,1.846028,1.651749
C:\Users\Chelsea\Documents\MCGILL\Pectoral Fin Photos\OB FN 06-07 007,OB FN 06-07 007.jpg,Oxbow,4,11.12,high,36.497725,6.626155825,90.1115505,44.19794321,8.130319305,-0.00558,36.43812586,19.36083013,5.436187873,33.34384,1.846028,1.651749
C:\Users\Chelsea\Documents\MCGILL\Pectoral Fin Photos\OB FN 06-07 008,OB FN 06-07 008.jpg,Oxbow,4,11.12,high,33.70047112,8.706769773,101.0542125,37.86518012,9.861904541,-0.00558,33.66696348,17.03205912,3.83954032,33.34384,1.846028,1.651749
C:\Users\Chelsea\Documents\MCGILL\Pectoral Fin Photos\OB FN 06-07 011,OB FN 06-07 011.jpg,Oxbow,4,11.12,high,27.15659114,5.082502107,124.0742045,26.68246448,4.988507171,-0.00558,27.16067498,14.45459569,5.348787436,33.34384,1.846028,1.651749
C:\Users\Chelsea\Documents\MCGILL\Pectoral Fin Photos\OB FN 06-07 012,OB FN 06-07 012.jpg,Oxbow,4,11.12,high,41.28946663,8.227443157,116.2641211,42.3296659,8.450190563,-0.00558,41.28069704,21.59514372,5.009314948,33.34384,1.846028,1.651749
C:\Users\Chelsea\Documents\MCGILL\Pectoral Fin Photos\OB FN 06-07 014,OB FN 06-07 014.jpg,Oxbow,4,11.12,high,34.68956264,5.165479845,131.0426389,32.88810628,4.880219721,-0.00558,34.70535962,15.39808444,6.739062616,33.34384,1.846028,1.651749
C:\Users\Chelsea\Documents\MCGILL\Pectoral Fin Photos\OB FN 06-07 015,OB FN 06-07 015.jpg,Oxbow,4,11.12,high,27.45661712,5.283643015,81.38468191,35.53833437,6.960771915,-0.00558,27.39620566,15.3019484,5.105516285,33.34384,1.846028,1.651749
C:\Users\Chelsea\Documents\MCGILL\Pectoral Fin Photos\OB shock 07-11 001,OB shock 07-11 001.jpg,Oxbow,4,11.12,high,30.6075946,7.026811674,128.5210652,29.38898023,6.72940957,-0.00558,30.61821295,13.4699138,4.36724499,33.34384,1.846028,1.651749
C:\Users\Chelsea\Documents\MCGILL\Pectoral Fin Photos\OB shock 07-11 002,OB shock 07-11 002.jpg,Oxbow,4,11.12,high,29.46855643,4.612503795,123.233797,29.08297006,4.548728704,-0.00558,29.47187023,14.45434891,6.393647974,33.34384,1.846028,1.651749
C:\Users\Chelsea\Documents\MCGILL\Pectoral Fin Photos\OB shock 07-11 003,OB shock 07-11 003.jpg,Oxbow,4,11.12,high,30.25160929,5.78944566,114.3821516,31.34630837,6.01430759,-0.00558,30.24242998,11.52950668,5.211956306,33.34384,1.846028,1.651749
C:\Users\Chelsea\Documents\MCGILL\Pectoral Fin Photos\OB shock 07-11 005,OB shock 07-11 005.jpg,Oxbow,4,11.12,high,33.47094737,6.971821805,98.06835607,38.35178049,8.063838654,-0.00558,33.43207237,18.86794216,4.756020319,33.34384,1.846028,1.651749
C:\Users\Chelsea\Documents\MCGILL\Pectoral Fin Photos\OB shock 07-11 006,OB shock 07-11 006.jpg,Oxbow,4,11.12,high,30.05954258,6.348557629,116.8383822,30.71774636,6.498050513,-0.00558,30.05398442,14.71593789,4.727224927,33.34384,1.846028,1.651749
C:\Users\Chelsea\Documents\MCGILL\Pectoral Fin Photos\OB shock 07-11 008,OB shock 07-11 008.jpg,Oxbow,4,11.12,high,28.11197226,5.553307852,124.5912238,27.54619599,5.434808281,-0.00558,28.11685218,12.29066961,5.06847612,33.34384,1.846028,1.651749
C:\Users\Chelsea\Documents\MCGILL\Pectoral Fin Photos\OB shock 07-11 010,OB shock 07-11 010.jpg,Oxbow,4,11.12,high,34.16171299,7.364543059,116.4930437,34.97734585,7.553550396,-0.00558,34.15483217,16.52846356,4.630583503,33.34384,1.846028,1.651749
C:\Users\Chelsea\Documents\MCGILL\Pectoral Fin Photos\OB shock 07-11 012,OB shock 07-11 012.jpg,Oxbow,4,11.12,high,32.30802307,5.708576366,157.3492265,27.17820005,4.746779257,-0.00558,32.35574849,12.05263923,5.725608581,33.34384,1.846028,1.651749
C:\Users\Chelsea\Documents\MCGILL\Pectoral Fin Photos\OB shock 07-11 014,OB shock 07-11 014.jpg,Oxbow,4,11.12,high,34.29228207,7.325408317,119.6999355,34.49332832,7.372334021,-0.00558,34.29057072,14.59819736,4.678752784,33.34384,1.846028,1.651749
C:\Users\Chelsea\Documents\MCGILL\Pectoral Fin Photos\PS FN 06-14 001,PS FN 06-14 001.jpg,Papoose,7,6.49,low,24.8334817,6.195444877,104.1678349,27.35443477,6.870322731,0.23217,25.70119137,17.06575309,3.981535634,33.7692,1.848577,1.623145
C:\Users\Chelsea\Documents\MCGILL\Pectoral Fin Photos\PS FN 06-14 002,PS FN 06-14 002.jpg,Papoose,7,6.49,low,27.77418469,6.294475062,95.13279158,32.46276236,7.436485393,0.23217,29.35656573,13.14749655,4.365336667,33.7692,1.848577,1.623145
C:\Users\Chelsea\Documents\MCGILL\Pectoral Fin Photos\PS FN 06-14 003,PS FN 06-14 003.jpg,Papoose,7,6.49,low,25.74199578,5.474022295,84.37966457,32.54122809,7.031942347,0.23217,27.97695519,15.52482639,4.627630103,33.7692,1.848577,1.623145
C:\Users\Chelsea\Documents\MCGILL\Pectoral Fin Photos\PS FN 06-14 005,PS FN 06-14 005.jpg,Papoose,7,6.49,low,25.70214257,4.614391844,107.5499228,27.72616587,5.004184799,0.23217,26.40360773,13.38283967,5.540595918,33.7692,1.848577,1.623145
C:\Users\Chelsea\Documents\MCGILL\Pectoral Fin Photos\PS FN 06-14 007,PS FN 06-14 007.jpg,Papoose,7,6.49,low,34.58364237,7.513613256,106.7944015,37.47937068,8.188506798,0.23217,35.58569816,14.26437676,4.577070229,33.7692,1.848577,1.623145
C:\Users\Chelsea\Documents\MCGILL\Pectoral Fin Photos\PS FN 06-14 008,PS FN 06-14 008.jpg,Papoose,7,6.49,low,25.91413886,5.825816357,83.50991009,32.98143567,7.538177777,0.23217,28.23187534,14.84992249,4.375253098,33.7692,1.848577,1.623145
C:\Users\Chelsea\Documents\MCGILL\Pectoral Fin Photos\PS FN 06-14 010,PS FN 06-14 010.jpg,Papoose,7,6.49,low,28.15284239,5.637081393,123.4297182,27.75563837,5.552979229,0.23217,28.01110167,13.00069307,4.998332828,33.7692,1.848577,1.623145
C:\Users\Chelsea\Documents\MCGILL\Pectoral Fin Photos\PS FN 06-14 012,PS FN 06-14 012.jpg,Papoose,7,6.49,low,30.72982814,4.397523449,98.84688109,35.02943635,5.058325012,0.23217,32.1930734,13.31095659,6.925105894,33.7692,1.848577,1.623145
C:\Users\Chelsea\Documents\MCGILL\Pectoral Fin Photos\PS FN 06-14 013,PS FN 06-14 013.jpg,Papoose,7,6.49,low,28.21384361,5.620349089,87.03511293,34.9509264,7.065440644,0.23217,30.44361665,14.85483788,4.946744041,33.7692,1.848577,1.623145
C:\Users\Chelsea\Documents\MCGILL\Pectoral Fin Photos\PS FN 06-14 014,PS FN 06-14 014.jpg,Papoose,7,6.49,low,33.76175255,6.531489226,101.6353181,37.79213491,7.368477619,0.23217,35.14166118,14.64929618,5.128893221,33.7692,1.848577,1.623145
C:\Users\Chelsea\Documents\MCGILL\Pectoral Fin Photos\PS FN 06-14 018,PS FN 06-14 018.jpg,Papoose,7,6.49,low,28.72560842,5.359041947,83.29256652,36.62197281,6.94683075,0.23217,31.3137403,13.78607753,5.271752563,33.7692,1.848577,1.623145
C:\Users\Chelsea\Documents\MCGILL\Pectoral Fin Photos\PS FN 06-14 019,PS FN 06-14 019.jpg,Papoose,7,6.49,low,29.73871901,5.084215622,84.00723454,37.70245366,6.551392701,0.23217,32.35389064,14.34785278,5.754876159,33.7692,1.848577,1.623145
C:\Users\Chelsea\Documents\MCGILL\Pectoral Fin Photos\PS FN 06-14 024,PS FN 06-14 024.jpg,Papoose,7,6.49,low,27.02246802,5.077358089,98.58022208,30.85778989,5.851338719,0.23217,28.32694222,14.7520089,5.273629057,33.7692,1.848577,1.623145
C:\Users\Chelsea\Documents\MCGILL\Pectoral Fin Photos\PS FN 06-14 027,PS FN 06-14 027.jpg,Papoose,7,6.49,low,24.13978071,5.54595059,83.86143578,30.63894094,7.155042788,0.23217,26.27318502,14.69064168,4.282146431,33.7692,1.848577,1.623145
C:\Users\Chelsea\Documents\MCGILL\Pectoral Fin Photos\RS FN4 002,RS FN4 002.jpg,Red Bass,4,18.9,high,37.99160003,6.602863776,142.0358928,34.1712728,5.897136493,0.66112,34.12962582,14.41076429,5.794553482,34.4495,1.856843,1.739176
C:\Users\Chelsea\Documents\MCGILL\Pectoral Fin Photos\RS FN4 07-19 001,RS FN4 07-19 001.jpg,Red Bass,4,18.9,high,44.80817649,8.35528087,150.4821646,38.80914303,7.167360073,0.66112,38.74500715,17.90417214,5.414705363,34.4495,1.856843,1.739176
C:\Users\Chelsea\Documents\MCGILL\Pectoral Fin Photos\RS FN4 07-19 007,RS FN4 07-19 007.jpg,Red Bass,4,18.9,high,41.6315579,7.130177572,137.2252777,38.29805171,6.523100224,0.66112,38.26128896,18.20921103,5.871142615,34.4495,1.856843,1.739176
C:\Users\Chelsea\Documents\MCGILL\Pectoral Fin Photos\RS FN4 07-19 008,RS FN4 07-19 008.jpg,Red Bass,4,18.9,high,38.78252391,6.82719014,149.8595197,33.68137268,5.873501062,0.66112,33.62675955,16.32707105,5.734462686,34.4495,1.856843,1.739176
C:\Users\Chelsea\Documents\MCGILL\Pectoral Fin Photos\RS FN4 07-19 009,RS FN4 07-19 009.jpg,Red Bass,4,18.9,high,40.21477478,6.940674037,149.5023944,34.97974234,5.981084818,0.66112,34.92365063,19.08692801,5.848394297,34.4495,1.856843,1.739176
C:\Users\Chelsea\Documents\MCGILL\Pectoral Fin Photos\RS FN4 07-19 010,RS FN4 07-19 010.jpg,Red Bass,4,18.9,high,38.93167794,6.716247347,141.565425,35.09283621,6.012308803,0.66112,35.05094068,16.9062644,5.836831966,34.4495,1.856843,1.739176
C:\Users\Chelsea\Documents\MCGILL\Pectoral Fin Photos\RS FN4 07-19 011,RS FN4 07-19 011.jpg,Red Bass,4,18.9,high,42.22823224,7.371636146,137.8143602,38.73833883,6.723866293,0.66112,38.69990663,20.14829175,5.761319031,34.4495,1.856843,1.739176
C:\Users\Chelsea\Documents\MCGILL\Pectoral Fin Photos\RS FN4 07-19 012,RS FN4 07-19 012.jpg,Red Bass,4,18.9,high,42.96940493,6.987655264,148.4450803,37.54956572,6.05147518,0.66112,37.49135438,18.80033289,6.205026808,34.4495,1.856843,1.739176
C:\Users\Chelsea\Documents\MCGILL\Pectoral Fin Photos\RS FN4 07-19 013,RS FN4 07-19 013.jpg,Red Bass,4,18.9,high,35.3091028,6.001917566,125.4722377,34.4395019,5.845026592,0.66112,34.42962102,15.12972671,5.892103545,34.4495,1.856843,1.739176
C:\Users\Chelsea\Documents\MCGILL\Pectoral Fin Photos\RS FN4(2) 07-20 002,RS FN4(2) 07-20 002.jpg,Red Bass,4,18.9,high,39.5734742,7.169087113,141.7505946,35.64088533,6.411833039,0.66112,35.59798554,12.14058954,5.558610948,34.4495,1.856843,1.739176
C:\Users\Chelsea\Documents\MCGILL\Pectoral Fin Photos\RS FN5 07-21 002,RS FN5 07-21 002.jpg,Red Bass,4,18.9,high,35.9113038,5.757007309,123.4423805,35.40226316,5.670709866,0.66112,35.3964478,15.91949002,6.243003785,34.4495,1.856843,1.739176
C:\Users\Chelsea\Documents\MCGILL\Pectoral Fin Photos\RS FN8 07-20 001,RS FN8 07-20 001.jpg,Red Bass,4,18.9,high,41.83365074,6.536405039,132.955234,39.28735903,6.113293967,0.66112,39.25897934,14.57797058,6.426545041,34.4495,1.856843,1.739176
C:\Users\Chelsea\Documents\MCGILL\Pectoral Fin Photos\RS FN8 07-20 002,RS FN8 07-20 002.jpg,Red Bass,4,18.9,high,39.83738346,7.107924509,137.2301826,36.64668359,6.5025796,0.66112,36.61149617,18.26226115,5.635714724,34.4495,1.856843,1.739176
C:\Users\Chelsea\Documents\MCGILL\Pectoral Fin Photos\SQ FN3 06-13 001,SQ FN3 06-13 001.jpg,Squaw,7,23.85,high,43.95926175,9.66744527,171.7769312,34.91872891,7.561169678,0.80168,33.14392982,17.03511334,4.618164966,32.86,1.843914,1.631507
C:\Users\Chelsea\Documents\MCGILL\Pectoral Fin Photos\SQ FN3 06-13 002,SQ FN3 06-13 002.jpg,Squaw,7,23.85,high,43.86527654,9.359638457,174.9701204,34.42712339,7.226915846,0.80168,32.5883073,12.69632315,4.763736582,32.86,1.843914,1.631507
C:\Users\Chelsea\Documents\MCGILL\Pectoral Fin Photos\SQ FN9 06-20 003,SQ FN9 06-20 003.jpg,Squaw,7,23.85,high,28.19558413,5.211123766,110.1146997,29.95103754,5.559120521,0.80168,30.36370619,12.84382967,5.387729485,32.86,1.843914,1.631507
C:\Users\Chelsea\Documents\MCGILL\Pectoral Fin Photos\SQ FN9 06-20 004,SQ FN9 06-20 004.jpg,Squaw,7,23.85,high,30.39704344,5.61734555,112.592525,31.82332605,5.900111084,0.80168,32.15565676,13.16295356,5.393682525,32.86,1.843914,1.631507
C:\Users\Chelsea\Documents\MCGILL\Pectoral Fin Photos\SQ FN9 06-20 005,SQ FN9 06-20 005.jpg,Squaw,7,23.85,high,31.61541394,6.235036145,107.3679687,34.14286775,6.769726594,0.80168,34.74300962,15.67867076,5.043463318,32.86,1.843914,1.631507
C:\Users\Chelsea\Documents\MCGILL\Pectoral Fin Photos\SQ FN9 06-20 008,SQ FN9 06-20 008.jpg,Squaw,7,23.85,high,32.49844361,6.347785815,118.7518774,32.85930981,6.424005832,0.80168,32.94162374,16.31581892,5.115080943,32.86,1.843914,1.631507
C:\Users\Chelsea\Documents\MCGILL\Pectoral Fin Photos\SQ FN9 06-20 011,SQ FN9 06-20 011.jpg,Squaw,7,23.85,high,35.08377221,6.995675286,123.8962681,34.50359443,6.873180066,0.80168,34.37348674,15.5847059,5.020033536,32.86,1.843914,1.631507
C:\Users\Chelsea\Documents\MCGILL\Pectoral Fin Photos\SQ FN9 06-20 012,SQ FN9 06-20 012.jpg,Squaw,7,23.85,high,33.38099555,6.135845163,112.4785016,34.97044162,6.44927039,0.80168,35.34093974,12.78317365,5.422387263,32.86,1.843914,1.631507
C:\Users\Chelsea\Documents\MCGILL\Pectoral Fin Photos\SQ FN9 06-20 014,SQ FN9 06-20 014.jpg,Squaw,7,23.85,high,30.44636248,7.090056414,117.8974262,30.93008256,7.211446611,0.80168,31.04073886,14.96306153,4.289026076,32.86,1.843914,1.631507
C:\Users\Chelsea\Documents\MCGILL\Pectoral Fin Photos\SQ FN9 06-20 017,SQ FN9 06-20 017.jpg,Squaw,7,23.85,high,30.62144712,6.216060303,107.633203,33.01615425,6.737510369,0.80168,33.58421897,15.58634372,4.900349304,32.86,1.843914,1.631507
C:\Users\Chelsea\Documents\MCGILL\Pectoral Fin Photos\SQ FN9 06-20 020,SQ FN9 06-20 020.jpg,Squaw,7,23.85,high,30.59811294,5.95355865,107.8409696,32.9494383,6.444307797,0.80168,33.50678528,15.79502045,5.112952289,32.86,1.843914,1.631507
C:\Users\Chelsea\Documents\MCGILL\Pectoral Fin Photos\SQ FN9 06-20 021,SQ FN9 06-20 021.jpg,Squaw,7,23.85,high,28.14785291,4.989534842,90.8016572,33.91688511,6.089663917,0.80168,35.38024848,15.60818334,5.569582423,32.86,1.843914,1.631507
C:\Users\Chelsea\Documents\MCGILL\Pectoral Fin Photos\SQ FN9 06-20 022,SQ FN9 06-20 022.jpg,Squaw,7,23.85,high,25.92552263,4.905356705,99.09103125,29.5053171,5.632761186,0.80168,30.38273929,16.65540453,5.238162266,32.86,1.843914,1.631507
C:\Users\Chelsea\Documents\MCGILL\Pectoral Fin Photos\SQ FN9 06-20 024,SQ FN9 06-20 024.jpg,Squaw,7,23.85,high,26.61129801,5.164847454,99.50888907,30.20260157,5.913336977,0.80168,31.08138562,15.41806333,5.107539395,32.86,1.843914,1.631507
C:\Users\Chelsea\Documents\MCGILL\Pectoral Fin Photos\TO FN1 06-05 001,TO FN1 06-05 001.jpg,Towanda,7,5.29,low,43.18247164,9.242071162,155.4223994,36.61973637,7.751317549,1.06777,32.9874536,13.84166562,4.724324109,33.91343,1.821245,1.684849
C:\Users\Chelsea\Documents\MCGILL\Pectoral Fin Photos\TO FN1 06-05 003,TO FN1 06-05 003.jpg,Towanda,7,5.29,low,44.25974093,9.002437933,155.7337268,37.48422732,7.53979864,1.06777,33.7382226,15.0939521,4.971515701,33.91343,1.821245,1.684849
C:\Users\Chelsea\Documents\MCGILL\Pectoral Fin Photos\TO FN1 06-05 004,TO FN1 06-05 004.jpg,Towanda,7,5.29,low,34.31797459,6.08729815,115.418791,35.35074715,6.284030471,1.06777,36.02122102,19.62757086,5.625489455,33.91343,1.821245,1.684849
C:\Users\Chelsea\Documents\MCGILL\Pectoral Fin Photos\TO FN1 06-05 006,TO FN1 06-05 006.jpg,Towanda,7,5.29,low,44.35671969,9.346076245,166.5019965,35.96008533,7.470699484,1.06777,31.48242392,16.60766098,4.813483049,33.91343,1.821245,1.684849
C:\Users\Chelsea\Documents\MCGILL\Pectoral Fin Photos\TO FN1 06-05 007,TO FN1 06-05 007.jpg,Towanda,7,5.29,low,45.01879279,8.027770681,151.5659212,38.80910829,6.852006826,1.06777,35.3253681,14.42471283,5.663903916,33.91343,1.821245,1.684849
C:\Users\Chelsea\Documents\MCGILL\Pectoral Fin Photos\TO FN1 06-05 008,TO FN1 06-05 008.jpg,Towanda,7,5.29,low,36.87316939,6.656076453,136.9487072,33.9654332,6.097946108,1.06777,32.24272823,16.52003049,5.569979235,33.91343,1.821245,1.684849
C:\Users\Chelsea\Documents\MCGILL\Pectoral Fin Photos\TO FN1 06-05 010,TO FN1 06-05 010.jpg,Towanda,7,5.29,low,28.28866892,5.182630294,106.3872412,30.73394801,5.663227987,1.06777,32.39175237,14.54738558,5.426931086,33.91343,1.821245,1.684849
C:\Users\Chelsea\Documents\MCGILL\Pectoral Fin Photos\TO FN1 06-05 012,TO FN1 06-05 012.jpg,Towanda,7,5.29,low,21.29434238,3.92996902,81.59430853,27.51592241,5.168127987,1.06777,32.36867779,16.28147226,5.324156538,33.91343,1.821245,1.684849
C:\Users\Chelsea\Documents\MCGILL\Pectoral Fin Photos\TO FN1 06-05 013,TO FN1 06-05 013.jpg,Towanda,7,5.29,low,47.05969163,8.290393647,163.1251897,38.66574344,6.7223047,1.06777,34.13966691,13.779976,5.751858204,33.91343,1.821245,1.684849
C:\Users\Chelsea\Documents\MCGILL\Pectoral Fin Photos\TO FN1 06-05 014,TO FN1 06-05 014.jpg,Towanda,7,5.29,low,34.51997206,7.059276107,135.5683459,32.00904559,6.513229741,1.06777,30.51332628,17.19517476,4.91446592,33.91343,1.821245,1.684849
C:\Users\Chelsea\Documents\MCGILL\Pectoral Fin Photos\TO shock 07-18 002,TO shock 07-18 002.jpg,Towanda,7,5.29,low,27.92045401,5.601429058,108.4659821,29.95266475,6.038744573,1.06777,31.31633004,15.95973238,4.960081419,33.91343,1.821245,1.684849
C:\Users\Chelsea\Documents\MCGILL\Pectoral Fin Photos\TO shock 07-18 006,TO shock 07-18 006.jpg,Towanda,7,5.29,low,24.72340824,4.534416957,91.69712084,29.60011768,5.496419787,1.06777,33.17703547,13.29125803,5.385345157,33.91343,1.821245,1.684849
C:\Users\Chelsea\Documents\MCGILL\Pectoral Fin Photos\TO shock 07-18 008,TO shock 07-18 008.jpg,Towanda,7,5.29,low,33.43599215,6.039262347,111.7221228,35.18287422,6.377720301,1.06777,36.33677886,19.7662434,5.516528251,33.91343,1.821245,1.684849
C:\Users\Chelsea\Documents\MCGILL\Pectoral Fin Photos\TO shock 07-18 010,TO shock 07-18 010.jpg,Towanda,7,5.29,low,22.63384953,3.281999128,81.57216279,29.25198351,4.316829355,1.06777,34.41478255,18.60466638,6.776265889,33.91343,1.821245,1.684849
C:\Users\Chelsea\Documents\MCGILL\Pectoral Fin Photos\TO shock 07-18 012,TO shock 07-18 012.jpg,Towanda,7,5.29,low,28.75220439,4.34571868,102.974333,31.91040484,4.858022206,1.06777,34.08892441,16.16408693,6.568600036,33.91343,1.821245,1.684849
C:\Users\Chelsea\Documents\MCGILL\Pectoral Fin Photos\TO shock 07-18 013,TO shock 07-18 013.jpg,Towanda,7,5.29,low,22.08744351,4.67510551,85.86280282,27.60522036,5.933052676,1.06777,31.79510066,15.96047444,4.652785314,33.91343,1.821245,1.684849