fishID,lakeID,fishStdLength,DOC,DOClevel,captureMethod, X13, Y13, X14, Y14,basin,X,Y,hyp_dist,opp_dist,sinAngle,ang_deg,fitted
BA AN 001 07-13.jpg,BA,156.57184,7.4,low,Angling,59.8306,45.1354,56.9441,53.9525,4,-2.8865,8.8171,9.277560814,2.8865,0.316378697,18.12716405,3.154663
BA AN 002 07-13.jpg,BA,152.8512571,7.4,low,Angling,63.7144,44.5581,61.615,54.9497,4,-2.0994,10.3916,10.60154852,2.0994,0.199345337,11.42164646,3.154663
BA AN 003 07-13.jpg,BA,118.4717093,7.4,low,Angling,68.3853,53.3752,66.4435,61.0902,4,-1.9418,7.715,7.955615139,1.9418,0.246570038,14.12742252,3.154663
BA AN 004 07-13.jpg,BA,120.0864485,7.4,low,Angling,78.672,57.5739,75.2606,65.2364,4,-3.4114,7.6625,8.387583455,3.4114,0.418861071,23.99897157,3.154663
BA AN 005 07-13.jpg,BA,138.6521994,7.4,low,Angling,65.9186,52.0107,65.3413,60.6703,4,-0.5773,8.6596,8.678821778,0.5773,0.066567397,3.81403092,3.154663
BA AN 006 07-13.jpg,BA,143.9636338,7.4,low,Angling,68.3853,49.1241,66.7059,59.0959,4,-1.6794,9.9718,10.11222921,1.6794,0.166849207,9.559755362,3.154663
BA AN 007 07-13.jpg,BA,153.8495259,7.4,low,Angling,69.33,46.395,67.4931,56.3143,4,-1.8369,9.9193,10.08794895,1.8369,0.183110095,10.49143564,3.154663
BA AN 008 07-13.jpg,BA,125.5837917,7.4,low,Angling,78.3046,54.3724,74.7883,62.3498,4,-3.5163,7.9774,8.717985802,3.5163,0.415162442,23.78705574,3.154663
BA AN 009 07-13.jpg,BA,164.1993374,7.4,low,Angling,64.5016,51.3284,61.825,59.9356,4,-2.6766,8.6072,9.013771652,2.6766,0.301492397,17.27424192,3.154663
BA AN 010 07-13.jpg,BA,148.3724485,7.4,low,Angling,70.7996,50.1737,66.9683,59.6732,4,-3.8313,9.4995,10.24301518,3.8313,0.383361694,21.9650071,3.154663
BA AN 011 07-13.jpg,BA,164.5867633,7.4,low,Angling,69.0151,42.1438,62.1924,50.0688,4,-6.8227,7.925,10.45728743,6.8227,0.710793029,40.72544069,3.154663
BA AN 012 07-13.jpg,BA,145.7596159,7.4,low,Angling,66.7584,52.8504,59.6732,59.6732,4,-7.0852,6.8228,9.836191279,7.0852,0.804262765,46.08086203,3.154663
BA AN 013 07-13.jpg,BA,127.9049582,7.4,low,Angling,76.7826,53.3752,74.5783,61.8775,4,-2.2043,8.5023,8.783395914,2.2043,0.253674096,14.53445508,3.154663
BA AN 014 07-13.jpg,BA,138.1369409,7.4,low,Angling,75.2606,43.351,73.1613,51.3809,4,-2.0993,8.0299,8.299780389,2.0993,0.255712085,14.65122325,3.154663
BA AN 015 07-13.jpg,BA,146.2637841,7.4,low,Angling,72.1255,52.5926,68.0518,61.3667,4,-4.0737,8.7741,9.673668513,4.0737,0.43467122,24.90482637,3.154663
BA FN4 001.jpg,BA,95.11941081,7.4,low,Fyke_Net,80.1415,57.1015,78.4096,62.8222,4,-1.7319,5.7207,5.977113526,1.7319,0.293971103,16.84330353,3.154663
BA FN4 002.jpg,BA,115.5857501,7.4,low,Fyke_Net,83.8678,63.5569,80.9288,70.5896,4,-2.939,7.0327,7.622111931,2.939,0.395845744,22.68029046,3.154663
BA FN4 003.jpg,BA,122.5793694,7.4,low,Fyke_Net,72.7414,57.9937,68.7527,64.869,4,-3.9887,6.8753,7.94855193,3.9887,0.525695452,30.1201307,3.154663
BA FN5 001 07-26.jpg,BA,83.29367918,7.4,low,Fyke_Net,75.4181,59.0959,71.9017,64.3966,4,-3.5164,5.3007,6.361013241,3.5164,0.5857266,33.55966214,3.154663
BA FN5 002 07-26.jpg,BA,97.61840822,7.4,low,Fyke_Net,80.4564,59.9881,75.1032,65.8137,4,-5.3532,5.8256,7.911660104,5.3532,0.743164731,42.58020254,3.154663
BA FN5 003 07-26.jpg,BA,106.1559981,7.4,low,Fyke_Net,75.8904,59.7781,70.6946,65.6038,4,-5.1958,5.8257,7.806094935,5.1958,0.728308337,41.72899391,3.154663
BA FN5 004 07-26.jpg,BA,64.33606672,7.4,low,Fyke_Net,84.7076,64.974,81.821,68.8052,4,-2.8866,3.8312,4.796931623,2.8866,0.645702518,36.99602909,3.154663
BA FN5 005 07-26.jpg,BA,90.66890534,7.4,low,Fyke_Net,79.4068,62.7172,74.9457,67.1782,4,-4.4611,4.461,6.308877413,4.4611,0.785409372,45.00064218,3.154663
BA FN5 006 07-26.jpg,BA,76.95205221,7.4,low,Fyke_Net,85.2324,59.2533,82.1884,63.8718,4,-3.044,4.6185,5.531408342,3.044,0.582737779,33.3884153,3.154663
BA FN5 007 07-26.jpg,BA,77.40347569,7.4,low,Fyke_Net,75.8336,62.6202,73.0656,66.8506,4,-2.768,4.2304,5.05550276,2.768,0.579400288,33.19719113,3.154663
BA FN5 008 07-26.jpg,BA,88.59634073,7.4,low,Fyke_Net,77.5699,52.483,74.211,56.7866,4,-3.3589,4.3036,5.459229082,3.3589,0.662728451,37.97154322,3.154663
BA FN8 001 07-16.jpg,BA,137.6861572,7.4,low,Fyke_Net,74.9457,52.5355,69.2251,61.3001,4,-5.7206,8.7646,10.466302,5.7206,0.578266592,33.13223516,3.154663
BA FN8 002 07-16.jpg,BA,115.728966,7.4,low,Fyke_Net,68.018,55.7894,65.7612,62.5073,4,-2.2568,6.7179,7.086841797,2.2568,0.324093202,18.56917264,3.154663
BA FN8 003 07-16.jpg,BA,147.2916203,7.4,low,Fyke_Net,67.0208,63.347,60.4604,72.2166,4,-6.5604,8.8696,11.03216444,6.5604,0.636844161,36.48848263,3.154663
BA FN8 004 07-16.jpg,BA,117.772425,7.4,low,Fyke_Net,75.3131,56.8391,70.9045,63.6094,4,-4.4086,6.7703,8.079153177,4.4086,0.577195591,33.07087131,3.154663
BH Electro 003 06-06.jpg,BH,141.3872246,10.9,high,Electrofishing,71.062,45.5028,68.8577,55.8419,7,-2.2043,10.3391,10.5714676,2.2043,0.210055413,12.03528862,2.737551
BH Electro 004 06-06.jpg,BH,122.6367803,10.9,high,Electrofishing,71.7443,54.5298,68.9627,63.8718,7,-2.7816,9.342,9.747320789,2.7816,0.289393216,16.58100987,2.737551
BH Electro 005 06-06.jpg,BH,134.4394841,10.9,high,Electrofishing,80.7189,51.4333,78.4096,59.8306,7,-2.3093,8.3973,8.709047811,2.3093,0.268370916,15.37652084,2.737551
BH Electro 006 06-06.jpg,BH,149.0680184,10.9,high,Electrofishing,59.6732,47.7595,58.0462,58.571,7,-1.627,10.8115,10.93323654,1.627,0.149367083,8.558103482,2.737551
BH Electro 007 06-06.jpg,BH,144.713229,10.9,high,Electrofishing,62.7172,49.3865,60.9328,60.3555,7,-1.7844,10.969,11.11319236,1.7844,0.16126399,9.239745993,2.737551
BH Electro 008 06-06.jpg,BH,117.8341649,10.9,high,Electrofishing,70.957,53.3752,69.6974,62.4548,7,-1.2596,9.0796,9.166554877,1.2596,0.137848744,7.898151218,2.737551
BH FN 001 06-06.jpg,BH,134.9872963,10.9,high,Fyke_Net,72.584,53.7426,70.5372,63.347,7,-2.0468,9.6044,9.820075845,2.0468,0.209969594,12.03037158,2.737551
BH FN 002 06-06.jpg,BH,90.90087417,10.9,high,Fyke_Net,91.4254,53.7951,89.7459,59.9356,7,-1.6795,6.1405,6.366039624,1.6795,0.266982237,15.29695541,2.737551
BH FN1 001 06-28.jpg,BH,102.9999433,10.9,high,Fyke_Net,80.4296,53.1149,79.385,60.4789,7,-1.0446,7.364,7.437720428,1.0446,0.140912125,8.073670072,2.737551
BH FN1 002 06-28.jpg,BH,112.9559142,10.9,high,Fyke_Net,79.7742,50.0688,76.7826,58.2036,7,-2.9916,8.1348,8.667447237,2.9916,0.352402362,20.19116802,2.737551
BH FN1 003 06-28.jpg,BH,99.23812279,10.9,high,Fyke_Net,85.6523,54.6873,84.0253,61.5101,7,-1.627,6.8228,7.014109269,1.627,0.234093215,13.41255323,2.737551
BH FN1 004 06-28.jpg,BH,93.23824673,10.9,high,Fyke_Net,84.5501,45.1354,80.7713,51.066,7,-3.7788,5.9306,7.032165086,3.7788,0.567302901,32.50406193,2.737551
BH FN3 001 06-28.jpg,BH,71.86764544,10.9,high,Fyke_Net,99.2978,64.869,96.8311,69.0151,7,-2.4667,4.1461,4.824391578,2.4667,0.536694037,30.75030321,2.737551
BH FN3 002 06-28.jpg,BH,131.5664232,10.9,high,Fyke_Net,79.3018,47.8645,75.4181,57.7838,7,-3.8837,9.9193,10.65249446,3.8837,0.373183087,21.38181586,2.737551
BH FN3 003 06-28.jpg,BH,117.7399112,10.9,high,Fyke_Net,83.1856,50.8035,80.9288,59.1483,7,-2.2568,8.3448,8.644584043,2.2568,0.264125498,15.1332763,2.737551
BH FN3 004 06-28.jpg,BH,107.0273531,10.9,high,Fyke_Net,86.2268,54.5772,81.5263,60.6878,7,-4.7005,6.1106,7.709353579,4.7005,0.655699581,37.5688186,2.737551
BH FN3 005 06-28.jpg,BH,95.76939596,10.9,high,Fyke_Net,86.3345,59.4108,83.0806,65.6038,7,-3.2539,6.193,6.995792608,3.2539,0.483772897,27.71814526,2.737551
BH FN3 006 06-28.jpg,BH,90.57139585,10.9,high,Fyke_Net,83.5529,56.8391,80.7189,63.0321,7,-2.834,6.193,6.810639104,2.834,0.429167193,24.58946888,2.737551
BH FN3 007 06-28.jpg,BH,97.10718044,10.9,high,Fyke_Net,75.4181,56.2618,73.0039,62.5597,7,-2.4142,6.2979,6.744768791,2.4142,0.366057208,20.97353308,2.737551
BH FN3 008 06-28.jpg,BH,102.2947525,10.9,high,Fyke_Net,80.6664,56.5767,77.255,62.9796,7,-3.4114,6.4029,7.254983003,3.4114,0.489534088,28.04823715,2.737551
BH FN3 009 06-28.jpg,BH,96.62211525,10.9,high,Fyke_Net,84.4451,53.8476,84.2877,59.4632,7,-0.1574,5.6156,5.617805454,0.1574,0.028021725,1.60552659,2.737551
BH FN3 010 06-28.jpg,BH,81.70901948,10.9,high,Fyke_Net,88.3289,57.5739,87.2267,63.0846,7,-1.1022,5.5107,5.619845134,1.1022,0.197406029,11.31053231,2.737551
BH FN3 011 06-28.jpg,BH,60.79570553,10.9,high,Fyke_Net,88.8012,61.2477,86.9118,64.974,7,-1.8894,3.7263,4.177935381,1.8894,0.469267331,26.88703756,2.737551
BH FN3 012 06-28.jpg,BH,77.60581901,10.9,high,Fyke_Net,88.119,59.8306,85.6523,64.3966,7,-2.4667,4.566,5.189697957,2.4667,0.495312985,28.37934357,2.737551
BH FN3 013 06-28.jpg,BH,68.92368815,10.9,high,Fyke_Net,88.5913,57.5739,87.4367,62.3498,7,-1.1546,4.7759,4.91348369,1.1546,0.23720419,13.59079898,2.737551
BH FN4 001 06-28.jpg,BH,69.01714052,10.9,high,Fyke_Net,90.9006,56.7866,89.4835,61.2477,7,-1.4171,4.4611,4.680767631,1.4171,0.307576211,17.62281878,2.737551
BH FN4 002 06-28.jpg,BH,113.9995033,10.9,high,Fyke_Net,84.4451,52.6929,83.0806,60.9852,7,-1.3645,8.2923,8.403814583,1.3645,0.163088753,9.344297214,2.737551
BH FN4 003 06-28.jpg,BH,122.4978517,10.9,high,Fyke_Net,84.4451,47.6021,82.3458,56.5242,7,-2.0993,8.9221,9.165747591,2.0993,0.231088793,13.24041253,2.737551
BH FN4 004 06-28.jpg,BH,110.9952419,10.9,high,Fyke_Net,83.9728,45.3978,82.6607,53.1128,7,-1.3121,7.715,7.825779923,1.3121,0.168459444,9.652015139,2.737551
CR FN1 001.jpg,CR,64.97346647,5,low,Fyke_Net,89.9559,59.2008,87.9615,62.5597,4,-1.9944,3.3589,3.906384591,1.9944,0.535822932,30.70039255,3.267229
CR FN1 002.jpg,CR,124.8281207,5,low,Fyke_Net,78.0422,61.615,73.6861,68.5428,4,-4.3561,6.9278,8.18352125,4.3561,0.561316823,32.16108494,3.267229
CR FN1 003.jpg,CR,108.5879485,5,low,Fyke_Net,83.1856,54.7398,78.8819,59.5157,4,-4.3037,4.7759,6.428923277,4.3037,0.733438279,42.0229179,3.267229
CR FN1 004.jpg,CR,64.90246063,5,low,Fyke_Net,88.0665,62.5073,86.2821,65.9186,4,-1.7844,3.4113,3.84981182,1.7844,0.481944626,27.61339302,3.267229
CR FN1 005.jpg,CR,83.23937819,5,low,Fyke_Net,89.431,61.0377,87.8565,65.8137,4,-1.5745,4.776,5.028839454,1.5745,0.318449199,18.24579507,3.267229
CR FN1 006.jpg,CR,77.1093696,5,low,Fyke_Net,97.9858,52.7454,96.3063,57.2065,4,-1.6795,4.4611,4.766773905,1.6795,0.360064642,20.63018433,3.267229
CR FN1 007.jpg,CR,61.56902396,5,low,Fyke_Net,87.4892,62.2448,86.492,65.6562,4,-0.9972,3.4114,3.554160632,0.9972,0.284390593,16.29438073,3.267229
CR FN1 008.jpg,CR,102.7295571,5,low,Fyke_Net,83.2905,58.3611,80.6139,64.6591,4,-2.6766,6.298,6.843171163,2.6766,0.401863923,23.02510673,3.267229
CR FN1 009.jpg,CR,107.226481,5,low,Fyke_Net,85.7572,56.2093,83.0806,61.825,4,-2.6766,5.6157,6.220954432,2.6766,0.44477582,25.48377734,3.267229
CR FN1 010.jpg,CR,56.3887278,5,low,Fyke_Net,96.8836,63.1895,95.2566,66.3385,4,-1.627,3.149,3.544478805,1.627,0.476896045,27.32413066,3.267229
CR FN1 011.jpg,CR,79.47752842,5,low,Fyke_Net,88.2239,63.242,86.1771,67.5456,4,-2.0468,4.3036,4.76553913,2.0468,0.443939254,25.43584564,3.267229
CR FN1 012.jpg,CR,66.39450069,5,low,Fyke_Net,84.1302,63.1895,81.4011,66.8633,4,-2.7291,3.6738,4.576548181,2.7291,0.638912482,36.60698867,3.267229
CR FN1 013.jpg,CR,75.40523221,5,low,Fyke_Net,93.2623,59.8306,90.4282,63.7668,4,-2.8341,3.9362,4.850339498,2.8341,0.624029076,35.75423237,3.267229
CR FN1 014.jpg,CR,62.42380176,5,low,Fyke_Net,99.2978,61.615,97.0411,64.974,4,-2.2567,3.359,4.046674671,2.2567,0.591573429,33.89466078,3.267229
CR FN1 015.jpg,CR,64.58821626,5,low,Fyke_Net,89.5885,61.615,88.3289,65.1839,4,-1.2596,3.5689,3.784658422,1.2596,0.339289683,19.43986688,3.267229
CR FN7 001.jpg,CR,111.920056,5,low,Fyke_Net,85.2324,58.4136,82.3458,64.9215,4,-2.8866,6.5079,7.119355446,2.8866,0.417479865,23.9198343,3.267229
CR FN7 002.jpg,CR,101.8847655,5,low,Fyke_Net,81.821,54.3724,77.7273,59.5157,4,-4.0937,5.1433,6.573577,4.0937,0.672253497,38.51728817,3.267229
CR FN7 003.jpg,CR,62.47613442,5,low,Fyke_Net,91.1105,63.7668,89.7984,67.7556,4,-1.3121,3.9888,4.199063211,1.3121,0.317796815,18.20841625,3.267229
CR FN7 004.jpg,CR,117.1996509,5,low,Fyke_Net,80.7713,59.8831,74.8932,64.7115,4,-5.8781,4.8284,7.606938029,5.8781,0.883129061,50.59956799,3.267229
CR FN9 001.jpg,CR,104.248361,5,low,Fyke_Net,78.4096,56.7341,73.8436,62.2448,4,-4.566,5.5107,7.156547386,4.566,0.69192046,39.64412212,3.267229
CR FN9 002.jpg,CR,134.6258107,5,low,Fyke_Net,75.9954,53.6901,71.9017,60.6703,4,-4.0937,6.9802,8.092068446,4.0937,0.530413921,30.39047906,3.267229
CR FN9 003.jpg,CR,119.556274,5,low,Fyke_Net,72.2691,54.11,67.4931,60.093,4,-4.776,5.983,7.655485941,4.776,0.673680129,38.59902816,3.267229
CR FN9 004.jpg,CR,80.61293127,5,low,Fyke_Net,86.4395,60.2505,83.8154,64.4491,4,-2.6241,4.1986,4.951175898,2.6241,0.558595034,32.00513788,3.267229
CR FN9 005.jpg,CR,61.73950753,5,low,Fyke_Net,98.1432,63.137,97.5659,66.7059,4,-0.5773,3.5689,3.615290099,0.5773,0.160369421,9.188490971,3.267229
CR FN9 006.jpg,CR,68.91121826,5,low,Fyke_Net,92.9474,62.5073,91.3729,65.9711,4,-1.5745,3.4638,3.804860141,1.5745,0.426638369,24.44457791,3.267229
CR FN9 007.jpg,CR,64.67081249,5,low,Fyke_Net,92.2126,64.7115,90.953,68.0705,4,-1.2596,3.359,3.587404795,1.2596,0.358764145,20.55567136,3.267229
CR FN9 008.jpg,CR,65.12074482,5,low,Fyke_Net,90.0083,63.6094,89.1161,67.1782,4,-0.8922,3.5688,3.678634839,0.8922,0.244978663,14.03624347,3.267229
CR FN9 009.jpg,CR,69.54068797,5,low,Fyke_Net,91.8977,61.72,89.7459,65.9711,4,-2.1518,4.2511,4.764671494,2.1518,0.468575296,26.84738683,3.267229
CR FN9 010.jpg,CR,119.9971317,5,low,Fyke_Net,80.3515,57.6263,75.2606,63.137,4,-5.0909,5.5107,7.502338122,5.0909,0.745821044,42.73239807,3.267229
CR FN9 011.jpg,CR,88.3044528,5,low,Fyke_Net,80.299,58.3611,78.4096,63.7668,4,-1.8894,5.4057,5.726379733,1.8894,0.336247095,19.26553941,3.267229
FD Electro 001.jpg,FD,72.20106358,6.21,low,Electrofishing,84.6551,56.5242,82.5033,60.6703,7,-2.1518,4.1461,4.671229865,2.1518,0.478726895,27.42903062,2.759796
FD Electro 002.jpg,FD,102.9210899,6.21,low,Electrofishing,87.0168,58.9384,82.9231,65.4463,7,-4.0937,6.5079,7.688377078,4.0937,0.561495972,32.17134939,2.759796
FD Electro 003.jpg,FD,115.4605245,6.21,low,Electrofishing,82.0834,55.3696,79.4068,62.8222,7,-2.6766,7.4526,7.918676298,2.6766,0.344802745,19.75574204,2.759796
FD Electro 004.jpg,FD,106.0068908,6.21,low,Electrofishing,79.0919,60.1455,76.9926,67.0208,7,-2.0993,6.8753,7.188658469,2.0993,0.296348103,16.97949554,2.759796
FD Electro 005.jpg,FD,117.1143298,6.21,low,Electrofishing,80.3515,59.3058,77.7273,65.8662,7,-2.6242,6.5604,7.065781896,2.6242,0.380511633,21.80171064,2.759796
FD Electro 006.jpg,FD,73.85329736,6.21,low,Electrofishing,79.9073,57.4497,78.7583,62.359,7,-1.149,4.9093,5.041966629,1.149,0.229907304,13.17271822,2.759796
FD Electro 007.jpg,FD,110.850855,6.21,low,Electrofishing,82.0309,51.4333,80.2465,59.0434,7,-1.7844,7.6101,7.816502119,1.7844,0.230317094,13.19619742,2.759796
FD Electro 008.jpg,FD,117.905568,6.21,low,Electrofishing,84.7076,57.6788,83.343,65.6562,7,-1.3646,7.9774,8.093271521,1.3646,0.169418492,9.706964587,2.759796
FD Electro 009.jpg,FD,96.15505808,6.21,low,Electrofishing,77.2025,61.9824,75.2606,68.6478,7,-1.9419,6.6654,6.942516314,1.9419,0.283493354,16.24297269,2.759796
FD Electro 010.jpg,FD,99.73682684,6.21,low,Electrofishing,76.5727,59.2533,75.9429,66.0761,7,-0.6298,6.8228,6.851806176,0.6298,0.092047296,5.273921578,2.759796
FD Electro 011.jpg,FD,105.0266791,6.21,low,Electrofishing,75.1032,56.5767,73.1613,64.2392,7,-1.9419,7.6625,7.904737937,1.9419,0.24820338,14.22100611,2.759796
FD Electro 012.jpg,FD,69.87902047,6.21,low,Electrofishing,85.7047,61.9824,84.6026,66.7584,7,-1.1021,4.776,4.901510013,1.1021,0.226788144,12.99400348,2.759796
FD Electro 013.jpg,FD,69.00706254,6.21,low,Electrofishing,91.9502,56.7341,90.4282,61.1427,7,-1.522,4.4086,4.663929455,1.522,0.332422927,19.04643076,2.759796
FD Electro 014.jpg,FD,104.0556844,6.21,low,Electrofishing,78.3571,52.2731,76.5202,59.5157,7,-1.8369,7.2426,7.471911159,1.8369,0.248386933,14.23152295,2.759796
FD Electro 015.jpg,FD,102.0805278,6.21,low,Electrofishing,81.6111,63.7668,78.8295,70.0123,7,-2.7816,6.2455,6.836926854,2.7816,0.419002518,24.00707586,2.759796
FD Electro 016.jpg,FD,68.28492116,6.21,low,Electrofishing,82.8182,60.7753,81.1387,64.974,7,-1.6795,4.1987,4.522145723,1.6795,0.380510483,21.80164476,2.759796
FD Electro 017.jpg,FD,114.9075464,6.21,low,Electrofishing,80.3515,52.1681,79.7217,59.7257,7,-0.6298,7.5576,7.583796266,0.6298,0.083141232,4.763641691,2.759796
FD Electro 018.jpg,FD,109.7251351,6.21,low,Electrofishing,83.343,55.0547,81.7685,62.1399,7,-1.5745,7.0852,7.258037565,1.5745,0.21867044,12.52889333,2.759796
FD Electro 019.jpg,FD,74.32669439,6.21,low,Electrofishing,86.9118,62.5073,86.2296,67.5981,7,-0.6822,5.0908,5.13630621,0.6822,0.133212826,7.632532717,2.759796
FD Electro 020.jpg,FD,77.75203676,6.21,low,Electrofishing,85.3898,58.3611,83.1331,63.3995,7,-2.2567,5.0384,5.52070371,2.2567,0.421106298,24.12761363,2.759796
FD Electro 021.jpg,FD,77.40347569,6.21,low,Electrofishing,95.7815,57.154,94.3644,61.9824,7,-1.4171,4.8284,5.032059118,1.4171,0.285476125,16.35657713,2.759796
FD Electro 022.jpg,FD,77.10154619,6.21,low,Electrofishing,91.5304,51.3809,90.6381,56.2618,7,-0.8923,4.8809,4.961792428,0.8923,0.180817907,10.36010291,2.759796
FD Electro 023.jpg,FD,77.78823399,6.21,low,Electrofishing,83.2905,59.9881,82.2933,64.4491,7,-0.9972,4.461,4.571097116,0.9972,0.21992181,12.60059156,2.759796
FD Electro 024.jpg,FD,82.88302066,6.21,low,Electrofishing,80.0366,59.7781,79.6692,65.4463,7,-0.3674,5.6682,5.680094541,0.3674,0.064727209,3.708595924,2.759796
FD Electro 025.jpg,FD,71.61445258,6.21,low,Electrofishing,87.1743,61.5101,85.4423,65.4988,7,-1.732,3.9887,4.348511434,1.732,0.409659709,23.47177233,2.759796
FD Electro 026.jpg,FD,83.3444086,6.21,low,Electrofishing,89.1161,62.0874,86.1771,66.2335,7,-2.939,4.1461,5.082112377,2.939,0.616646842,35.33126148,2.759796
FD Electro 027.jpg,FD,79.02184944,6.21,low,Electrofishing,83.9203,59.2008,82.9231,64.7115,7,-0.9972,5.5107,5.600198419,0.9972,0.179019795,10.25707872,2.759796
FD Electro 028.jpg,FD,78.83079379,6.21,low,Electrofishing,86.7019,59.2008,84.1827,64.5541,7,-2.5192,5.3533,5.916433852,2.5192,0.439842583,25.20112365,2.759796
FD Electro 029.jpg,FD,56.11227989,6.21,low,Electrofishing,93.3148,61.1952,92.5275,64.764,7,-0.7873,3.5688,3.654610065,0.7873,0.217128604,12.44055264,2.759796
FD Electro 030.jpg,FD,67.21800051,6.21,low,Electrofishing,88.8537,60.8278,86.2296,64.9215,7,-2.6241,4.0937,4.862538483,2.6241,0.570028921,32.66025139,2.759796
HB AN 001 07-24.jpg,HB,161.727793,24.5,high,Angling,63.137,46.8673,55.5795,55.6845,4,-7.5575,8.8172,11.61287312,7.5575,0.708619734,40.60092004,2.922681
HB AN 001.jpg,HB,180.237427,24.5,high,Angling,61.4576,42.9311,56.6816,55.1072,4,-4.776,12.1761,13.07928084,4.776,0.373802186,21.41728764,2.922681
HB AN 002 07-24.jpg,HB,153.411391,24.5,high,Angling,60.4079,50.2262,58.781,61.0377,4,-1.6269,10.8115,10.93322166,1.6269,0.149358039,8.557585265,2.922681
HB AN 002.jpg,HB,178.387895,24.5,high,Angling,66.6009,40.6743,61.825,53.1128,4,-4.7759,12.4385,13.32386967,4.7759,0.366603729,21.00484645,2.922681
HB AN 003 07-24.jpg,HB,137.5545789,24.5,high,Angling,66.496,51.8532,63.8193,61.3001,4,-2.6767,9.4469,9.818790277,2.6767,0.276104695,15.81963374,2.922681
HB AN 003.jpg,HB,170.9376466,24.5,high,Angling,65.9186,37.3154,61.5101,49.1766,4,-4.4085,11.8612,12.65396925,4.4085,0.355851567,20.38879294,2.922681
HB AN 004 07-24.jpg,HB,158.0783168,24.5,high,Angling,67.808,49.439,65.7087,60.5129,4,-2.0993,11.0739,11.27112779,2.0993,0.187348707,10.73429021,2.922681
HB AN 004.jpg,HB,174.5819128,24.5,high,Angling,66.0236,44.663,58.1512,56.2093,4,-7.8724,11.5463,13.97468159,7.8724,0.598414325,34.28661522,2.922681
HB AN 005 07-24.jpg,HB,150.9761778,24.5,high,Angling,72.4265,54.3199,70.9045,63.8718,4,-1.522,9.5519,9.672397718,1.522,0.158011696,9.053403306,2.922681
HB AN 005.jpg,HB,169.6128442,24.5,high,Angling,62.8222,39.992,60.5654,50.2787,4,-2.2568,10.2867,10.53135049,2.2568,0.215968474,12.37408206,2.922681
HB AN 006 07-24.jpg,HB,149.4165939,24.5,high,Angling,79.1968,45.0829,74.1585,53.3752,4,-5.0383,8.2923,9.702922559,5.0383,0.545980065,31.28235345,2.922681
HB AN 006.jpg,HB,169.2879497,24.5,high,Angling,68.7527,41.6715,65.2889,52.0631,4,-3.4638,10.3916,10.9536871,3.4638,0.32174478,18.434618,2.922681
HB AN 007 07-24.jpg,HB,154.5728332,24.5,high,Angling,70.9045,49.1766,67.9655,59.7781,4,-2.939,10.6015,11.00134188,2.939,0.270433523,15.49469953,2.922681
HB AN 007.jpg,HB,159.0739038,24.5,high,Angling,61.9299,51.3809,57.9412,61.9824,4,-3.9887,10.6015,11.32702653,3.9887,0.359856659,20.61826781,2.922681
HB AN 008 07-24.jpg,HB,154.1996091,24.5,high,Angling,59.3583,46.185,57.6788,55.1596,4,-1.6795,8.9746,9.130397878,1.6795,0.184999438,10.59968704,2.922681
HB AN 008.jpg,HB,164.5510874,24.5,high,Angling,65.1839,45.6077,59.6732,55.9469,4,-5.5107,10.3392,11.71609453,5.5107,0.489690725,28.05721179,2.922681
HB AN 009 07-24.jpg,HB,156.3387879,24.5,high,Angling,61.9824,41.4091,60.5654,51.6433,4,-1.417,10.2342,10.33183133,1.417,0.137582607,7.882902689,2.922681
HB AN 009.jpg,HB,167.0523914,24.5,high,Angling,66.8633,44.5056,65.4988,56.7866,4,-1.3645,12.281,12.35656996,1.3645,0.110652753,6.339935718,2.922681
HB AN 010 07-24.jpg,HB,145.8669131,24.5,high,Angling,68.8052,54.6348,64.5016,64.4491,4,-4.3036,9.8143,10.71641066,4.3036,0.413251994,23.67759515,2.922681
HB AN 010.jpg,HB,152.834425,24.5,high,Angling,65.5513,45.1879,60.9852,53.7426,4,-4.5661,8.5547,9.697018165,4.5661,0.490284292,28.09122067,2.922681
HB AN 011 07-24.jpg,HB,152.9914648,24.5,high,Angling,61.3001,47.917,59.4108,57.7838,4,-1.8893,9.8668,10.04605379,1.8893,0.189190494,10.83981681,2.922681
HB AN 011.jpg,HB,166.6326324,24.5,high,Angling,61.3001,39.2048,59.4108,49.7539,4,-1.8893,10.5491,10.71694757,1.8893,0.177217023,10.15378745,2.922681
HB AN 012 07-24.jpg,HB,128.518619,24.5,high,Angling,72.7414,47.812,69.33,56.1043,4,-3.4114,8.2923,8.966598533,3.4114,0.390289783,22.36195738,2.922681
HB AN 012.jpg,HB,159.9961535,24.5,high,Angling,65.2364,47.4446,60.9852,58.3611,4,-4.2512,10.9165,11.71506183,4.2512,0.371360228,21.27737374,2.922681
HB AN 013 07-24.jpg,HB,143.6471311,24.5,high,Angling,67.7556,49.0716,64.5016,58.1512,4,-3.254,9.0796,9.645084352,3.254,0.344125873,19.71696014,2.922681
HB AN 014 07-24.jpg,HB,130.2634827,24.5,high,Angling,76.9926,51.5383,70.9045,58.8334,4,-6.0881,7.2951,9.501760133,6.0881,0.695453802,39.84656773,2.922681
HB AN 015 07-24.jpg,HB,148.0949555,24.5,high,Angling,65.2889,53.5851,61.72,62.5597,4,-3.5689,8.9746,9.658182664,3.5689,0.378493336,21.68607075,2.922681
HB FN3 001.jpg,HB,144.5068786,24.5,high,Fyke_Net,62.8746,51.2759,59.3583,61.6675,4,-3.5163,10.3916,10.97040183,3.5163,0.326284828,18.69474354,2.922681
HB FN9 001.jpg,HB,134.4101683,24.5,high,Fyke_Net,73.7911,48.2844,68.2804,57.049,4,-5.5107,8.7646,10.35306851,5.5107,0.561287946,32.1594304,2.922681
HB FN9 002.jpg,HB,123.4174765,24.5,high,Fyke_Net,74.8932,48.0219,71.9542,56.8391,4,-2.939,8.8172,9.29412378,2.939,0.321743749,18.43455893,2.922681
LC Electro1 001.jpg,LC,79.75982947,4.07,low,Electrofishing,82.0309,61.825,79.6692,67.2307,7,-2.3617,5.4057,5.899086317,2.3617,0.411898906,23.60006889,3.241581
LC Electro1 002.jpg,LC,88.98730608,4.07,low,Electrofishing,80.7189,59.0959,77.8848,64.9215,7,-2.8341,5.8256,6.478405527,2.8341,0.452781848,25.94248894,3.241581
LC Electro1 003.jpg,LC,120.964947,4.07,low,Electrofishing,73.7911,49.7014,71.3769,58.571,7,-2.4142,8.8696,9.192288388,2.4142,0.26575018,15.22636372,3.241581
LC Electro1 004.jpg,LC,100.9320275,4.07,low,Electrofishing,76.3103,56.5242,72.0067,62.6647,7,-4.3036,6.1405,7.498447387,4.3036,0.611299546,35.02488398,3.241581
LC Electro1 005.jpg,LC,90.82617971,4.07,low,Electrofishing,83.9203,63.3995,78.3571,66.3385,7,-5.5632,2.939,6.291813351,5.5632,1.084771291,62.15281674,3.241581
LC Electro1 006.jpg,LC,99.34367869,4.07,low,Electrofishing,77.6748,54.3199,75.1557,60.6703,7,-2.5191,6.3504,6.831796614,2.5191,0.37764421,21.63741937,3.241581
LC Electro1 007.jpg,LC,87.22278284,4.07,low,Electrofishing,77.7273,58.1512,74.0535,64.1867,7,-3.6738,6.0355,7.065696476,3.6738,0.546790943,31.32881333,3.241581
LC Electro1 008.jpg,LC,113.963907,4.07,low,Electrofishing,83.7629,56.1043,79.4068,63.6094,7,-4.3561,7.5051,8.677680175,4.3561,0.525897003,30.13167871,3.241581
LC Electro1 009.jpg,LC,93.49698781,4.07,low,Electrofishing,79.4068,60.4604,75.8379,66.0761,7,-3.5689,5.6157,6.653805956,3.5689,0.566129829,32.43684983,3.241581
LC Electro1 010.jpg,LC,93.52871135,4.07,low,Electrofishing,83.8678,61.5101,79.5117,66.7059,7,-4.3561,5.1958,6.780261415,4.3561,0.697714362,39.97608827,3.241581
LC Electro1 011.jpg,LC,73.58432914,4.07,low,Electrofishing,82.4508,62.9271,79.5117,67.7556,7,-2.9391,4.8285,5.652673797,2.9391,0.546790812,31.3288058,3.241581
LC Electro1 012.jpg,LC,60.01012801,4.07,low,Electrofishing,85.6523,62.7697,83.0806,66.391,7,-2.5717,3.6213,4.441559926,2.5717,0.617511818,35.38082095,3.241581
LC Electro1 013.jpg,LC,91.44178923,4.07,low,Electrofishing,89.536,58.2561,86.4395,64.7115,7,-3.0965,6.4554,7.159643944,3.0965,0.447256556,25.62591303,3.241581
LC Electro1 014.jpg,LC,106.8154383,4.07,low,Electrofishing,85.7572,58.3086,82.5033,65.0264,7,-3.2539,6.7178,7.464362133,3.2539,0.451065511,25.84415009,3.241581
LC Electro1 015.jpg,LC,65.81621403,4.07,low,Electrofishing,96.2013,62.7697,92.6325,66.286,7,-3.5688,3.5163,5.010059793,3.5688,0.792807944,45.42454918,3.241581
LC Electro1 016.jpg,LC,69.63054327,4.07,low,Electrofishing,87.0693,58.571,85.9147,63.137,7,-1.1546,4.566,4.709719435,1.1546,0.2476771,14.19085253,3.241581
LC Electro1 017.jpg,LC,88.07831159,4.07,low,Electrofishing,84.2877,59.7781,80.0891,65.1314,7,-4.1986,5.3533,6.803386131,4.1986,0.665094976,38.1071351,3.241581
LC Electro1 018.jpg,LC,97.05717389,4.07,low,Electrofishing,88.9587,58.9384,85.8622,64.5541,7,-3.0965,5.6157,6.41283079,3.0965,0.503917844,28.87236568,3.241581
LC Electro1 019.jpg,LC,64.97448392,4.07,low,Electrofishing,89.8509,63.1895,86.9643,67.2832,7,-2.8866,4.0937,5.009075688,2.8866,0.614162147,35.18889893,3.241581
LC Electro1 020.jpg,LC,112.0714958,4.07,low,Electrofishing,80.194,59.3058,75.2081,67.7031,7,-4.9859,8.3973,9.765953415,4.9859,0.535811513,30.69973832,3.241581
LC Electro1 021.jpg,LC,106.5756581,4.07,low,Electrofishing,77.0975,57.8887,72.8989,64.0817,7,-4.1986,6.193,7.482077984,4.1986,0.595779673,34.13566076,3.241581
LC Electro1 022.jpg,LC,75.46772541,4.07,low,Electrofishing,83.1331,66.286,79.3543,70.3797,7,-3.7788,4.0937,5.571149713,3.7788,0.745419476,42.70938996,3.241581
LC Electro1 023.jpg,LC,67.4857508,4.07,low,Electrofishing,86.9118,59.8831,84.6551,64.4491,7,-2.2567,4.566,5.093235798,2.2567,0.459029029,26.30042602,3.241581
LC Electro1 024.jpg,LC,61.55340847,4.07,low,Electrofishing,86.492,60.2505,84.6026,64.8165,7,-1.8894,4.566,4.941476334,1.8894,0.392344013,22.47965606,3.241581
LC Electro1 025.jpg,LC,75.89593468,4.07,low,Electrofishing,84.6026,61.72,82.9756,67.2832,7,-1.627,5.5632,5.796233539,1.627,0.284522858,16.30195896,3.241581
LC Electro1 026.jpg,LC,96.74074809,4.07,low,Electrofishing,77.9897,59.4108,74.5259,65.8662,7,-3.4638,6.4554,7.325987961,3.4638,0.492476965,28.2168516,3.241581
LC Electro1 027.jpg,LC,93.85357494,4.07,low,Electrofishing,85.9672,58.9384,82.8182,64.974,7,-3.149,6.0356,6.807691853,3.149,0.480886148,27.55274669,3.241581
LC Electro1 028.jpg,LC,59.70826475,4.07,low,Electrofishing,94.3644,58.3611,93.9446,62.6647,7,-0.4198,4.3036,4.32402648,0.4198,0.097238602,5.571361495,3.241581
LC Electro2 001.jpg,LC,64.99391821,4.07,low,Electrofishing,80.5089,58.9909,78.3046,64.0293,7,-2.2043,5.0384,5.499492072,2.2043,0.412410442,23.62937773,3.241581
LC Electro3 001.jpg,LC,104.6469564,4.07,low,Electrofishing,82.5033,56.8391,78.9869,64.9215,7,-3.5164,8.0824,8.814207776,3.5164,0.410368,23.51235445,3.241581
LT Electro 1.jpg,LT,116.1350958,4.02,low,Electrofishing,82.0834,58.571,79.9316,65.9711,7,-2.1518,7.4001,7.706602575,2.1518,0.282976628,16.2133665,3.099287
LT Electro 10.jpg,LT,79.56672056,4.02,low,Electrofishing,78.6195,56.1043,75.1032,61.3526,7,-3.5163,5.2483,6.317358513,3.5163,0.590298725,33.8216256,3.099287
LT Electro 11.jpg,LT,69.85583906,4.02,low,Electrofishing,92.3176,60.4604,89.641,65.3413,7,-2.6766,4.8809,5.566630253,2.6766,0.501600497,28.73959151,3.099287
LT Electro 12.jpg,LT,87.59922107,4.02,low,Electrofishing,77.4649,60.8278,73.3712,67.0208,7,-4.0937,6.193,7.423720677,4.0937,0.584083531,33.46552121,3.099287
LT Electro 13.jpg,LT,84.76136113,4.02,low,Electrofishing,75.2606,55.6845,73.3188,61.615,7,-1.9418,5.9305,6.240305881,1.9418,0.316424582,18.1297931,3.099287
LT Electro 14.jpg,LT,76.68558354,4.02,low,Electrofishing,81.926,51.9057,79.8266,56.9965,7,-2.0994,5.0908,5.506698194,2.0994,0.391142408,22.41080919,3.099287
LT Electro 15.jpg,LT,82.16260165,4.02,low,Electrofishing,77.6748,60.198,75.1557,66.4435,7,-2.5191,6.2455,6.734399384,2.5191,0.38338788,21.96650743,3.099287
LT Electro 2.jpg,LT,74.58100219,4.02,low,Electrofishing,84.4976,59.0959,82.1884,64.0293,7,-2.3092,4.9334,5.447094657,2.3092,0.437782813,25.08310754,3.099287
LT Electro 3.jpg,LT,84.25524118,4.02,low,Electrofishing,81.716,56.6816,79.7742,62.6122,7,-1.9418,5.9306,6.240400917,1.9418,0.316419596,18.1295074,3.099287
LT Electro 4.jpg,LT,78.55167622,4.02,low,Electrofishing,86.1771,62.5073,84.97,67.9655,7,-1.2071,5.4582,5.590083868,1.2071,0.21765028,12.47044248,3.099287
LT Electro 5.jpg,LT,95.08740687,4.02,low,Electrofishing,88.0665,58.0462,82.6082,63.7668,7,-5.4583,5.7206,7.906851665,5.4583,0.761938621,43.65586723,3.099287
LT Electro 6.jpg,LT,79.21465235,4.02,low,Electrofishing,81.6635,56.6816,79.0919,62.2448,7,-2.5716,5.5632,6.128810717,2.5716,0.432995802,24.80883198,3.099287
LT Electro 7.jpg,LT,71.73059185,4.02,low,Electrofishing,84.3402,59.0959,83.3955,64.2392,7,-0.9447,5.1433,5.229339631,0.9447,0.181651133,10.40784327,3.099287
LT Electro 8.jpg,LT,80.72868117,4.02,low,Electrofishing,82.7657,55.1072,79.5117,60.5654,7,-3.254,5.4582,6.354562396,3.254,0.537596524,30.80201193,3.099287
LT Electro 9.jpg,LT,114.476985,4.02,low,Electrofishing,75.5755,53.7951,73.3712,61.2477,7,-2.2043,7.4526,7.771755609,2.2043,0.287577047,16.47695109,3.099287
LT FN 001 06-05.jpg,LT,148.7960527,4.02,low,Fyke_Net,73.2663,46.29,69.8024,56.5242,7,-3.4639,10.2342,10.80451076,3.4639,0.3263603,18.69906781,3.099287
LT FN 002 06-05.jpg,LT,148.0110023,4.02,low,Fyke_Net,72.2691,54.11,69.1201,65.4988,7,-3.149,11.3888,11.81613162,3.149,0.269759952,15.45610676,3.099287
LT FN 003 06-05.jpg,LT,129.3876269,4.02,low,Fyke_Net,73.5287,51.2759,68.5953,60.4604,7,-4.9334,9.1845,10.42561633,4.9334,0.492919491,28.2422065,3.099287
LT FN 004 06-05.jpg,LT,118.508671,4.02,low,Fyke_Net,69.9598,59.3058,66.496,68.6478,7,-3.4638,9.342,9.963477026,3.4638,0.355063303,20.34362871,3.099287
LT FN 005 06-05.jpg,LT,137.8309701,4.02,low,Fyke_Net,73.1088,41.829,69.435,51.5383,7,-3.6738,9.7093,10.38110365,3.6738,0.361730216,20.72561467,3.099287
LT FN 006 06-05.jpg,LT,127.7451745,4.02,low,Fyke_Net,67.6506,49.6489,64.2392,58.3611,7,-3.4114,8.7122,9.356285524,3.4114,0.37321448,21.38361455,3.099287
LT FN 007 06-05.jpg,LT,124.140047,4.02,low,Fyke_Net,73.3712,54.7398,67.0208,62.3498,7,-6.3504,7.61,9.91159322,6.3504,0.695415174,39.84435446,3.099287
LT FN 008 06-05.jpg,LT,126.0666241,4.02,low,Fyke_Net,72.479,53.5851,67.3357,61.7725,7,-5.1433,8.1874,9.66887034,5.1433,0.560894969,32.13691446,3.099287
LT FN 009 06-05.jpg,LT,105.0319111,4.02,low,Fyke_Net,79.7217,54.6873,77.3075,61.72,7,-2.4142,7.0327,7.435538375,2.4142,0.33067756,18.94642854,3.099287
LT FN 010 06-05.jpg,LT,96.12938776,4.02,low,Fyke_Net,86.8069,59.5682,84.865,65.8662,7,-1.9419,6.298,6.590582646,1.9419,0.299086828,17.13641296,3.099287
LT FN 011 06-05.jpg,LT,136.5267144,4.02,low,Fyke_Net,82.6607,48.5993,76.8351,56.0518,7,-5.8256,7.4525,9.459247941,5.8256,0.66348077,38.01464794,3.099287
LT FN 012 06-05.jpg,LT,88.8052838,4.02,low,Fyke_Net,87.5416,50.0688,84.7076,56.1043,7,-2.834,6.0355,6.667744465,2.834,0.438996448,25.15264369,3.099287
LT FN 013 06-05.jpg,LT,125.3934969,4.02,low,Fyke_Net,77.2025,57.8887,73.3712,67.2307,7,-3.8313,9.342,10.09711957,3.8313,0.389196197,22.2992995,3.099287
LT FN 014 06-05.jpg,LT,124.8738332,4.02,low,Fyke_Net,70.5896,50.3837,67.6506,58.7285,7,-2.939,8.3448,8.847226008,2.939,0.338629273,19.40202818,3.099287
LT FN 015 06-05.jpg,LT,117.4314953,4.02,low,Fyke_Net,76.0479,50.9085,72.6365,59.7781,7,-3.4114,8.8696,9.50302342,3.4114,0.367175345,21.0375976,3.099287
MC FN7 001.jpg,MC,150.0176329,14.3,high,Fyke_Net,72.3741,52.7979,68.5953,62.5597,4,-3.7788,9.7618,10.46766778,3.7788,0.369337106,21.16145741,3.340614
MC FN7 002.jpg,MC,137.2193518,14.3,high,Fyke_Net,72.584,54.6873,65.0789,60.8803,4,-7.5051,6.193,9.730353283,7.5051,0.880893819,50.47149804,3.340614
MC FN7 003.jpg,MC,142.4431924,14.3,high,Fyke_Net,73.1613,46.9723,68.7527,56.5767,4,-4.4086,9.6044,10.56788784,4.4086,0.430328587,24.65601183,3.340614
MC FN7 004.jpg,MC,145.3779211,14.3,high,Fyke_Net,66.5484,51.4333,61.72,60.8803,4,-4.8284,9.447,10.60939468,4.8284,0.47249134,27.07175965,3.340614
MC FN7 005.jpg,MC,137.1272243,14.3,high,Fyke_Net,72.689,51.9057,66.7584,61.0902,4,-5.9306,9.1845,10.93284303,5.9306,0.573359368,32.85107192,3.340614
MC FN7 006.jpg,MC,122.9396743,14.3,high,Fyke_Net,70.0123,55.422,65.7612,62.9271,4,-4.2511,7.5051,8.625449392,4.2511,0.515368456,29.52843741,3.340614
MC FN7 007.jpg,MC,137.7214136,14.3,high,Fyke_Net,74.4734,55.2646,69.435,64.7115,4,-5.0384,9.4469,10.70651176,5.0384,0.489961722,28.07273877,3.340614
MC FN7 008.jpg,MC,121.1367243,14.3,high,Fyke_Net,73.5287,63.242,68.7527,69.8024,4,-4.776,6.5604,8.114741164,4.776,0.629274667,36.05478256,3.340614
MC FN7 009.jpg,MC,148.383713,14.3,high,Fyke_Net,73.0563,50.6461,68.2804,59.2533,4,-4.7759,8.6072,9.843429923,4.7759,0.506576521,29.02469668,3.340614
MC FN7 010.jpg,MC,130.1858788,14.3,high,Fyke_Net,72.9514,56.7866,68.4903,66.1286,4,-4.4611,9.342,10.35250584,4.4611,0.445511849,25.52594868,3.340614
MC FN7 011.jpg,MC,133.8027688,14.3,high,Fyke_Net,71.6393,58.2036,66.9683,67.2832,4,-4.671,9.0796,10.21065018,4.671,0.475140651,27.22355397,3.340614
MC FN7 012.jpg,MC,138.9901466,14.3,high,Fyke_Net,73.1613,53.5327,65.3413,60.8803,4,-7.82,7.3476,10.7303134,7.82,0.816533435,46.78391964,3.340614
MC FN7 013.jpg,MC,127.9217585,14.3,high,Fyke_Net,74.001,53.4277,68.2804,62.1399,4,-5.7206,8.7122,10.422461,5.7206,0.581014549,33.28968148,3.340614
MC FN7 014.jpg,MC,132.9933705,14.3,high,Fyke_Net,72.7939,51.6958,67.4931,59.5157,4,-5.3008,7.8199,9.447185647,5.3008,0.59571208,34.131788,3.340614
MC FN7 015.jpg,MC,139.8152843,14.3,high,Fyke_Net,72.1641,53.1128,65.9711,61.825,4,-6.193,8.7122,10.68904476,6.193,0.61796565,35.40682363,3.340614
MC FN8 001.jpg,MC,110.9998176,14.3,high,Fyke_Net,69.5925,55.1072,66.6534,62.2973,4,-2.9391,7.1901,7.76761526,2.9391,0.388044121,22.2332904,3.340614
MC FN8 002.jpg,MC,122.4455588,14.3,high,Fyke_Net,65.2364,52.1156,60.7753,60.093,4,-4.4611,7.9774,9.140039604,4.4611,0.509892271,29.21467514,3.340614
MC FN8 003.jpg,MC,121.8483293,14.3,high,Fyke_Net,74.6833,53.0603,69.9074,61.7725,4,-4.7759,8.7122,9.935373654,4.7759,0.501448902,28.73090574,3.340614
MC FN8 004.jpg,MC,115.6831365,14.3,high,Fyke_Net,77.1786,49.3086,74.2869,55.8398,4,-2.8917,6.5312,7.142723733,2.8917,0.416809925,23.88144959,3.340614
MC FN8 005.jpg,MC,105.293539,14.3,high,Fyke_Net,78.1997,58.781,72.584,64.6066,4,-5.6157,5.8256,8.09158216,5.6157,0.767054404,43.94898,3.340614
MC FN8 006.jpg,MC,134.8541879,14.3,high,Fyke_Net,75.4181,59.7257,70.5896,67.7556,4,-4.8285,8.0299,9.369829575,4.8285,0.541385913,31.01912793,3.340614
MC FN8 007.jpg,MC,142.159868,14.3,high,Fyke_Net,71.2719,47.6021,68.1754,56.4192,4,-3.0965,8.8171,9.345028874,3.0965,0.337736846,19.35089588,3.340614
MC FN8 008.jpg,MC,129.2649865,14.3,high,Fyke_Net,79.1444,49.2291,73.6336,56.6816,4,-5.5108,7.4525,9.26869316,5.5108,0.636719087,36.4813164,3.340614
MC FN8 009.jpg,MC,132.0961847,14.3,high,Fyke_Net,78.2522,52.2731,72.4265,59.3583,4,-5.8257,7.0852,9.17272258,5.8257,0.688152638,39.42824179,3.340614
MC FN8 010.jpg,MC,65.3214139,14.3,high,Fyke_Net,97.251,53.6901,94.5219,58.2561,4,-2.7291,4.566,5.319430685,2.7291,0.538726898,30.86677757,3.340614
MC FN8 011.jpg,MC,138.9366317,14.3,high,Fyke_Net,77.9373,48.3368,72.8464,56.8391,4,-5.0909,8.5023,9.909912618,5.0909,0.539512678,30.91179946,3.340614
MC FN8 012.jpg,MC,82.84328256,14.3,high,Fyke_Net,91.1105,60.3555,87.5941,65.2889,4,-3.5164,4.9334,6.05834173,3.5164,0.619247871,35.48028946,3.340614
MC FN8 013.jpg,MC,94.79502028,14.3,high,Fyke_Net,84.5501,50.4362,81.2437,56.0518,4,-3.3064,5.6156,6.516689675,3.3064,0.532134869,30.48908212,3.340614
MC FN8 014.jpg,MC,88.02551844,14.3,high,Fyke_Net,81.1912,57.6263,78.7245,63.3995,4,-2.4667,5.7732,6.278092635,2.4667,0.403789565,23.13543786,3.340614
MC FN8 015.jpg,MC,77.73081425,14.3,high,Fyke_Net,88.7488,61.7725,87.0168,66.286,4,-1.732,4.5135,4.834408573,1.732,0.366409007,20.99368968,3.340614
MK Electro 001.jpg,MS,114.4106971,6.66,low,Electrofishing,74.9457,54.005,73.3188,61.9824,7,-1.6269,7.9774,8.141603919,1.6269,0.201179816,11.52675441,2.820192
MK Electro 002.jpg,MS,88.78349078,6.66,low,Electrofishing,85.4948,55.9469,83.1856,60.9328,7,-2.3092,4.9859,5.494688658,2.3092,0.433732263,24.85102811,2.820192
MK Electro 003.jpg,MS,63.34394046,6.66,low,Electrofishing,88.4863,56.2618,86.8594,60.6703,7,-1.6269,4.4085,4.69911437,1.6269,0.353532691,20.25593109,2.820192
MK Electro 004.jpg,MS,79.50588597,6.66,low,Electrofishing,84.7076,57.3639,83.6579,63.5044,7,-1.0497,6.1405,6.229575454,1.0497,0.169310405,9.700771626,2.820192
MK Electro 005.jpg,MS,85.72408184,6.66,low,Electrofishing,81.0338,58.676,79.9841,65.0264,7,-1.0497,6.3504,6.436571312,1.0497,0.163815416,9.385931978,2.820192
MK Electro 006.jpg,MS,75.39605283,6.66,low,Electrofishing,83.343,57.8363,81.6111,62.9271,7,-1.7319,5.0908,5.377334121,1.7319,0.327919504,18.7884036,2.820192
MK Electro 007.jpg,MS,63.54469821,6.66,low,Electrofishing,86.4395,60.5129,84.1302,64.5016,7,-2.3093,3.9887,4.608968885,2.3093,0.524805654,30.06914906,2.820192
MK Electro 008.jpg,MS,63.81473263,6.66,low,Electrofishing,86.0196,55.9469,85.2324,60.8278,7,-0.7872,4.8809,4.943972962,0.7872,0.159904749,9.161867255,2.820192
MK Electro 009.jpg,MS,82.53159941,6.66,low,Electrofishing,87.8565,52.2206,86.1246,57.6263,7,-1.7319,5.4057,5.676360639,1.7319,0.310051272,17.76462932,2.820192
MK Electro 010.jpg,MS,89.3079009,6.66,low,Electrofishing,76.5202,53.9,74.4734,59.9881,7,-2.0468,6.0881,6.422955071,2.0468,0.324325495,18.58248208,2.820192
MK Electro 011.jpg,MS,100.7846335,6.66,low,Electrofishing,81.1912,52.1156,80.1415,59.3583,7,-1.0497,7.2427,7.318372318,1.0497,0.143929957,8.246579084,2.820192
MK Electro 012.jpg,MS,95.04357762,6.66,low,Electrofishing,78.0422,53.9525,74.5783,60.1455,7,-3.4639,6.193,7.095903904,3.4639,0.509974353,29.21937808,2.820192
MK Electro 013.jpg,MS,63.70781332,6.66,low,Electrofishing,93.9971,55.422,91.3204,60.303,7,-2.6767,4.881,5.566766017,2.6767,0.501607611,28.73999907,2.820192
MK Electro 014.jpg,MS,84.79814128,6.66,low,Electrofishing,88.9062,54.2149,87.2267,60.5654,7,-1.6795,6.3505,6.568833268,1.6795,0.25854798,14.81370803,2.820192
MK Electro 015.jpg,MS,113.5871941,6.66,low,Electrofishing,84.6026,52.8504,81.4536,60.7753,7,-3.149,7.9249,8.527616373,3.149,0.378224275,21.67065469,2.820192
MK Electro2 001.jpg,MS,115.6332225,6.66,low,Electrofishing,81.4011,57.8363,77.6748,66.3385,7,-3.7263,8.5022,9.282926076,3.7263,0.41306058,23.66662792,2.820192
MK Electro2 002.jpg,MS,62.57345489,6.66,low,Electrofishing,94.4694,60.1455,92.2651,63.8718,7,-2.2043,3.7263,4.329463036,2.2043,0.534184535,30.60651933,2.820192
MK Electro2 003.jpg,MS,86.88037916,6.66,low,Electrofishing,82.9231,55.9469,81.4011,62.9271,7,-1.522,6.9802,7.144205767,1.522,0.214685109,12.30055066,2.820192
MK Electro2 004.jpg,MS,62.0471819,6.66,low,Electrofishing,99.6127,54.5298,99.2454,58.9384,7,-0.3673,4.4086,4.423874235,0.3673,0.08312246,4.762566128,2.820192
MK Electro2 005.jpg,MS,96.11885694,6.66,low,Electrofishing,74.8408,61.7725,73.1088,69.4875,7,-1.732,7.715,7.907025294,1.732,0.220836325,12.65298937,2.820192
MK Electro2 006.jpg,MS,120.0941608,6.66,low,Electrofishing,78.1997,53.2702,77.3599,62.7172,7,-0.8398,9.447,9.484253953,0.8398,0.088662883,5.080009021,2.820192
MK Electro2 007.jpg,MS,92.2312685,6.66,low,Electrofishing,80.9288,54.6348,78.0947,60.8803,7,-2.8341,6.2455,6.85845413,2.8341,0.425995185,24.4077262,2.820192
MK Electro2 008.jpg,MS,93.12597314,6.66,low,Electrofishing,79.8791,51.7482,76.8351,57.4689,7,-3.044,5.7207,6.480150036,3.044,0.488998743,28.01756414,2.820192
MK Electro2 009.jpg,MS,94.10304081,6.66,low,Electrofishing,81.6111,57.8363,79.4593,64.3442,7,-2.1518,6.5079,6.854415048,2.1518,0.31932847,18.29617359,2.820192
MK Electro2 010.jpg,MS,95.69890176,6.66,low,Electrofishing,85.1799,51.7482,82.5558,58.4661,7,-2.6241,6.7179,7.212217497,2.6241,0.372388155,21.33626962,2.820192
MK Electro2 011.jpg,MS,76.33498544,6.66,low,Electrofishing,83.1856,58.9384,81.2437,64.2917,7,-1.9419,5.3533,5.694628741,1.9419,0.347986353,19.93814938,2.820192
MK Electro2 012.jpg,MS,117.4096647,6.66,low,Electrofishing,81.4536,51.066,78.9869,59.3583,7,-2.4667,8.2923,8.651407295,2.4667,0.289132919,16.56609599,2.820192
MK Electro2 013.jpg,MS,118.9047208,6.66,low,Electrofishing,73.2138,56.3667,70.4322,64.8165,7,-2.7816,8.4498,8.895865253,2.7816,0.318018035,18.2210912,2.820192
MK Electro2 014.jpg,MS,85.38687291,6.66,low,Electrofishing,88.1714,57.7838,87.3842,63.1895,7,-0.7872,5.4057,5.462716937,0.7872,0.14460758,8.285404032,2.820192
MK Electro2 015.jpg,MS,83.04980353,6.66,low,Electrofishing,79.4068,57.259,76.5202,62.2448,7,-2.8866,4.9858,5.761133673,2.8866,0.524808422,30.06930761,2.820192
OB Electro 001.jpg,OB,116.6676069,11.12,high,Electrofishing,79.6167,50.961,76.7826,59.2533,4,-2.8341,8.2923,8.763239247,2.8341,0.329328627,18.86914042,2.992686
OB Electro 002.jpg,OB,103.7235114,11.12,high,Electrofishing,74.001,57.049,71.9017,64.1342,4,-2.0993,7.0852,7.389663019,2.0993,0.288053044,16.50422371,2.992686
OB Electro 003.jpg,OB,111.6966911,11.12,high,Electrofishing,80.8763,51.6433,75.8379,57.6263,4,-5.0384,5.983,7.82187724,5.0384,0.699901105,40.10137938,2.992686
OB Electro 004.jpg,OB,130.1266811,11.12,high,Electrofishing,76.2578,50.9085,70.7471,58.2561,4,-5.5107,7.3476,9.1845,5.5107,0.643501109,36.86989765,2.992686
OB Electro 005.jpg,OB,128.0435605,11.12,high,Electrofishing,73.4237,47.1297,70.957,55.632,4,-2.4667,8.5023,8.852892984,2.4667,0.28236949,16.17858002,2.992686
OB Electro 006.jpg,OB,111.6710235,11.12,high,Electrofishing,78.9869,52.1681,74.7883,58.676,4,-4.1986,6.5079,7.744740433,4.1986,0.572961243,32.82826104,2.992686
OB Electro 007.jpg,OB,89.92152952,11.12,high,Electrofishing,77.4124,54.9497,74.8932,61.0902,4,-2.5192,6.1405,6.637176274,2.5192,0.389319581,22.30636888,2.992686
OB Electro 008.jpg,OB,100.8548983,11.12,high,Electrofishing,77.8323,53.1653,74.1585,60.1455,4,-3.6738,6.9802,7.887965421,3.6738,0.48447911,27.75860826,2.992686
OB Electro 009.jpg,OB,102.3874211,11.12,high,Electrofishing,78.1997,52.1156,75.4181,58.9909,4,-2.7816,6.8753,7.416673692,2.7816,0.384447298,22.0272076,2.992686
OB Electro 010.jpg,OB,126.7502561,11.12,high,Electrofishing,81.0338,46.395,76.8351,54.6348,4,-4.1987,8.2398,9.247885473,4.1987,0.471268978,27.00172344,2.992686
OB Electro 011.jpg,OB,123.8294868,11.12,high,Electrofishing,73.0039,50.3312,67.0733,56.3667,4,-5.9306,6.0355,8.461635575,5.9306,0.776631956,44.49773332,2.992686
OB Electro 012.jpg,OB,116.04123,11.12,high,Electrofishing,72.0067,44.1907,69.33,52.0107,4,-2.6767,7.82,8.265417285,2.6767,0.329788887,18.89551133,2.992686
OB Electro 013.jpg,OB,126.9983059,11.12,high,Electrofishing,80.0366,44.5581,76.1004,53.7426,4,-3.9362,9.1845,9.992432671,3.9362,0.404890472,23.19851522,2.992686
OB Electro 014.jpg,OB,131.0228666,11.12,high,Electrofishing,79.1444,48.1794,74.4734,57.4689,4,-4.671,9.2895,10.3977426,4.671,0.46590567,26.69442852,2.992686
OB Electro 015.jpg,OB,81.13131535,11.12,high,Electrofishing,75.5755,60.303,74.1585,65.7087,4,-1.417,5.4057,5.588334411,1.417,0.256362819,14.68850754,2.992686
OB FN 001.jpg,OB,128.2675767,11.12,high,Fyke_Net,57.1015,60.0406,53.9525,68.7002,4,-3.149,8.6596,9.214384036,3.149,0.348776567,19.98342527,2.992686
OB FN 002.jpg,OB,121.4489053,11.12,high,Fyke_Net,76.4152,48.4943,74.9982,56.6816,4,-1.417,8.1873,8.309017408,1.417,0.171375249,9.819078508,2.992686
OB FN 003.jpg,OB,114.037297,11.12,high,Fyke_Net,77.7273,57.049,77.3599,65.6562,4,-0.3674,8.6072,8.615037702,0.3674,0.042659298,2.444197709,2.992686
OB FN 004.jpg,OB,154.6337845,11.12,high,Fyke_Net,62.1399,43.0885,61.0902,53.3752,4,-1.0497,10.2867,10.34011929,1.0497,0.101692386,5.826544529,2.992686
OB FN 005.jpg,OB,97.87197465,11.12,high,Fyke_Net,85.3898,58.0987,81.3487,63.5044,4,-4.0411,5.4057,6.74922823,4.0411,0.641939448,36.78042108,2.992686
OB FN 006.jpg,OB,116.7249376,11.12,high,Fyke_Net,81.0338,54.8972,77.7798,62.7172,4,-3.254,7.82,8.470000945,3.254,0.394318865,22.59280673,2.992686
OB FN 007.jpg,OB,128.8543742,11.12,high,Fyke_Net,76.8876,48.3893,73.5287,57.8363,4,-3.3589,9.447,10.02636615,3.3589,0.341612358,19.57294635,2.992686
OB FN 008.jpg,OB,124.4714192,11.12,high,Fyke_Net,60.3555,54.7923,57.7313,62.6122,4,-2.6242,7.8199,8.248470261,2.6242,0.323770955,18.55070925,2.992686
OB FN 009.jpg,OB,122.301711,11.12,high,Fyke_Net,66.391,63.0846,61.9824,70.1173,4,-4.4086,7.0327,8.300278504,4.4086,0.559944063,32.08243158,2.992686
OB FN 010.jpg,OB,115.0577832,11.12,high,Fyke_Net,65.3413,57.5214,61.8775,65.8137,4,-3.4638,8.2923,8.986665106,3.4638,0.395682184,22.67091915,2.992686
OB FN 011.jpg,OB,102.8716187,11.12,high,Fyke_Net,89.0637,53.5327,87.6991,60.5654,4,-1.3646,7.0327,7.163867841,1.3646,0.191654837,10.98101329,2.992686
OB FN 012.jpg,OB,157.0388789,11.12,high,Fyke_Net,70.1173,44.873,67.5456,54.6348,4,-2.5717,9.7618,10.094869,2.5717,0.257592455,14.75896052,2.992686
OB FN 013.jpg,OB,166.2396992,11.12,high,Fyke_Net,68.1754,46.8148,66.2335,56.5767,4,-1.9419,9.7619,9.953173726,1.9419,0.196363076,11.25077553,2.992686
OB FN 014.jpg,OB,119.4789085,11.12,high,Fyke_Net,58.7285,61.0902,56.5242,70.0648,4,-2.2043,8.9746,9.241341009,2.2043,0.240847746,13.79955934,2.992686
OB FN 015.jpg,OB,95.79542874,11.12,high,Fyke_Net,74.7883,54.4249,72.0592,60.7228,4,-2.7291,6.2979,6.863784031,2.7291,0.408909166,23.4287694,2.992686
PP FN 001.jpg,PS,118.8231006,6.49,low,Fyke_Net,76.2578,50.3312,72.8464,57.6788,7,-3.4114,7.3476,8.100918202,3.4114,0.434671815,24.90486045,2.888435
PP FN 002.jpg,PS,101.3643072,6.49,low,Fyke_Net,80.2465,51.5383,77.045,58.571,7,-3.2015,7.0327,7.727125697,3.2015,0.427195144,24.47647879,2.888435
PP FN 003.jpg,PS,102.3143643,6.49,low,Fyke_Net,78.777,52.3256,76.3103,59.6207,7,-2.4667,7.2951,7.700850141,2.4667,0.326062289,18.68199299,2.888435
PP FN 004.jpg,PS,103.6766987,6.49,low,Fyke_Net,78.6195,54.5298,75.523,61.1427,7,-3.0965,6.6129,7.301969506,3.0965,0.437927741,25.09141127,2.888435
PP FN 005.jpg,PS,94.6842543,6.49,low,Fyke_Net,74.001,56.2618,71.2719,62.1399,7,-2.7291,5.8781,6.48074428,2.7291,0.434667716,24.90462562,2.888435
PP FN 006.jpg,PS,83.92905952,6.49,low,Fyke_Net,78.1997,56.9965,76.6252,62.6647,7,-1.5745,5.6682,5.882817479,1.5745,0.27094685,15.524111,2.888435
PP FN 007.jpg,PS,127.0274241,6.49,low,Fyke_Net,79.7742,50.961,73.3188,57.7313,7,-6.4554,6.7703,9.354632609,6.4554,0.761592957,43.63606216,2.888435
PP FN 008.jpg,PS,106.9844171,6.49,low,Fyke_Net,78.5671,55.0022,77.5174,62.8222,7,-1.0497,7.82,7.89013752,1.0497,0.133435121,7.645269278,2.888435
PP FN 009.jpg,PS,88.27353476,6.49,low,Fyke_Net,77.5174,55.4745,75.1557,61.615,7,-2.3617,6.1405,6.579009587,2.3617,0.367169469,21.03726092,2.888435
PP FN 010.jpg,PS,106.0818056,6.49,low,Fyke_Net,86.597,51.066,83.8154,58.8859,7,-2.7816,7.8199,8.299887624,2.7816,0.341750707,19.58087317,2.888435
PP FN 011.jpg,PS,83.116173,6.49,low,Fyke_Net,84.9175,63.347,82.9231,69.2251,7,-1.9944,5.8781,6.207228928,1.9944,0.327104908,18.74173067,2.888435
PP FN 012.jpg,PS,113.5908441,6.49,low,Fyke_Net,76.8351,55.422,73.1088,62.9271,7,-3.7263,7.5051,8.379250426,3.7263,0.460845599,26.40450782,2.888435
PP FN 013.jpg,PS,122.847765,6.49,low,Fyke_Net,75.4181,51.066,73.1088,59.6207,7,-2.3093,8.5547,8.860911837,2.3093,0.263660735,15.10664735,2.888435
PP FN 014.jpg,PS,127.6201004,6.49,low,Fyke_Net,67.4931,47.8645,65.5513,57.7313,7,-1.9418,9.8668,10.05605934,1.9418,0.194318094,11.13360669,2.888435
PP FN 015.jpg,PS,98.38083242,6.49,low,Fyke_Net,74.6833,53.9525,72.5315,60.9328,7,-2.1518,6.9803,7.304439152,2.1518,0.299024341,17.13283271,2.888435
PP FN 016.jpg,PS,86.62475502,6.49,low,Fyke_Net,72.0592,56.7866,70.7471,62.4548,7,-1.3121,5.6682,5.818083675,1.3121,0.227477771,13.03351623,2.888435
PP FN 017.jpg,PS,101.1561223,6.49,low,Fyke_Net,76.7826,57.8363,75.9954,65.4463,7,-0.7872,7.61,7.650606763,0.7872,0.103076229,5.905832867,2.888435
PP FN 018.jpg,PS,109.2073808,6.49,low,Fyke_Net,76.9926,54.0575,75.9429,62.1924,7,-1.0497,8.1349,8.20234528,1.0497,0.128327518,7.352625187,2.888435
PP FN 019.jpg,PS,108.3220758,6.49,low,Fyke_Net,80.9288,54.2149,78.9869,61.0902,7,-1.9419,6.8753,7.144279229,1.9419,0.275275302,15.77211302,2.888435
PP FN 020.jpg,PS,111.9645266,6.49,low,Fyke_Net,76.8876,53.7951,74.7883,62.0349,7,-2.0993,8.2398,8.503020906,2.0993,0.249468272,14.29347909,2.888435
PP FN 021.jpg,PS,82.89985418,6.49,low,Fyke_Net,73.4237,58.7285,71.0095,63.8718,7,-2.4142,5.1433,5.681715985,2.4142,0.438858974,25.144767,2.888435
PP FN 022.jpg,PS,83.40081368,6.49,low,Fyke_Net,80.6664,56.9965,77.4649,62.4023,7,-3.2015,5.4058,6.282696546,3.2015,0.534689835,30.63547088,2.888435
PP FN 023.jpg,PS,77.99696154,6.49,low,Fyke_Net,78.8295,56.5242,77.7798,61.4051,7,-1.0497,4.8809,4.992499865,1.0497,0.211836181,12.13731909,2.888435
PP FN 024.jpg,PS,100.7206386,6.49,low,Fyke_Net,76.0479,51.066,74.6308,58.6235,7,-1.4171,7.5575,7.689211836,1.4171,0.185356738,10.62015879,2.888435
PP FN 025.jpg,PS,100.2117955,6.49,low,Fyke_Net,80.0366,51.9582,76.7301,59.2008,7,-3.3065,7.2426,7.961670491,3.3065,0.428275082,24.53835467,2.888435
PP FN 026.jpg,PS,104.1495081,6.49,low,Fyke_Net,74.3684,53.0603,71.4818,59.7257,7,-2.8866,6.6654,7.26360907,2.8866,0.408688028,23.41609915,2.888435
PP FN 027.jpg,PS,98.11543067,6.49,low,Fyke_Net,74.4734,52.7454,73.0039,60.093,7,-1.4695,7.3476,7.493107233,1.4695,0.197392943,11.30978251,2.888435
PP FN 028.jpg,PS,93.08063624,6.49,low,Fyke_Net,81.2962,57.4164,78.1997,63.5569,7,-3.0965,6.1405,6.877067144,3.0965,0.467061675,26.76066274,2.888435
PP FN 029.jpg,PS,77.38629304,6.49,low,Fyke_Net,81.6635,61.4576,78.672,66.0761,7,-2.9915,4.6185,5.502691569,2.9915,0.574771529,32.93198277,2.888435
PP FN 030.jpg,PS,83.4660413,6.49,low,Fyke_Net,78.8295,55.6845,76.8876,61.4576,7,-1.9419,5.7731,6.090948959,1.9419,0.324481426,18.59141626,2.888435
RB FN4 001.jpg,RS,148.7570591,18.9,high,Fyke_Net,74.4209,53.7951,70.6946,62.2973,4,-3.7263,8.5022,9.282926076,3.7263,0.41306058,23.66662792,3.182349
RB FN4 002.jpg,RS,142.7925342,18.9,high,Fyke_Net,65.8137,52.1156,62.9271,61.0902,4,-2.8866,8.9746,9.427401801,2.8866,0.311190874,17.8299237,3.182349
RB FN4(2) 001.jpg,RS,151.5914296,18.9,high,Fyke_Net,70.0123,50.5936,66.1811,60.0406,4,-3.8312,9.447,10.19430735,3.8312,0.38527888,22.07485377,3.182349
RB FN4(2) 002.jpg,RS,143.0177323,18.9,high,Fyke_Net,69.2251,49.8064,64.764,58.4136,4,-4.4611,8.6072,9.694601851,4.4611,0.478179123,27.39764559,3.182349
RB FN4(2) 003.jpg,RS,157.8824902,18.9,high,Fyke_Net,76.8876,49.8064,71.6393,58.8859,4,-5.2483,9.0795,10.48722905,5.2483,0.524114749,30.02956307,3.182349
RB FN4(2) 004.jpg,RS,148.6455254,18.9,high,Fyke_Net,68.8577,48.1794,67.4407,57.259,4,-1.417,9.0796,9.189506252,1.417,0.15481531,8.870263864,3.182349
RB FN4(2) 005.jpg,RS,133.3702422,18.9,high,Fyke_Net,77.255,54.8972,71.5343,61.6675,4,-5.7207,6.7703,8.863598061,5.7207,0.701566598,40.19680514,3.182349
RB FN4(2) 006.jpg,RS,132.9517742,18.9,high,Fyke_Net,70.957,51.066,66.1286,58.9909,4,-4.8284,7.9249,9.279950785,4.8284,0.547207458,31.35267786,3.182349
RB FN4(2) 007.jpg,RS,138.1817653,18.9,high,Fyke_Net,76.6252,53.6901,73.0039,62.5073,4,-3.6213,8.8172,9.531884889,3.6213,0.389703719,22.32837837,3.182349
RB FN4(2) 008.jpg,RS,150.8954409,18.9,high,Fyke_Net,74.9982,53.7426,67.913,60.4079,4,-7.0852,6.6653,9.727604182,7.0852,0.815925748,46.74910176,3.182349
RB FN4(2) 009.jpg,RS,150.535847,18.9,high,Fyke_Net,72.2691,50.5936,68.3853,58.8859,4,-3.8838,8.2923,9.156753886,3.8838,0.438018585,25.09661628,3.182349
RB FN4(2) 010.jpg,RS,142.7099565,18.9,high,Fyke_Net,71.9542,49.544,67.808,57.9937,4,-4.1462,8.4497,9.412141336,4.1462,0.456173502,26.13681638,3.182349
RB FN4(2) 011.jpg,RS,138.8286166,18.9,high,Fyke_Net,69.1726,51.4858,65.3413,60.198,4,-3.8313,8.7122,9.517420267,3.8313,0.41430799,23.73809923,3.182349
RB FN4(2) 012.jpg,RS,149.4712241,18.9,high,Fyke_Net,67.808,54.005,61.8775,61.2477,4,-5.9305,7.2427,9.360957939,5.9305,0.686114345,39.31145625,3.182349
RB FN4(2) 013.jpg,RS,126.5968291,18.9,high,Fyke_Net,73.7911,56.6816,70.6946,64.3442,4,-3.0965,7.6626,8.26460834,3.0965,0.384040717,22.00391226,3.182349
RB FN5 001.jpg,RS,130.1148521,18.9,high,Fyke_Net,74.6833,50.5411,72.584,58.571,4,-2.0993,8.0299,8.299780389,2.0993,0.255712085,14.65122325,3.182349
RB FN5 002.jpg,RS,124.2956902,18.9,high,Fyke_Net,81.2437,51.066,78.1997,59.1483,4,-3.044,8.0823,8.636521828,3.044,0.360194974,20.6376518,3.182349
RB FN5 003.jpg,RS,144.8468756,18.9,high,Fyke_Net,77.7273,55.1596,72.1116,62.6122,4,-5.6157,7.4526,9.33152363,5.6157,0.645751547,36.99883826,3.182349
RB FN5 004.jpg,RS,133.2983506,18.9,high,Fyke_Net,80.7189,57.1015,75.523,65.3938,4,-5.1959,8.2923,9.785684243,5.1959,0.559744272,32.07098437,3.182349
RB FN5 005.jpg,RS,134.6673418,18.9,high,Fyke_Net,69.4875,54.8972,63.8718,61.2477,4,-5.6157,6.3505,8.477318959,5.6157,0.724068877,41.48609073,3.182349
RB FN5 006.jpg,RS,146.7329777,18.9,high,Fyke_Net,76.7826,56.8916,72.1116,64.7115,4,-4.671,7.8199,9.108736301,4.671,0.538448215,30.85081023,3.182349
RB FN5 007.jpg,RS,129.1920234,18.9,high,Fyke_Net,70.1173,50.7511,66.1286,58.8859,4,-3.9887,8.1348,9.060060636,3.9887,0.45587811,26.1198917,3.182349
RB FN5 008.jpg,RS,122.2425675,18.9,high,Fyke_Net,65.7612,53.5851,63.5569,61.1952,4,-2.2043,7.6101,7.922913637,2.2043,0.28193873,16.15389932,3.182349
RB FN5 009.jpg,RS,136.9153616,18.9,high,Fyke_Net,75.8904,54.2674,70.9045,61.7725,4,-4.9859,7.5051,9.010312138,4.9859,0.586386579,33.59747613,3.182349
RB FN5 010.jpg,RS,120.5601628,18.9,high,Fyke_Net,79.9841,54.7398,75.4181,62.3498,4,-4.566,7.61,8.874708784,4.566,0.5404195,30.96375653,3.182349
RB FN5 011.jpg,RS,132.4598226,18.9,high,Fyke_Net,71.8492,52.8504,68.4378,61.2477,4,-3.4114,8.3973,9.063790446,3.4114,0.38588235,22.10943004,3.182349
RB FN5 012.jpg,RS,135.7120322,18.9,high,Fyke_Net,73.3188,56.5767,71.6393,65.8137,4,-1.6795,9.237,9.388444453,1.6795,0.179858263,10.30511939,3.182349
RB FN5 013.jpg,RS,115.4139059,18.9,high,Fyke_Net,73.4762,54.7398,69.6974,60.5654,4,-3.7788,5.8256,6.943842222,3.7788,0.575428569,32.96962842,3.182349
RB FN8 001.jpg,RS,133.8743025,18.9,high,Fyke_Net,76.2053,53.8476,73.2138,61.1952,4,-2.9915,7.3476,7.93324007,2.9915,0.386646138,22.15319184,3.182349
RB FN8 002.jpg,RS,137.9861191,18.9,high,Fyke_Net,70.8521,54.6348,68.3329,63.242,4,-2.5192,8.6072,8.968291949,2.5192,0.284732527,16.31397206,3.182349
SQ FN 003.jpg,SQ,114.5249106,23.85,high,Fyke_Net,82.8182,48.1794,80.9288,55.3696,7,-1.8894,7.1902,7.434299456,1.8894,0.25696496,14.72300771,2.773659
SQ FN 004.jpg,SQ,117.0667558,23.85,high,Fyke_Net,80.7189,53.7951,78.4096,61.4576,7,-2.3093,7.6625,8.002922762,2.3093,0.292719467,16.77159004,2.773659
SQ FN 005.jpg,SQ,111.6681701,23.85,high,Fyke_Net,69.3825,49.3865,68.8577,56.4192,7,-0.5248,7.0327,7.052253848,0.5248,0.07448478,4.267663544,2.773659
SQ FN 006.jpg,SQ,116.4303168,23.85,high,Fyke_Net,83.0281,51.1184,78.7245,56.7341,7,-4.3036,5.6157,7.075101374,4.3036,0.653884185,37.46480412,2.773659
SQ FN 007.jpg,SQ,103.220235,23.85,high,Fyke_Net,79.4593,54.7923,77.255,61.5626,7,-2.2043,6.7703,7.120105377,2.2043,0.314759835,18.03441013,2.773659
SQ FN 008.jpg,SQ,123.5080165,23.85,high,Fyke_Net,83.9728,52.588,82.5558,60.4604,7,-1.417,7.8724,7.998910598,1.417,0.178089001,10.20374813,2.773659
SQ FN 009.jpg,SQ,111.4629041,23.85,high,Fyke_Net,73.8436,53.5851,72.3741,60.8278,7,-1.4695,7.2427,7.3902729,1.4695,0.200176648,11.46927706,2.773659
SQ FN 010.jpg,SQ,113.7236655,23.85,high,Fyke_Net,81.2962,51.8532,79.3543,59.1483,7,-1.9419,7.2951,7.549136349,1.9419,0.260159537,14.90604345,2.773659
SQ FN 011.jpg,SQ,128.7681901,23.85,high,Fyke_Net,79.4593,46.8148,77.045,55.422,7,-2.4143,8.6072,8.939392392,2.4143,0.273470182,15.66868723,2.773659
SQ FN 012.jpg,SQ,116.9833853,23.85,high,Fyke_Net,83.343,53.0603,79.6167,60.0406,7,-3.7263,6.9803,7.91264177,3.7263,0.490344644,28.0946786,2.773659
SQ FN 013.jpg,SQ,117.4404489,23.85,high,Fyke_Net,79.0394,50.7511,74.5783,57.5214,7,-4.4611,6.7703,8.107920529,4.4611,0.582621769,33.3817684,2.773659
SQ FN 014.jpg,SQ,122.6193436,23.85,high,Fyke_Net,86.597,52.4305,81.0338,59.7257,7,-5.5632,7.2952,9.174373945,5.5632,0.6515061,37.32854987,2.773659
SQ FN 015.jpg,SQ,112.5289336,23.85,high,Fyke_Net,78.0947,58.1512,76.8351,65.3938,7,-1.2596,7.2426,7.351315999,1.2596,0.172193145,9.865940486,2.773659
SQ FN 016.jpg,SQ,109.1208761,23.85,high,Fyke_Net,76.2053,56.4192,76.1004,62.6647,7,-0.1049,6.2455,6.246380893,0.1049,0.016794514,0.962254772,2.773659
SQ FN 017.jpg,SQ,111.9440274,23.85,high,Fyke_Net,77.5174,51.4333,74.7883,59.3583,7,-2.7291,7.925,8.381742767,2.7291,0.331646813,19.00196269,2.773659
SQ FN 018.jpg,SQ,111.4147778,23.85,high,Fyke_Net,82.0309,57.5214,79.0394,65.4988,7,-2.9915,7.9774,8.519858157,2.9915,0.358767923,20.5558878,2.773659
SQ FN 019.jpg,SQ,89.77221423,23.85,high,Fyke_Net,83.9203,55.8419,82.8182,61.3526,7,-1.1021,5.5107,5.619825522,1.1021,0.19738858,11.30953258,2.773659
SQ FN 020.jpg,SQ,112.1601152,23.85,high,Fyke_Net,84.97,54.8972,82.1359,62.0874,7,-2.8341,7.1902,7.728589706,2.8341,0.375463074,21.51244953,2.773659
SQ FN 021.jpg,SQ,94.43836019,23.85,high,Fyke_Net,80.2465,59.0434,78.672,65.2889,7,-1.5745,6.2455,6.440909912,1.5745,0.246955578,14.14951233,2.773659
SQ FN 022.jpg,SQ,102.9484822,23.85,high,Fyke_Net,78.3046,55.0022,76.4677,61.3001,7,-1.8369,6.2979,6.560316,1.8369,0.283795938,16.26030951,2.773659
SQ FN 023.jpg,SQ,111.6282468,23.85,high,Fyke_Net,80.9288,52.3256,78.6195,58.781,7,-2.3093,6.4554,6.856023312,2.3093,0.343545908,19.68373058,2.773659
SQ FN 024.jpg,SQ,103.494326,23.85,high,Fyke_Net,77.045,52.0107,75.1557,58.4136,7,-1.8893,6.4029,6.675820766,1.8893,0.286927212,16.43971829,2.773659
SQ FN1 001.jpg,SQ,176.6602492,23.85,high,Fyke_Net,67.7556,40.6743,61.5101,50.1213,7,-6.2455,9.447,11.32484345,6.2455,0.584145354,33.4690634,2.773659
SQ FN1 002.jpg,SQ,180.1553387,23.85,high,Fyke_Net,72.0067,47.3397,66.9158,57.4689,7,-5.0909,10.1292,11.336576,5.0909,0.465722614,26.68394021,2.773659
SQ FN9 025.jpg,SQ,83.07960052,23.85,high,Fyke_Net,92.6325,58.2561,90.953,63.4519,7,-1.6795,5.1958,5.460499784,1.6795,0.312640891,17.91300355,2.773659
SQ FN9 026.jpg,SQ,80.97508614,23.85,high,Fyke_Net,74.5861,55.6404,72.2428,59.6788,7,-2.3433,4.0384,4.669018039,2.3433,0.525774252,30.12464559,2.773659
SQ FN9 027.jpg,SQ,80.1759577,23.85,high,Fyke_Net,86.3345,57.5214,84.2352,62.7697,7,-2.0993,5.2483,5.652584664,2.0993,0.380503092,21.80122126,2.773659
SQ FN9 028.jpg,SQ,76.44151409,23.85,high,Fyke_Net,82.1359,59.3058,79.1968,63.7144,7,-2.9391,4.4086,5.298496274,2.9391,0.588007838,33.69036744,2.773659
TW Electro 001.jpg,TO,105.8583886,5.29,low,Electrofishing,78.1472,51.5908,76.4152,58.0987,7,-1.732,6.5079,6.734432894,1.732,0.260108832,14.90313826,2.998975
TW Electro 002.jpg,TO,109.1422965,5.29,low,Electrofishing,85.1799,50.7511,81.1912,57.3114,7,-3.9887,6.5603,7.677712145,3.9887,0.546285282,31.29984109,2.998975
TW Electro 003.jpg,TO,79.01248302,5.29,low,Electrofishing,84.1827,60.093,82.0309,65.0264,7,-2.1518,4.9334,5.382255921,2.1518,0.411293385,23.56537511,2.998975
TW Electro 004.jpg,TO,97.96092252,5.29,low,Electrofishing,81.2962,57.049,79.0919,63.0321,7,-2.2043,5.9831,6.376239025,2.2043,0.352990388,20.22485943,2.998975
TW Electro 005.jpg,TO,78.1372203,5.29,low,Electrofishing,78.672,60.7228,76.2578,65.3938,7,-2.4142,4.671,5.258003674,2.4142,0.477035489,27.3321202,2.998975
TW Electro 006.jpg,TO,92.12084711,5.29,low,Electrofishing,82.0834,61.8775,78.9869,67.2832,7,-3.0965,5.4057,6.229759605,3.0965,0.520195373,29.80499941,2.998975
TW Electro 007.jpg,TO,96.82605557,5.29,low,Electrofishing,81.0338,54.0575,78.7245,60.3555,7,-2.3093,6.298,6.708030299,2.3093,0.351449459,20.13657074,2.998975
TW Electro 008.jpg,TO,112.2383833,5.29,low,Electrofishing,75.8379,56.8391,73.5812,64.0817,7,-2.2567,7.2426,7.586036491,2.2567,0.302052879,17.30635517,2.998975
TW Electro 009.jpg,TO,86.61551488,5.29,low,Electrofishing,89.7459,53.3752,85.4423,58.4136,7,-4.3036,5.0384,6.626194045,4.3036,0.706904236,40.50262922,2.998975
TW Electro 010.jpg,TO,81.94910231,5.29,low,Electrofishing,90.953,55.2646,89.9034,59.9881,7,-1.0496,4.7235,4.838709788,1.0496,0.218655496,12.5280371,2.998975
TW Electro 011.jpg,TO,78.62370612,5.29,low,Electrofishing,85.7047,56.2093,83.0806,60.9328,7,-2.6241,4.7235,5.40345751,2.6241,0.507087719,29.05398615,2.998975
TW Electro 012.jpg,TO,103.4501705,5.29,low,Electrofishing,89.1686,59.9881,85.8622,66.7059,7,-3.3064,6.7178,7.487397265,3.3064,0.457376039,26.20571669,2.998975
TW Electro 013.jpg,TO,86.31660117,5.29,low,Electrofishing,80.9813,59.7257,79.4593,65.2364,7,-1.522,5.5107,5.717018322,1.522,0.269472168,15.43961793,2.998975
TW Electro 014.jpg,TO,86.43957002,5.29,low,Electrofishing,77.7273,58.571,74.8408,63.5569,7,-2.8865,4.9859,5.761170112,2.8865,0.524784703,30.06794864,2.998975
TW Electro 015.jpg,TO,69.31716995,5.29,low,Electrofishing,98.878,56.4717,97.146,61.0902,7,-1.732,4.6185,4.932582108,1.732,0.358782534,20.55672498,2.998975
TW FN 001.jpg,TO,156.140596,5.29,low,Fyke_Net,64.864,38.1406,60.0278,48.0123,7,-4.8362,9.8717,10.99269263,4.8362,0.455539437,26.10048712,2.998975
TW FN 002.jpg,TO,136.9065033,5.29,low,Fyke_Net,68.6478,54.005,66.5484,62.4023,7,-2.0994,8.3973,8.655756908,2.0994,0.244987069,14.0367251,2.998975
TW FN 003.jpg,TO,156.4533619,5.29,low,Fyke_Net,68.1754,43.6134,64.6591,54.6873,7,-3.5163,11.0739,11.61876185,3.5163,0.307461147,17.61622606,2.998975
TW FN 004.jpg,TO,115.9521336,5.29,low,Fyke_Net,75.523,60.1455,74.2634,67.913,7,-1.2596,7.7675,7.86896743,1.2596,0.160763419,9.211065391,2.998975
TW FN 005.jpg,TO,135.2052039,5.29,low,Fyke_Net,74.6833,48.9142,70.1173,56.4717,7,-4.566,7.5575,8.82973172,4.566,0.543478604,31.13903029,2.998975
TW FN 006.jpg,TO,167.2713911,5.29,low,Fyke_Net,69.8549,46.4475,68.1754,57.7313,7,-1.6795,11.2838,11.40810513,1.6795,0.147756946,8.465849402,2.998975
TW FN 007.jpg,TO,152.2662972,5.29,low,Fyke_Net,67.4407,47.2347,65.0264,57.154,7,-2.4143,9.9193,10.20888618,2.4143,0.238751833,13.67947239,2.998975
TW FN 008.jpg,TO,137.581538,5.29,low,Fyke_Net,67.2832,53.6901,64.5016,62.0874,7,-2.7816,8.3973,8.846012992,2.7816,0.31987378,18.32741759,2.998975
TW FN 009.jpg,TO,109.1552946,5.29,low,Fyke_Net,78.1997,54.5823,76.5727,60.4604,7,-1.627,5.8781,6.099113756,1.627,0.270029708,15.47156259,2.998975
TW FN 010.jpg,TO,106.8788495,5.29,low,Fyke_Net,85.0749,49.1241,82.7657,55.527,7,-2.3092,6.4029,6.806580129,2.3092,0.346130073,19.83179234,2.998975
TW FN 011.jpg,TO,152.2219299,5.29,low,Fyke_Net,73.0563,53.0603,70.7471,62.2973,7,-2.3092,9.237,9.521269539,2.3092,0.244973569,14.03595157,2.998975
TW FN 012.jpg,TO,81.69644656,5.29,low,Fyke_Net,93.1048,63.5044,90.953,68.1229,7,-2.1518,4.6185,5.095172764,2.1518,0.43600468,24.98122802,2.998975
TW FN 013.jpg,TO,163.9622752,5.29,low,Fyke_Net,66.2335,42.9836,61.615,53.1128,7,-4.6185,10.1292,11.13244065,4.6185,0.427798377,24.51104149,2.998975
TW FN 014.jpg,TO,136.1947981,5.29,low,Fyke_Net,68.7527,48.4943,64.2917,56.7866,7,-4.461,8.2923,9.416090499,4.461,0.493559428,28.27887219,2.998975
TW FN 015.jpg,TO,80.21638579,5.29,low,Fyke_Net,94.207,71.9542,92.3701,76.7826,7,-1.8369,4.8284,5.166008921,1.8369,0.36352845,20.82864593,2.998975
